,Study ID,Sample ID,Patient ID,Altered,BAP1,BAP1: MUT,BAP1: AMP,BAP1: HOMDEL,BAP1: FUSION
0,meso_tcga_pan_can_atlas_2018,TCGA-3H-AB3K-01,TCGA-3H-AB3K,1,I47Lfs*21 (driver),I47Lfs*21 (driver),no alteration,no alteration,no alteration
1,meso_tcga_pan_can_atlas_2018,TCGA-3H-AB3S-01,TCGA-3H-AB3S,1,HOMDEL (driver),no alteration,HOMDEL (driver),HOMDEL (driver),no alteration
2,meso_tcga_pan_can_atlas_2018,TCGA-3H-AB3T-01,TCGA-3H-AB3T,1,E284* (driver),E284* (driver),no alteration,no alteration,no alteration
3,meso_tcga_pan_can_atlas_2018,TCGA-3H-AB3U-01,TCGA-3H-AB3U,1,Y418Wfs*9 (driver),Y418Wfs*9 (driver),no alteration,no alteration,no alteration
4,meso_tcga_pan_can_atlas_2018,TCGA-3U-A98E-01,TCGA-3U-A98E,1,HOMDEL (driver),no alteration,HOMDEL (driver),HOMDEL (driver),no alteration
5,meso_tcga_pan_can_atlas_2018,TCGA-3U-A98H-01,TCGA-3U-A98H,1,H169Tfs*18 (driver),H169Tfs*18 (driver),no alteration,no alteration,no alteration
6,meso_tcga_pan_can_atlas_2018,TCGA-LK-A4NW-01,TCGA-LK-A4NW,1,E182K,E182K,no alteration,no alteration,no alteration
7,meso_tcga_pan_can_atlas_2018,TCGA-LK-A4O2-01,TCGA-LK-A4O2,1,Q392* (driver),Q392* (driver),no alteration,no alteration,no alteration
8,meso_tcga_pan_can_atlas_2018,TCGA-LK-A4O5-01,TCGA-LK-A4O5,1,ACY1-BAP1 fusion,no alteration,no alteration,no alteration,ACY1-BAP1 fusion
9,meso_tcga_pan_can_atlas_2018,TCGA-LK-A4O7-01,TCGA-LK-A4O7,1,Q456* (driver),Q456* (driver),no alteration,no alteration,no alteration
10,meso_tcga_pan_can_atlas_2018,TCGA-MQ-A4KX-01,TCGA-MQ-A4KX,1,C91G (driver),C91G (driver),no alteration,no alteration,no alteration
11,meso_tcga_pan_can_atlas_2018,TCGA-MQ-A4LC-01,TCGA-MQ-A4LC,1,BAP1-TCEA3 fusion,no alteration,no alteration,no alteration,BAP1-TCEA3 fusion
12,meso_tcga_pan_can_atlas_2018,TCGA-MQ-A4LM-01,TCGA-MQ-A4LM,1,HOMDEL (driver),no alteration,HOMDEL (driver),HOMDEL (driver),no alteration
13,meso_tcga_pan_can_atlas_2018,TCGA-MQ-A4LV-01,TCGA-MQ-A4LV,1,S10R,S10R,no alteration,no alteration,no alteration
14,meso_tcga_pan_can_atlas_2018,TCGA-SC-A6LM-01,TCGA-SC-A6LM,1,HOMDEL (driver),no alteration,HOMDEL (driver),HOMDEL (driver),no alteration
15,meso_tcga_pan_can_atlas_2018,TCGA-SC-A6LQ-01,TCGA-SC-A6LQ,1,HOMDEL (driver),no alteration,HOMDEL (driver),HOMDEL (driver),no alteration
16,meso_tcga_pan_can_atlas_2018,TCGA-SH-A7BD-01,TCGA-SH-A7BD,1,BAP1-RILP fusion,no alteration,no alteration,no alteration,BAP1-RILP fusion
17,meso_tcga_pan_can_atlas_2018,TCGA-TS-A7OU-01,TCGA-TS-A7OU,1,HOMDEL (driver),no alteration,HOMDEL (driver),HOMDEL (driver),no alteration
18,meso_tcga_pan_can_atlas_2018,TCGA-TS-A7OZ-01,TCGA-TS-A7OZ,1,K651del,K651del,no alteration,no alteration,no alteration
19,meso_tcga_pan_can_atlas_2018,TCGA-TS-A7P1-01,TCGA-TS-A7P1,1,A644Efs*11 (driver),A644Efs*11 (driver),no alteration,no alteration,no alteration
20,meso_tcga_pan_can_atlas_2018,TCGA-TS-A7PB-01,TCGA-TS-A7PB,1,HOMDEL (driver),no alteration,HOMDEL (driver),HOMDEL (driver),no alteration
21,meso_tcga_pan_can_atlas_2018,TCGA-UD-AABZ-01,TCGA-UD-AABZ,1,HOMDEL (driver),no alteration,HOMDEL (driver),HOMDEL (driver),no alteration
22,meso_tcga_pan_can_atlas_2018,TCGA-UD-AAC4-01,TCGA-UD-AAC4,1,X220_splice (driver),X220_splice (driver),no alteration,no alteration,no alteration
23,meso_tcga_pan_can_atlas_2018,TCGA-UD-AAC5-01,TCGA-UD-AAC5,1,HOMDEL (driver),no alteration,HOMDEL (driver),HOMDEL (driver),no alteration
24,meso_tcga_pan_can_atlas_2018,TCGA-UT-A88C-01,TCGA-UT-A88C,1,Q280* (driver),Q280* (driver),no alteration,no alteration,no alteration
25,meso_tcga_pan_can_atlas_2018,TCGA-UT-A88D-01,TCGA-UT-A88D,1,N251Tfs*6 (driver),N251Tfs*6 (driver),no alteration,no alteration,no alteration
26,meso_tcga_pan_can_atlas_2018,TCGA-XT-AASU-01,TCGA-XT-AASU,1,N645Kfs*3 (driver),N645Kfs*3 (driver),no alteration,no alteration,no alteration
27,meso_tcga_pan_can_atlas_2018,TCGA-YS-A95C-01,TCGA-YS-A95C,1,"W5G, I210del","W5G, I210del",no alteration,no alteration,no alteration
28,meso_tcga_pan_can_atlas_2018,TCGA-ZN-A9VU-01,TCGA-ZN-A9VU,1,*730* (driver),*730* (driver),no alteration,no alteration,no alteration
29,meso_tcga_pan_can_atlas_2018,TCGA-ZN-A9VV-01,TCGA-ZN-A9VV,1,P293Gfs*35 (driver),P293Gfs*35 (driver),no alteration,no alteration,no alteration
30,meso_tcga_pan_can_atlas_2018,TCGA-ZN-A9VW-01,TCGA-ZN-A9VW,1,HOMDEL (driver),no alteration,HOMDEL (driver),HOMDEL (driver),no alteration
31,meso_tcga_pan_can_atlas_2018,TCGA-3H-AB3L-01,TCGA-3H-AB3L,0,no alteration,no alteration,no alteration,no alteration,no alteration
32,meso_tcga_pan_can_atlas_2018,TCGA-3H-AB3M-01,TCGA-3H-AB3M,0,no alteration,no alteration,no alteration,no alteration,no alteration
33,meso_tcga_pan_can_atlas_2018,TCGA-3H-AB3O-01,TCGA-3H-AB3O,0,no alteration,no alteration,no alteration,no alteration,no alteration
34,meso_tcga_pan_can_atlas_2018,TCGA-3H-AB3X-01,TCGA-3H-AB3X,0,no alteration,no alteration,no alteration,no alteration,no alteration
35,meso_tcga_pan_can_atlas_2018,TCGA-3U-A98D-01,TCGA-3U-A98D,0,no alteration,no alteration,no alteration,no alteration,no alteration
36,meso_tcga_pan_can_atlas_2018,TCGA-3U-A98F-01,TCGA-3U-A98F,0,no alteration,no alteration,no alteration,no alteration,no alteration
37,meso_tcga_pan_can_atlas_2018,TCGA-3U-A98G-01,TCGA-3U-A98G,0,no alteration,no alteration,no alteration,no alteration,no alteration
38,meso_tcga_pan_can_atlas_2018,TCGA-3U-A98I-01,TCGA-3U-A98I,0,no alteration,no alteration,no alteration,no alteration,no alteration
39,meso_tcga_pan_can_atlas_2018,TCGA-3U-A98J-01,TCGA-3U-A98J,0,no alteration,no alteration,no alteration,no alteration,no alteration
40,meso_tcga_pan_can_atlas_2018,TCGA-LK-A4NY-01,TCGA-LK-A4NY,0,no alteration,no alteration,no alteration,no alteration,no alteration
41,meso_tcga_pan_can_atlas_2018,TCGA-LK-A4NZ-01,TCGA-LK-A4NZ,0,no alteration,no alteration,no alteration,no alteration,no alteration
42,meso_tcga_pan_can_atlas_2018,TCGA-LK-A4O0-01,TCGA-LK-A4O0,0,no alteration,no alteration,no alteration,no alteration,no alteration
43,meso_tcga_pan_can_atlas_2018,TCGA-LK-A4O4-01,TCGA-LK-A4O4,0,no alteration,no alteration,no alteration,no alteration,no alteration
44,meso_tcga_pan_can_atlas_2018,TCGA-LK-A4O6-01,TCGA-LK-A4O6,0,no alteration,no alteration,no alteration,no alteration,no alteration
45,meso_tcga_pan_can_atlas_2018,TCGA-MQ-A4LI-01,TCGA-MQ-A4LI,0,no alteration,no alteration,no alteration,no alteration,no alteration
46,meso_tcga_pan_can_atlas_2018,TCGA-MQ-A4LJ-01,TCGA-MQ-A4LJ,0,no alteration,no alteration,no alteration,no alteration,no alteration
47,meso_tcga_pan_can_atlas_2018,TCGA-MQ-A4LP-01,TCGA-MQ-A4LP,0,no alteration,no alteration,no alteration,no alteration,no alteration
48,meso_tcga_pan_can_atlas_2018,TCGA-MQ-A6BL-01,TCGA-MQ-A6BL,0,no alteration,no alteration,no alteration,no alteration,no alteration
49,meso_tcga_pan_can_atlas_2018,TCGA-MQ-A6BN-01,TCGA-MQ-A6BN,0,no alteration,not profiled,no alteration,no alteration,not profiled
50,meso_tcga_pan_can_atlas_2018,TCGA-MQ-A6BQ-01,TCGA-MQ-A6BQ,0,no alteration,no alteration,no alteration,no alteration,no alteration
51,meso_tcga_pan_can_atlas_2018,TCGA-MQ-A6BR-01,TCGA-MQ-A6BR,0,no alteration,no alteration,no alteration,no alteration,no alteration
52,meso_tcga_pan_can_atlas_2018,TCGA-MQ-A6BS-01,TCGA-MQ-A6BS,0,no alteration,no alteration,no alteration,no alteration,no alteration
53,meso_tcga_pan_can_atlas_2018,TCGA-NQ-A57I-01,TCGA-NQ-A57I,0,no alteration,no alteration,no alteration,no alteration,no alteration
54,meso_tcga_pan_can_atlas_2018,TCGA-NQ-A638-01,TCGA-NQ-A638,0,no alteration,no alteration,no alteration,no alteration,no alteration
55,meso_tcga_pan_can_atlas_2018,TCGA-SC-A6LN-01,TCGA-SC-A6LN,0,no alteration,no alteration,no alteration,no alteration,no alteration
56,meso_tcga_pan_can_atlas_2018,TCGA-SC-A6LP-01,TCGA-SC-A6LP,0,no alteration,no alteration,no alteration,no alteration,no alteration
57,meso_tcga_pan_can_atlas_2018,TCGA-SC-A6LR-01,TCGA-SC-A6LR,0,no alteration,no alteration,no alteration,no alteration,no alteration
58,meso_tcga_pan_can_atlas_2018,TCGA-SC-AA5Z-01,TCGA-SC-AA5Z,0,no alteration,no alteration,no alteration,no alteration,no alteration
59,meso_tcga_pan_can_atlas_2018,TCGA-SH-A7BC-01,TCGA-SH-A7BC,0,no alteration,no alteration,no alteration,no alteration,no alteration
60,meso_tcga_pan_can_atlas_2018,TCGA-SH-A7BH-01,TCGA-SH-A7BH,0,no alteration,no alteration,no alteration,no alteration,no alteration
61,meso_tcga_pan_can_atlas_2018,TCGA-SH-A9CT-01,TCGA-SH-A9CT,0,no alteration,no alteration,no alteration,no alteration,no alteration
62,meso_tcga_pan_can_atlas_2018,TCGA-SH-A9CU-01,TCGA-SH-A9CU,0,no alteration,no alteration,no alteration,no alteration,no alteration
63,meso_tcga_pan_can_atlas_2018,TCGA-TS-A7OY-01,TCGA-TS-A7OY,0,no alteration,no alteration,no alteration,no alteration,no alteration
64,meso_tcga_pan_can_atlas_2018,TCGA-TS-A7P0-01,TCGA-TS-A7P0,0,no alteration,no alteration,no alteration,no alteration,no alteration
65,meso_tcga_pan_can_atlas_2018,TCGA-TS-A7P3-01,TCGA-TS-A7P3,0,no alteration,no alteration,no alteration,no alteration,no alteration
66,meso_tcga_pan_can_atlas_2018,TCGA-TS-A7P6-01,TCGA-TS-A7P6,0,no alteration,no alteration,no alteration,no alteration,no alteration
67,meso_tcga_pan_can_atlas_2018,TCGA-TS-A7P7-01,TCGA-TS-A7P7,0,no alteration,no alteration,no alteration,no alteration,no alteration
68,meso_tcga_pan_can_atlas_2018,TCGA-TS-A7P8-01,TCGA-TS-A7P8,0,no alteration,no alteration,no alteration,no alteration,no alteration
69,meso_tcga_pan_can_atlas_2018,TCGA-TS-A8AF-01,TCGA-TS-A8AF,0,no alteration,no alteration,no alteration,no alteration,no alteration
70,meso_tcga_pan_can_atlas_2018,TCGA-TS-A8AI-01,TCGA-TS-A8AI,0,no alteration,no alteration,no alteration,no alteration,no alteration
71,meso_tcga_pan_can_atlas_2018,TCGA-TS-A8AS-01,TCGA-TS-A8AS,0,no alteration,no alteration,no alteration,no alteration,no alteration
72,meso_tcga_pan_can_atlas_2018,TCGA-TS-A8AV-01,TCGA-TS-A8AV,0,no alteration,no alteration,no alteration,no alteration,no alteration
73,meso_tcga_pan_can_atlas_2018,TCGA-TS-A8AY-01,TCGA-TS-A8AY,0,no alteration,no alteration,no alteration,no alteration,no alteration
74,meso_tcga_pan_can_atlas_2018,TCGA-UD-AABY-01,TCGA-UD-AABY,0,no alteration,no alteration,no alteration,no alteration,no alteration
75,meso_tcga_pan_can_atlas_2018,TCGA-UD-AAC1-01,TCGA-UD-AAC1,0,no alteration,no alteration,no alteration,no alteration,no alteration
76,meso_tcga_pan_can_atlas_2018,TCGA-UD-AAC6-01,TCGA-UD-AAC6,0,no alteration,no alteration,no alteration,no alteration,no alteration
77,meso_tcga_pan_can_atlas_2018,TCGA-UD-AAC7-01,TCGA-UD-AAC7,0,no alteration,no alteration,no alteration,no alteration,no alteration
78,meso_tcga_pan_can_atlas_2018,TCGA-UT-A88E-01,TCGA-UT-A88E,0,no alteration,no alteration,no alteration,no alteration,no alteration
79,meso_tcga_pan_can_atlas_2018,TCGA-UT-A88G-01,TCGA-UT-A88G,0,no alteration,no alteration,no alteration,no alteration,no alteration
80,meso_tcga_pan_can_atlas_2018,TCGA-UT-A97Y-01,TCGA-UT-A97Y,0,no alteration,no alteration,no alteration,no alteration,no alteration
81,meso_tcga_pan_can_atlas_2018,TCGA-YS-A95B-01,TCGA-YS-A95B,0,no alteration,no alteration,no alteration,no alteration,no alteration
82,meso_tcga_pan_can_atlas_2018,TCGA-YS-AA4M-01,TCGA-YS-AA4M,0,no alteration,no alteration,no alteration,no alteration,no alteration
83,meso_tcga_pan_can_atlas_2018,TCGA-ZN-A9VO-01,TCGA-ZN-A9VO,0,no alteration,no alteration,no alteration,no alteration,no alteration
84,meso_tcga_pan_can_atlas_2018,TCGA-ZN-A9VP-01,TCGA-ZN-A9VP,0,no alteration,no alteration,no alteration,no alteration,no alteration
85,meso_tcga_pan_can_atlas_2018,TCGA-ZN-A9VQ-01,TCGA-ZN-A9VQ,0,no alteration,no alteration,no alteration,no alteration,no alteration
86,meso_tcga_pan_can_atlas_2018,TCGA-ZN-A9VS-01,TCGA-ZN-A9VS,0,no alteration,no alteration,no alteration,no alteration,no alteration
