,Study ID,Sample ID,Patient ID,Altered,FGFR2,FGFR2: MUT,FGFR2: AMP,FGFR2: HOMDEL,FGFR2: FUSION
0,blca_tcga_pan_can_atlas_2018,TCGA-4Z-AA86-01,TCGA-4Z-AA86,1,HOMDEL,no alteration,HOMDEL,HOMDEL,no alteration
1,blca_tcga_pan_can_atlas_2018,TCGA-CF-A47S-01,TCGA-CF-A47S,1,HOMDEL,no alteration,HOMDEL,HOMDEL,no alteration
2,blca_tcga_pan_can_atlas_2018,TCGA-DK-A1A7-01,TCGA-DK-A1A7,1,AMP (driver),no alteration,AMP (driver),AMP (driver),no alteration
3,blca_tcga_pan_can_atlas_2018,TCGA-DK-A1AC-01,TCGA-DK-A1AC,1,"S780L, V86M","S780L, V86M",no alteration,no alteration,no alteration
4,blca_tcga_pan_can_atlas_2018,TCGA-DK-A2HX-01,TCGA-DK-A2HX,1,R22Q,R22Q,no alteration,no alteration,no alteration
5,blca_tcga_pan_can_atlas_2018,TCGA-DK-A3X2-01,TCGA-DK-A3X2,1,G384R,G384R,no alteration,no alteration,no alteration
6,blca_tcga_pan_can_atlas_2018,TCGA-DK-AA76-01,TCGA-DK-AA76,1,K659N (driver),K659N (driver),no alteration,no alteration,no alteration
7,blca_tcga_pan_can_atlas_2018,TCGA-E7-A6MD-01,TCGA-E7-A6MD,1,E777K,E777K,no alteration,no alteration,no alteration
8,blca_tcga_pan_can_atlas_2018,TCGA-FD-A3B5-01,TCGA-FD-A3B5,1,P413L,P413L,no alteration,no alteration,no alteration
9,blca_tcga_pan_can_atlas_2018,TCGA-FD-A5BZ-01,TCGA-FD-A5BZ,1,M537I (driver),M537I (driver),no alteration,no alteration,no alteration
10,blca_tcga_pan_can_atlas_2018,TCGA-SY-A9G0-01,TCGA-SY-A9G0,1,E777K,E777K,no alteration,no alteration,no alteration
11,blca_tcga_pan_can_atlas_2018,TCGA-UY-A9PE-01,TCGA-UY-A9PE,1,AMP (driver),no alteration,AMP (driver),AMP (driver),no alteration
12,blca_tcga_pan_can_atlas_2018,TCGA-XF-A9T2-01,TCGA-XF-A9T2,1,N549K (driver),N549K (driver),no alteration,no alteration,no alteration
13,blca_tcga_pan_can_atlas_2018,TCGA-YC-A89H-01,TCGA-YC-A89H,1,X480_splice,X480_splice,no alteration,no alteration,no alteration
14,blca_tcga_pan_can_atlas_2018,TCGA-ZF-A9RC-01,TCGA-ZF-A9RC,1,AMP (driver),no alteration,AMP (driver),AMP (driver),no alteration
15,blca_tcga_pan_can_atlas_2018,TCGA-ZF-AA58-01,TCGA-ZF-AA58,1,HOMDEL,no alteration,HOMDEL,HOMDEL,no alteration
16,blca_tcga_pan_can_atlas_2018,TCGA-2F-A9KO-01,TCGA-2F-A9KO,0,no alteration,no alteration,no alteration,no alteration,no alteration
17,blca_tcga_pan_can_atlas_2018,TCGA-2F-A9KP-01,TCGA-2F-A9KP,0,no alteration,no alteration,no alteration,no alteration,no alteration
18,blca_tcga_pan_can_atlas_2018,TCGA-2F-A9KQ-01,TCGA-2F-A9KQ,0,no alteration,no alteration,no alteration,no alteration,no alteration
19,blca_tcga_pan_can_atlas_2018,TCGA-2F-A9KR-01,TCGA-2F-A9KR,0,no alteration,no alteration,no alteration,no alteration,no alteration
20,blca_tcga_pan_can_atlas_2018,TCGA-2F-A9KT-01,TCGA-2F-A9KT,0,no alteration,no alteration,no alteration,no alteration,no alteration
21,blca_tcga_pan_can_atlas_2018,TCGA-2F-A9KW-01,TCGA-2F-A9KW,0,no alteration,no alteration,no alteration,no alteration,no alteration
22,blca_tcga_pan_can_atlas_2018,TCGA-4Z-AA7M-01,TCGA-4Z-AA7M,0,no alteration,no alteration,no alteration,no alteration,no alteration
23,blca_tcga_pan_can_atlas_2018,TCGA-4Z-AA7N-01,TCGA-4Z-AA7N,0,no alteration,no alteration,no alteration,no alteration,no alteration
24,blca_tcga_pan_can_atlas_2018,TCGA-4Z-AA7O-01,TCGA-4Z-AA7O,0,no alteration,no alteration,no alteration,no alteration,no alteration
25,blca_tcga_pan_can_atlas_2018,TCGA-4Z-AA7Q-01,TCGA-4Z-AA7Q,0,no alteration,no alteration,no alteration,no alteration,no alteration
26,blca_tcga_pan_can_atlas_2018,TCGA-4Z-AA7R-01,TCGA-4Z-AA7R,0,no alteration,no alteration,no alteration,no alteration,no alteration
27,blca_tcga_pan_can_atlas_2018,TCGA-4Z-AA7S-01,TCGA-4Z-AA7S,0,no alteration,no alteration,no alteration,no alteration,no alteration
28,blca_tcga_pan_can_atlas_2018,TCGA-4Z-AA7W-01,TCGA-4Z-AA7W,0,no alteration,no alteration,no alteration,no alteration,no alteration
29,blca_tcga_pan_can_atlas_2018,TCGA-4Z-AA7Y-01,TCGA-4Z-AA7Y,0,no alteration,no alteration,no alteration,no alteration,no alteration
30,blca_tcga_pan_can_atlas_2018,TCGA-4Z-AA80-01,TCGA-4Z-AA80,0,no alteration,no alteration,no alteration,no alteration,no alteration
31,blca_tcga_pan_can_atlas_2018,TCGA-4Z-AA81-01,TCGA-4Z-AA81,0,no alteration,no alteration,no alteration,no alteration,no alteration
32,blca_tcga_pan_can_atlas_2018,TCGA-4Z-AA82-01,TCGA-4Z-AA82,0,no alteration,no alteration,no alteration,no alteration,no alteration
33,blca_tcga_pan_can_atlas_2018,TCGA-4Z-AA83-01,TCGA-4Z-AA83,0,no alteration,no alteration,no alteration,no alteration,no alteration
34,blca_tcga_pan_can_atlas_2018,TCGA-4Z-AA84-01,TCGA-4Z-AA84,0,no alteration,no alteration,no alteration,no alteration,no alteration
35,blca_tcga_pan_can_atlas_2018,TCGA-4Z-AA87-01,TCGA-4Z-AA87,0,no alteration,no alteration,no alteration,no alteration,no alteration
36,blca_tcga_pan_can_atlas_2018,TCGA-4Z-AA89-01,TCGA-4Z-AA89,0,no alteration,no alteration,no alteration,no alteration,no alteration
37,blca_tcga_pan_can_atlas_2018,TCGA-5N-A9KI-01,TCGA-5N-A9KI,0,no alteration,no alteration,no alteration,no alteration,no alteration
38,blca_tcga_pan_can_atlas_2018,TCGA-5N-A9KM-01,TCGA-5N-A9KM,0,no alteration,no alteration,no alteration,no alteration,no alteration
39,blca_tcga_pan_can_atlas_2018,TCGA-BL-A0C8-01,TCGA-BL-A0C8,0,no alteration,no alteration,no alteration,no alteration,no alteration
40,blca_tcga_pan_can_atlas_2018,TCGA-BL-A13I-01,TCGA-BL-A13I,0,no alteration,no alteration,no alteration,no alteration,no alteration
41,blca_tcga_pan_can_atlas_2018,TCGA-BL-A13J-01,TCGA-BL-A13J,0,no alteration,no alteration,no alteration,no alteration,no alteration
42,blca_tcga_pan_can_atlas_2018,TCGA-BL-A3JM-01,TCGA-BL-A3JM,0,no alteration,no alteration,no alteration,no alteration,no alteration
43,blca_tcga_pan_can_atlas_2018,TCGA-BL-A5ZZ-01,TCGA-BL-A5ZZ,0,no alteration,no alteration,no alteration,no alteration,no alteration
44,blca_tcga_pan_can_atlas_2018,TCGA-BT-A0S7-01,TCGA-BT-A0S7,0,no alteration,no alteration,no alteration,no alteration,no alteration
45,blca_tcga_pan_can_atlas_2018,TCGA-BT-A0YX-01,TCGA-BT-A0YX,0,no alteration,no alteration,no alteration,no alteration,no alteration
46,blca_tcga_pan_can_atlas_2018,TCGA-BT-A20J-01,TCGA-BT-A20J,0,no alteration,no alteration,no alteration,no alteration,no alteration
47,blca_tcga_pan_can_atlas_2018,TCGA-BT-A20N-01,TCGA-BT-A20N,0,no alteration,no alteration,no alteration,no alteration,no alteration
48,blca_tcga_pan_can_atlas_2018,TCGA-BT-A20O-01,TCGA-BT-A20O,0,no alteration,no alteration,no alteration,no alteration,no alteration
49,blca_tcga_pan_can_atlas_2018,TCGA-BT-A20P-01,TCGA-BT-A20P,0,no alteration,no alteration,no alteration,no alteration,no alteration
50,blca_tcga_pan_can_atlas_2018,TCGA-BT-A20Q-01,TCGA-BT-A20Q,0,no alteration,no alteration,no alteration,no alteration,no alteration
51,blca_tcga_pan_can_atlas_2018,TCGA-BT-A20R-01,TCGA-BT-A20R,0,no alteration,no alteration,no alteration,no alteration,no alteration
52,blca_tcga_pan_can_atlas_2018,TCGA-BT-A20T-01,TCGA-BT-A20T,0,no alteration,no alteration,no alteration,no alteration,no alteration
53,blca_tcga_pan_can_atlas_2018,TCGA-BT-A20U-01,TCGA-BT-A20U,0,no alteration,no alteration,no alteration,no alteration,no alteration
54,blca_tcga_pan_can_atlas_2018,TCGA-BT-A20V-01,TCGA-BT-A20V,0,no alteration,no alteration,no alteration,no alteration,no alteration
55,blca_tcga_pan_can_atlas_2018,TCGA-BT-A20W-01,TCGA-BT-A20W,0,no alteration,no alteration,no alteration,no alteration,no alteration
56,blca_tcga_pan_can_atlas_2018,TCGA-BT-A20X-01,TCGA-BT-A20X,0,no alteration,no alteration,no alteration,no alteration,no alteration
57,blca_tcga_pan_can_atlas_2018,TCGA-BT-A2LA-01,TCGA-BT-A2LA,0,no alteration,no alteration,no alteration,no alteration,no alteration
58,blca_tcga_pan_can_atlas_2018,TCGA-BT-A2LB-01,TCGA-BT-A2LB,0,no alteration,no alteration,no alteration,no alteration,no alteration
59,blca_tcga_pan_can_atlas_2018,TCGA-BT-A2LD-01,TCGA-BT-A2LD,0,no alteration,no alteration,no alteration,no alteration,no alteration
60,blca_tcga_pan_can_atlas_2018,TCGA-BT-A3PH-01,TCGA-BT-A3PH,0,no alteration,no alteration,no alteration,no alteration,no alteration
61,blca_tcga_pan_can_atlas_2018,TCGA-BT-A3PJ-01,TCGA-BT-A3PJ,0,no alteration,no alteration,no alteration,no alteration,no alteration
62,blca_tcga_pan_can_atlas_2018,TCGA-BT-A3PK-01,TCGA-BT-A3PK,0,no alteration,no alteration,no alteration,no alteration,no alteration
63,blca_tcga_pan_can_atlas_2018,TCGA-BT-A42B-01,TCGA-BT-A42B,0,no alteration,no alteration,no alteration,no alteration,no alteration
64,blca_tcga_pan_can_atlas_2018,TCGA-BT-A42C-01,TCGA-BT-A42C,0,no alteration,no alteration,no alteration,no alteration,no alteration
65,blca_tcga_pan_can_atlas_2018,TCGA-BT-A42E-01,TCGA-BT-A42E,0,no alteration,no alteration,no alteration,no alteration,no alteration
66,blca_tcga_pan_can_atlas_2018,TCGA-BT-A42F-01,TCGA-BT-A42F,0,no alteration,no alteration,no alteration,no alteration,no alteration
67,blca_tcga_pan_can_atlas_2018,TCGA-C4-A0EZ-01,TCGA-C4-A0EZ,0,no alteration,no alteration,no alteration,no alteration,no alteration
68,blca_tcga_pan_can_atlas_2018,TCGA-C4-A0F0-01,TCGA-C4-A0F0,0,no alteration,no alteration,no alteration,no alteration,no alteration
69,blca_tcga_pan_can_atlas_2018,TCGA-C4-A0F1-01,TCGA-C4-A0F1,0,no alteration,no alteration,not profiled,not profiled,no alteration
70,blca_tcga_pan_can_atlas_2018,TCGA-C4-A0F6-01,TCGA-C4-A0F6,0,no alteration,no alteration,no alteration,no alteration,no alteration
71,blca_tcga_pan_can_atlas_2018,TCGA-C4-A0F7-01,TCGA-C4-A0F7,0,no alteration,no alteration,not profiled,not profiled,no alteration
72,blca_tcga_pan_can_atlas_2018,TCGA-CF-A1HR-01,TCGA-CF-A1HR,0,no alteration,no alteration,no alteration,no alteration,no alteration
73,blca_tcga_pan_can_atlas_2018,TCGA-CF-A1HS-01,TCGA-CF-A1HS,0,no alteration,no alteration,no alteration,no alteration,no alteration
74,blca_tcga_pan_can_atlas_2018,TCGA-CF-A27C-01,TCGA-CF-A27C,0,no alteration,no alteration,no alteration,no alteration,no alteration
75,blca_tcga_pan_can_atlas_2018,TCGA-CF-A3MF-01,TCGA-CF-A3MF,0,no alteration,no alteration,no alteration,no alteration,no alteration
76,blca_tcga_pan_can_atlas_2018,TCGA-CF-A3MG-01,TCGA-CF-A3MG,0,no alteration,no alteration,no alteration,no alteration,no alteration
77,blca_tcga_pan_can_atlas_2018,TCGA-CF-A3MH-01,TCGA-CF-A3MH,0,no alteration,no alteration,no alteration,no alteration,no alteration
78,blca_tcga_pan_can_atlas_2018,TCGA-CF-A3MI-01,TCGA-CF-A3MI,0,no alteration,no alteration,no alteration,no alteration,no alteration
79,blca_tcga_pan_can_atlas_2018,TCGA-CF-A47T-01,TCGA-CF-A47T,0,no alteration,no alteration,no alteration,no alteration,no alteration
80,blca_tcga_pan_can_atlas_2018,TCGA-CF-A47V-01,TCGA-CF-A47V,0,no alteration,no alteration,no alteration,no alteration,no alteration
81,blca_tcga_pan_can_atlas_2018,TCGA-CF-A47W-01,TCGA-CF-A47W,0,no alteration,no alteration,no alteration,no alteration,no alteration
82,blca_tcga_pan_can_atlas_2018,TCGA-CF-A47X-01,TCGA-CF-A47X,0,no alteration,no alteration,no alteration,no alteration,no alteration
83,blca_tcga_pan_can_atlas_2018,TCGA-CF-A47Y-01,TCGA-CF-A47Y,0,no alteration,no alteration,no alteration,no alteration,no alteration
84,blca_tcga_pan_can_atlas_2018,TCGA-CF-A5U8-01,TCGA-CF-A5U8,0,no alteration,no alteration,no alteration,no alteration,no alteration
85,blca_tcga_pan_can_atlas_2018,TCGA-CF-A5UA-01,TCGA-CF-A5UA,0,no alteration,no alteration,no alteration,no alteration,no alteration
86,blca_tcga_pan_can_atlas_2018,TCGA-CF-A7I0-01,TCGA-CF-A7I0,0,no alteration,no alteration,no alteration,no alteration,no alteration
87,blca_tcga_pan_can_atlas_2018,TCGA-CF-A8HX-01,TCGA-CF-A8HX,0,no alteration,no alteration,no alteration,no alteration,no alteration
88,blca_tcga_pan_can_atlas_2018,TCGA-CF-A8HY-01,TCGA-CF-A8HY,0,no alteration,no alteration,no alteration,no alteration,no alteration
89,blca_tcga_pan_can_atlas_2018,TCGA-CF-A9FF-01,TCGA-CF-A9FF,0,no alteration,no alteration,no alteration,no alteration,no alteration
90,blca_tcga_pan_can_atlas_2018,TCGA-CF-A9FH-01,TCGA-CF-A9FH,0,no alteration,no alteration,no alteration,no alteration,no alteration
91,blca_tcga_pan_can_atlas_2018,TCGA-CF-A9FL-01,TCGA-CF-A9FL,0,no alteration,no alteration,no alteration,no alteration,no alteration
92,blca_tcga_pan_can_atlas_2018,TCGA-CF-A9FM-01,TCGA-CF-A9FM,0,no alteration,no alteration,no alteration,no alteration,no alteration
93,blca_tcga_pan_can_atlas_2018,TCGA-CU-A0YN-01,TCGA-CU-A0YN,0,no alteration,no alteration,no alteration,no alteration,no alteration
94,blca_tcga_pan_can_atlas_2018,TCGA-CU-A0YO-01,TCGA-CU-A0YO,0,no alteration,no alteration,no alteration,no alteration,no alteration
95,blca_tcga_pan_can_atlas_2018,TCGA-CU-A0YR-01,TCGA-CU-A0YR,0,no alteration,no alteration,no alteration,no alteration,no alteration
96,blca_tcga_pan_can_atlas_2018,TCGA-CU-A3KJ-01,TCGA-CU-A3KJ,0,no alteration,no alteration,no alteration,no alteration,no alteration
97,blca_tcga_pan_can_atlas_2018,TCGA-CU-A3QU-01,TCGA-CU-A3QU,0,no alteration,no alteration,no alteration,no alteration,no alteration
98,blca_tcga_pan_can_atlas_2018,TCGA-CU-A3YL-01,TCGA-CU-A3YL,0,no alteration,no alteration,no alteration,no alteration,no alteration
99,blca_tcga_pan_can_atlas_2018,TCGA-CU-A5W6-01,TCGA-CU-A5W6,0,no alteration,no alteration,no alteration,no alteration,no alteration
100,blca_tcga_pan_can_atlas_2018,TCGA-CU-A72E-01,TCGA-CU-A72E,0,no alteration,no alteration,no alteration,no alteration,no alteration
101,blca_tcga_pan_can_atlas_2018,TCGA-DK-A1A3-01,TCGA-DK-A1A3,0,no alteration,no alteration,no alteration,no alteration,no alteration
102,blca_tcga_pan_can_atlas_2018,TCGA-DK-A1A5-01,TCGA-DK-A1A5,0,no alteration,no alteration,no alteration,no alteration,no alteration
103,blca_tcga_pan_can_atlas_2018,TCGA-DK-A1A6-01,TCGA-DK-A1A6,0,no alteration,no alteration,no alteration,no alteration,no alteration
104,blca_tcga_pan_can_atlas_2018,TCGA-DK-A1AA-01,TCGA-DK-A1AA,0,no alteration,no alteration,no alteration,no alteration,no alteration
105,blca_tcga_pan_can_atlas_2018,TCGA-DK-A1AB-01,TCGA-DK-A1AB,0,no alteration,no alteration,no alteration,no alteration,no alteration
106,blca_tcga_pan_can_atlas_2018,TCGA-DK-A1AD-01,TCGA-DK-A1AD,0,no alteration,no alteration,no alteration,no alteration,no alteration
107,blca_tcga_pan_can_atlas_2018,TCGA-DK-A1AE-01,TCGA-DK-A1AE,0,no alteration,no alteration,no alteration,no alteration,no alteration
108,blca_tcga_pan_can_atlas_2018,TCGA-DK-A1AF-01,TCGA-DK-A1AF,0,no alteration,no alteration,no alteration,no alteration,no alteration
109,blca_tcga_pan_can_atlas_2018,TCGA-DK-A1AG-01,TCGA-DK-A1AG,0,no alteration,no alteration,no alteration,no alteration,no alteration
110,blca_tcga_pan_can_atlas_2018,TCGA-DK-A2I1-01,TCGA-DK-A2I1,0,no alteration,no alteration,no alteration,no alteration,no alteration
111,blca_tcga_pan_can_atlas_2018,TCGA-DK-A2I2-01,TCGA-DK-A2I2,0,no alteration,no alteration,no alteration,no alteration,no alteration
112,blca_tcga_pan_can_atlas_2018,TCGA-DK-A2I4-01,TCGA-DK-A2I4,0,no alteration,no alteration,no alteration,no alteration,no alteration
113,blca_tcga_pan_can_atlas_2018,TCGA-DK-A2I6-01,TCGA-DK-A2I6,0,no alteration,no alteration,no alteration,no alteration,no alteration
114,blca_tcga_pan_can_atlas_2018,TCGA-DK-A3IK-01,TCGA-DK-A3IK,0,no alteration,no alteration,no alteration,no alteration,no alteration
115,blca_tcga_pan_can_atlas_2018,TCGA-DK-A3IL-01,TCGA-DK-A3IL,0,no alteration,no alteration,no alteration,no alteration,no alteration
116,blca_tcga_pan_can_atlas_2018,TCGA-DK-A3IM-01,TCGA-DK-A3IM,0,no alteration,no alteration,no alteration,no alteration,no alteration
117,blca_tcga_pan_can_atlas_2018,TCGA-DK-A3IN-01,TCGA-DK-A3IN,0,no alteration,no alteration,no alteration,no alteration,no alteration
118,blca_tcga_pan_can_atlas_2018,TCGA-DK-A3IQ-01,TCGA-DK-A3IQ,0,no alteration,no alteration,no alteration,no alteration,no alteration
119,blca_tcga_pan_can_atlas_2018,TCGA-DK-A3IS-01,TCGA-DK-A3IS,0,no alteration,no alteration,no alteration,no alteration,no alteration
120,blca_tcga_pan_can_atlas_2018,TCGA-DK-A3IT-01,TCGA-DK-A3IT,0,no alteration,no alteration,no alteration,no alteration,no alteration
121,blca_tcga_pan_can_atlas_2018,TCGA-DK-A3IU-01,TCGA-DK-A3IU,0,no alteration,no alteration,no alteration,no alteration,no alteration
122,blca_tcga_pan_can_atlas_2018,TCGA-DK-A3IV-01,TCGA-DK-A3IV,0,no alteration,no alteration,no alteration,no alteration,no alteration
123,blca_tcga_pan_can_atlas_2018,TCGA-DK-A3WW-01,TCGA-DK-A3WW,0,no alteration,no alteration,no alteration,no alteration,no alteration
124,blca_tcga_pan_can_atlas_2018,TCGA-DK-A3WX-01,TCGA-DK-A3WX,0,no alteration,no alteration,no alteration,no alteration,no alteration
125,blca_tcga_pan_can_atlas_2018,TCGA-DK-A3WY-01,TCGA-DK-A3WY,0,no alteration,no alteration,no alteration,no alteration,no alteration
126,blca_tcga_pan_can_atlas_2018,TCGA-DK-A3X1-01,TCGA-DK-A3X1,0,no alteration,no alteration,no alteration,no alteration,no alteration
127,blca_tcga_pan_can_atlas_2018,TCGA-DK-A6AV-01,TCGA-DK-A6AV,0,no alteration,no alteration,no alteration,no alteration,no alteration
128,blca_tcga_pan_can_atlas_2018,TCGA-DK-A6AW-01,TCGA-DK-A6AW,0,no alteration,no alteration,no alteration,no alteration,no alteration
129,blca_tcga_pan_can_atlas_2018,TCGA-DK-A6B0-01,TCGA-DK-A6B0,0,no alteration,no alteration,no alteration,no alteration,no alteration
130,blca_tcga_pan_can_atlas_2018,TCGA-DK-A6B1-01,TCGA-DK-A6B1,0,no alteration,no alteration,no alteration,no alteration,no alteration
131,blca_tcga_pan_can_atlas_2018,TCGA-DK-A6B2-01,TCGA-DK-A6B2,0,no alteration,no alteration,no alteration,no alteration,no alteration
132,blca_tcga_pan_can_atlas_2018,TCGA-DK-A6B5-01,TCGA-DK-A6B5,0,no alteration,no alteration,no alteration,no alteration,no alteration
133,blca_tcga_pan_can_atlas_2018,TCGA-DK-A6B6-01,TCGA-DK-A6B6,0,no alteration,no alteration,no alteration,no alteration,no alteration
134,blca_tcga_pan_can_atlas_2018,TCGA-DK-AA6L-01,TCGA-DK-AA6L,0,no alteration,no alteration,no alteration,no alteration,no alteration
135,blca_tcga_pan_can_atlas_2018,TCGA-DK-AA6M-01,TCGA-DK-AA6M,0,no alteration,no alteration,no alteration,no alteration,no alteration
136,blca_tcga_pan_can_atlas_2018,TCGA-DK-AA6P-01,TCGA-DK-AA6P,0,no alteration,no alteration,no alteration,no alteration,no alteration
137,blca_tcga_pan_can_atlas_2018,TCGA-DK-AA6Q-01,TCGA-DK-AA6Q,0,no alteration,no alteration,no alteration,no alteration,no alteration
138,blca_tcga_pan_can_atlas_2018,TCGA-DK-AA6R-01,TCGA-DK-AA6R,0,no alteration,no alteration,no alteration,no alteration,no alteration
139,blca_tcga_pan_can_atlas_2018,TCGA-DK-AA6S-01,TCGA-DK-AA6S,0,no alteration,no alteration,no alteration,no alteration,no alteration
140,blca_tcga_pan_can_atlas_2018,TCGA-DK-AA6T-01,TCGA-DK-AA6T,0,no alteration,no alteration,no alteration,no alteration,no alteration
141,blca_tcga_pan_can_atlas_2018,TCGA-DK-AA6U-01,TCGA-DK-AA6U,0,no alteration,no alteration,no alteration,no alteration,no alteration
142,blca_tcga_pan_can_atlas_2018,TCGA-DK-AA6W-01,TCGA-DK-AA6W,0,no alteration,no alteration,no alteration,no alteration,no alteration
143,blca_tcga_pan_can_atlas_2018,TCGA-DK-AA6X-01,TCGA-DK-AA6X,0,no alteration,no alteration,no alteration,no alteration,no alteration
144,blca_tcga_pan_can_atlas_2018,TCGA-DK-AA71-01,TCGA-DK-AA71,0,no alteration,no alteration,no alteration,no alteration,no alteration
145,blca_tcga_pan_can_atlas_2018,TCGA-DK-AA74-01,TCGA-DK-AA74,0,no alteration,no alteration,no alteration,no alteration,no alteration
146,blca_tcga_pan_can_atlas_2018,TCGA-DK-AA75-01,TCGA-DK-AA75,0,no alteration,no alteration,no alteration,no alteration,no alteration
147,blca_tcga_pan_can_atlas_2018,TCGA-DK-AA77-01,TCGA-DK-AA77,0,no alteration,no alteration,no alteration,no alteration,no alteration
148,blca_tcga_pan_can_atlas_2018,TCGA-E5-A2PC-01,TCGA-E5-A2PC,0,no alteration,no alteration,no alteration,no alteration,no alteration
149,blca_tcga_pan_can_atlas_2018,TCGA-E5-A4TZ-01,TCGA-E5-A4TZ,0,no alteration,no alteration,no alteration,no alteration,no alteration
150,blca_tcga_pan_can_atlas_2018,TCGA-E5-A4U1-01,TCGA-E5-A4U1,0,no alteration,no alteration,no alteration,no alteration,no alteration
151,blca_tcga_pan_can_atlas_2018,TCGA-E7-A3X6-01,TCGA-E7-A3X6,0,no alteration,no alteration,no alteration,no alteration,no alteration
152,blca_tcga_pan_can_atlas_2018,TCGA-E7-A3Y1-01,TCGA-E7-A3Y1,0,no alteration,no alteration,no alteration,no alteration,no alteration
153,blca_tcga_pan_can_atlas_2018,TCGA-E7-A4IJ-01,TCGA-E7-A4IJ,0,no alteration,no alteration,no alteration,no alteration,no alteration
154,blca_tcga_pan_can_atlas_2018,TCGA-E7-A4XJ-01,TCGA-E7-A4XJ,0,no alteration,no alteration,no alteration,no alteration,no alteration
155,blca_tcga_pan_can_atlas_2018,TCGA-E7-A519-01,TCGA-E7-A519,0,no alteration,no alteration,no alteration,no alteration,no alteration
156,blca_tcga_pan_can_atlas_2018,TCGA-E7-A541-01,TCGA-E7-A541,0,no alteration,no alteration,no alteration,no alteration,no alteration
157,blca_tcga_pan_can_atlas_2018,TCGA-E7-A5KE-01,TCGA-E7-A5KE,0,no alteration,no alteration,no alteration,no alteration,no alteration
158,blca_tcga_pan_can_atlas_2018,TCGA-E7-A5KF-01,TCGA-E7-A5KF,0,no alteration,no alteration,no alteration,no alteration,no alteration
159,blca_tcga_pan_can_atlas_2018,TCGA-E7-A677-01,TCGA-E7-A677,0,no alteration,no alteration,no alteration,no alteration,no alteration
160,blca_tcga_pan_can_atlas_2018,TCGA-E7-A678-01,TCGA-E7-A678,0,no alteration,no alteration,no alteration,no alteration,no alteration
161,blca_tcga_pan_can_atlas_2018,TCGA-E7-A6ME-01,TCGA-E7-A6ME,0,no alteration,no alteration,no alteration,no alteration,no alteration
162,blca_tcga_pan_can_atlas_2018,TCGA-E7-A6MF-01,TCGA-E7-A6MF,0,no alteration,no alteration,no alteration,no alteration,no alteration
163,blca_tcga_pan_can_atlas_2018,TCGA-E7-A7DU-01,TCGA-E7-A7DU,0,no alteration,no alteration,no alteration,no alteration,no alteration
164,blca_tcga_pan_can_atlas_2018,TCGA-E7-A7DV-01,TCGA-E7-A7DV,0,no alteration,no alteration,no alteration,no alteration,no alteration
165,blca_tcga_pan_can_atlas_2018,TCGA-E7-A7PW-01,TCGA-E7-A7PW,0,no alteration,no alteration,no alteration,no alteration,no alteration
166,blca_tcga_pan_can_atlas_2018,TCGA-E7-A7XN-01,TCGA-E7-A7XN,0,no alteration,no alteration,no alteration,no alteration,no alteration
167,blca_tcga_pan_can_atlas_2018,TCGA-E7-A85H-01,TCGA-E7-A85H,0,no alteration,no alteration,no alteration,no alteration,no alteration
168,blca_tcga_pan_can_atlas_2018,TCGA-E7-A8O7-01,TCGA-E7-A8O7,0,no alteration,no alteration,no alteration,no alteration,no alteration
169,blca_tcga_pan_can_atlas_2018,TCGA-E7-A97P-01,TCGA-E7-A97P,0,no alteration,no alteration,no alteration,no alteration,no alteration
170,blca_tcga_pan_can_atlas_2018,TCGA-E7-A97Q-01,TCGA-E7-A97Q,0,no alteration,no alteration,no alteration,no alteration,no alteration
171,blca_tcga_pan_can_atlas_2018,TCGA-FD-A3B3-01,TCGA-FD-A3B3,0,no alteration,no alteration,no alteration,no alteration,no alteration
172,blca_tcga_pan_can_atlas_2018,TCGA-FD-A3B4-01,TCGA-FD-A3B4,0,no alteration,no alteration,no alteration,no alteration,no alteration
173,blca_tcga_pan_can_atlas_2018,TCGA-FD-A3B6-01,TCGA-FD-A3B6,0,no alteration,no alteration,no alteration,no alteration,no alteration
174,blca_tcga_pan_can_atlas_2018,TCGA-FD-A3B7-01,TCGA-FD-A3B7,0,no alteration,no alteration,no alteration,no alteration,no alteration
175,blca_tcga_pan_can_atlas_2018,TCGA-FD-A3B8-01,TCGA-FD-A3B8,0,no alteration,no alteration,no alteration,no alteration,no alteration
176,blca_tcga_pan_can_atlas_2018,TCGA-FD-A3N5-01,TCGA-FD-A3N5,0,no alteration,no alteration,no alteration,no alteration,no alteration
177,blca_tcga_pan_can_atlas_2018,TCGA-FD-A3N6-01,TCGA-FD-A3N6,0,no alteration,no alteration,no alteration,no alteration,no alteration
178,blca_tcga_pan_can_atlas_2018,TCGA-FD-A3NA-01,TCGA-FD-A3NA,0,no alteration,no alteration,no alteration,no alteration,no alteration
179,blca_tcga_pan_can_atlas_2018,TCGA-FD-A3SJ-01,TCGA-FD-A3SJ,0,no alteration,no alteration,no alteration,no alteration,no alteration
180,blca_tcga_pan_can_atlas_2018,TCGA-FD-A3SL-01,TCGA-FD-A3SL,0,no alteration,no alteration,no alteration,no alteration,no alteration
181,blca_tcga_pan_can_atlas_2018,TCGA-FD-A3SM-01,TCGA-FD-A3SM,0,no alteration,no alteration,no alteration,no alteration,no alteration
182,blca_tcga_pan_can_atlas_2018,TCGA-FD-A3SN-01,TCGA-FD-A3SN,0,no alteration,no alteration,no alteration,no alteration,no alteration
183,blca_tcga_pan_can_atlas_2018,TCGA-FD-A3SO-01,TCGA-FD-A3SO,0,no alteration,no alteration,no alteration,no alteration,no alteration
184,blca_tcga_pan_can_atlas_2018,TCGA-FD-A3SP-01,TCGA-FD-A3SP,0,no alteration,no alteration,no alteration,no alteration,no alteration
185,blca_tcga_pan_can_atlas_2018,TCGA-FD-A3SQ-01,TCGA-FD-A3SQ,0,no alteration,no alteration,no alteration,no alteration,no alteration
186,blca_tcga_pan_can_atlas_2018,TCGA-FD-A3SR-01,TCGA-FD-A3SR,0,no alteration,no alteration,no alteration,no alteration,no alteration
187,blca_tcga_pan_can_atlas_2018,TCGA-FD-A3SS-01,TCGA-FD-A3SS,0,no alteration,no alteration,no alteration,no alteration,no alteration
188,blca_tcga_pan_can_atlas_2018,TCGA-FD-A43N-01,TCGA-FD-A43N,0,no alteration,no alteration,no alteration,no alteration,no alteration
189,blca_tcga_pan_can_atlas_2018,TCGA-FD-A43P-01,TCGA-FD-A43P,0,no alteration,no alteration,no alteration,no alteration,no alteration
190,blca_tcga_pan_can_atlas_2018,TCGA-FD-A43S-01,TCGA-FD-A43S,0,no alteration,not profiled,no alteration,no alteration,not profiled
191,blca_tcga_pan_can_atlas_2018,TCGA-FD-A43U-01,TCGA-FD-A43U,0,no alteration,no alteration,no alteration,no alteration,no alteration
192,blca_tcga_pan_can_atlas_2018,TCGA-FD-A43X-01,TCGA-FD-A43X,0,no alteration,no alteration,no alteration,no alteration,no alteration
193,blca_tcga_pan_can_atlas_2018,TCGA-FD-A43Y-01,TCGA-FD-A43Y,0,no alteration,no alteration,no alteration,no alteration,no alteration
194,blca_tcga_pan_can_atlas_2018,TCGA-FD-A5BR-01,TCGA-FD-A5BR,0,no alteration,no alteration,no alteration,no alteration,no alteration
195,blca_tcga_pan_can_atlas_2018,TCGA-FD-A5BS-01,TCGA-FD-A5BS,0,no alteration,no alteration,no alteration,no alteration,no alteration
196,blca_tcga_pan_can_atlas_2018,TCGA-FD-A5BT-01,TCGA-FD-A5BT,0,no alteration,no alteration,no alteration,no alteration,no alteration
197,blca_tcga_pan_can_atlas_2018,TCGA-FD-A5BU-01,TCGA-FD-A5BU,0,no alteration,no alteration,no alteration,no alteration,no alteration
198,blca_tcga_pan_can_atlas_2018,TCGA-FD-A5BV-01,TCGA-FD-A5BV,0,no alteration,no alteration,no alteration,no alteration,no alteration
199,blca_tcga_pan_can_atlas_2018,TCGA-FD-A5BX-01,TCGA-FD-A5BX,0,no alteration,no alteration,no alteration,no alteration,no alteration
200,blca_tcga_pan_can_atlas_2018,TCGA-FD-A5BY-01,TCGA-FD-A5BY,0,no alteration,no alteration,no alteration,no alteration,no alteration
201,blca_tcga_pan_can_atlas_2018,TCGA-FD-A5C0-01,TCGA-FD-A5C0,0,no alteration,no alteration,no alteration,no alteration,no alteration
202,blca_tcga_pan_can_atlas_2018,TCGA-FD-A5C1-01,TCGA-FD-A5C1,0,no alteration,no alteration,no alteration,no alteration,no alteration
203,blca_tcga_pan_can_atlas_2018,TCGA-FD-A62N-01,TCGA-FD-A62N,0,no alteration,no alteration,no alteration,no alteration,no alteration
204,blca_tcga_pan_can_atlas_2018,TCGA-FD-A62O-01,TCGA-FD-A62O,0,no alteration,no alteration,no alteration,no alteration,no alteration
205,blca_tcga_pan_can_atlas_2018,TCGA-FD-A62P-01,TCGA-FD-A62P,0,no alteration,no alteration,no alteration,no alteration,no alteration
206,blca_tcga_pan_can_atlas_2018,TCGA-FD-A62S-01,TCGA-FD-A62S,0,no alteration,no alteration,no alteration,no alteration,no alteration
207,blca_tcga_pan_can_atlas_2018,TCGA-FD-A6TA-01,TCGA-FD-A6TA,0,no alteration,no alteration,no alteration,no alteration,no alteration
208,blca_tcga_pan_can_atlas_2018,TCGA-FD-A6TB-01,TCGA-FD-A6TB,0,no alteration,no alteration,no alteration,no alteration,no alteration
209,blca_tcga_pan_can_atlas_2018,TCGA-FD-A6TC-01,TCGA-FD-A6TC,0,no alteration,no alteration,no alteration,no alteration,no alteration
210,blca_tcga_pan_can_atlas_2018,TCGA-FD-A6TD-01,TCGA-FD-A6TD,0,no alteration,no alteration,no alteration,no alteration,no alteration
211,blca_tcga_pan_can_atlas_2018,TCGA-FD-A6TE-01,TCGA-FD-A6TE,0,no alteration,no alteration,no alteration,no alteration,no alteration
212,blca_tcga_pan_can_atlas_2018,TCGA-FD-A6TF-01,TCGA-FD-A6TF,0,no alteration,no alteration,no alteration,no alteration,no alteration
213,blca_tcga_pan_can_atlas_2018,TCGA-FD-A6TG-01,TCGA-FD-A6TG,0,no alteration,no alteration,no alteration,no alteration,no alteration
214,blca_tcga_pan_can_atlas_2018,TCGA-FD-A6TH-01,TCGA-FD-A6TH,0,no alteration,no alteration,no alteration,no alteration,no alteration
215,blca_tcga_pan_can_atlas_2018,TCGA-FD-A6TI-01,TCGA-FD-A6TI,0,no alteration,no alteration,no alteration,no alteration,no alteration
216,blca_tcga_pan_can_atlas_2018,TCGA-FD-A6TK-01,TCGA-FD-A6TK,0,no alteration,no alteration,no alteration,no alteration,no alteration
217,blca_tcga_pan_can_atlas_2018,TCGA-FJ-A3Z7-01,TCGA-FJ-A3Z7,0,no alteration,no alteration,no alteration,no alteration,no alteration
218,blca_tcga_pan_can_atlas_2018,TCGA-FJ-A3Z9-01,TCGA-FJ-A3Z9,0,no alteration,no alteration,no alteration,no alteration,no alteration
219,blca_tcga_pan_can_atlas_2018,TCGA-FJ-A3ZE-01,TCGA-FJ-A3ZE,0,no alteration,no alteration,no alteration,no alteration,no alteration
220,blca_tcga_pan_can_atlas_2018,TCGA-FJ-A3ZF-01,TCGA-FJ-A3ZF,0,no alteration,no alteration,no alteration,no alteration,no alteration
221,blca_tcga_pan_can_atlas_2018,TCGA-FJ-A871-01,TCGA-FJ-A871,0,no alteration,no alteration,no alteration,no alteration,no alteration
222,blca_tcga_pan_can_atlas_2018,TCGA-FT-A3EE-01,TCGA-FT-A3EE,0,no alteration,no alteration,no alteration,no alteration,no alteration
223,blca_tcga_pan_can_atlas_2018,TCGA-FT-A61P-01,TCGA-FT-A61P,0,no alteration,no alteration,no alteration,no alteration,no alteration
224,blca_tcga_pan_can_atlas_2018,TCGA-G2-A2EC-01,TCGA-G2-A2EC,0,no alteration,no alteration,not profiled,not profiled,no alteration
225,blca_tcga_pan_can_atlas_2018,TCGA-G2-A2EF-01,TCGA-G2-A2EF,0,no alteration,no alteration,no alteration,no alteration,no alteration
226,blca_tcga_pan_can_atlas_2018,TCGA-G2-A2EJ-01,TCGA-G2-A2EJ,0,no alteration,no alteration,no alteration,no alteration,no alteration
227,blca_tcga_pan_can_atlas_2018,TCGA-G2-A2EK-01,TCGA-G2-A2EK,0,no alteration,no alteration,no alteration,no alteration,no alteration
228,blca_tcga_pan_can_atlas_2018,TCGA-G2-A2EL-01,TCGA-G2-A2EL,0,no alteration,no alteration,no alteration,no alteration,no alteration
229,blca_tcga_pan_can_atlas_2018,TCGA-G2-A2EO-01,TCGA-G2-A2EO,0,no alteration,no alteration,no alteration,no alteration,no alteration
230,blca_tcga_pan_can_atlas_2018,TCGA-G2-A2ES-01,TCGA-G2-A2ES,0,no alteration,no alteration,no alteration,no alteration,no alteration
231,blca_tcga_pan_can_atlas_2018,TCGA-G2-A3IB-01,TCGA-G2-A3IB,0,no alteration,no alteration,no alteration,no alteration,no alteration
232,blca_tcga_pan_can_atlas_2018,TCGA-G2-A3IE-01,TCGA-G2-A3IE,0,no alteration,no alteration,no alteration,no alteration,no alteration
233,blca_tcga_pan_can_atlas_2018,TCGA-G2-A3VY-01,TCGA-G2-A3VY,0,no alteration,no alteration,no alteration,no alteration,no alteration
234,blca_tcga_pan_can_atlas_2018,TCGA-G2-AA3B-01,TCGA-G2-AA3B,0,no alteration,no alteration,no alteration,no alteration,no alteration
235,blca_tcga_pan_can_atlas_2018,TCGA-G2-AA3C-01,TCGA-G2-AA3C,0,no alteration,no alteration,no alteration,no alteration,no alteration
236,blca_tcga_pan_can_atlas_2018,TCGA-G2-AA3D-01,TCGA-G2-AA3D,0,no alteration,no alteration,no alteration,no alteration,no alteration
237,blca_tcga_pan_can_atlas_2018,TCGA-G2-AA3F-01,TCGA-G2-AA3F,0,no alteration,no alteration,no alteration,no alteration,no alteration
238,blca_tcga_pan_can_atlas_2018,TCGA-GC-A3BM-01,TCGA-GC-A3BM,0,no alteration,no alteration,no alteration,no alteration,no alteration
239,blca_tcga_pan_can_atlas_2018,TCGA-GC-A3I6-01,TCGA-GC-A3I6,0,no alteration,no alteration,no alteration,no alteration,no alteration
240,blca_tcga_pan_can_atlas_2018,TCGA-GC-A3OO-01,TCGA-GC-A3OO,0,no alteration,no alteration,no alteration,no alteration,no alteration
241,blca_tcga_pan_can_atlas_2018,TCGA-GC-A3RB-01,TCGA-GC-A3RB,0,no alteration,no alteration,no alteration,no alteration,no alteration
242,blca_tcga_pan_can_atlas_2018,TCGA-GC-A3RC-01,TCGA-GC-A3RC,0,no alteration,no alteration,no alteration,no alteration,no alteration
243,blca_tcga_pan_can_atlas_2018,TCGA-GC-A3RD-01,TCGA-GC-A3RD,0,no alteration,no alteration,no alteration,no alteration,no alteration
244,blca_tcga_pan_can_atlas_2018,TCGA-GC-A3WC-01,TCGA-GC-A3WC,0,no alteration,no alteration,no alteration,no alteration,no alteration
245,blca_tcga_pan_can_atlas_2018,TCGA-GC-A3YS-01,TCGA-GC-A3YS,0,no alteration,no alteration,no alteration,no alteration,no alteration
246,blca_tcga_pan_can_atlas_2018,TCGA-GC-A4ZW-01,TCGA-GC-A4ZW,0,no alteration,no alteration,no alteration,no alteration,no alteration
247,blca_tcga_pan_can_atlas_2018,TCGA-GC-A6I1-01,TCGA-GC-A6I1,0,no alteration,no alteration,no alteration,no alteration,no alteration
248,blca_tcga_pan_can_atlas_2018,TCGA-GC-A6I3-01,TCGA-GC-A6I3,0,no alteration,no alteration,no alteration,no alteration,no alteration
249,blca_tcga_pan_can_atlas_2018,TCGA-GD-A2C5-01,TCGA-GD-A2C5,0,no alteration,no alteration,no alteration,no alteration,no alteration
250,blca_tcga_pan_can_atlas_2018,TCGA-GD-A3OP-01,TCGA-GD-A3OP,0,no alteration,no alteration,no alteration,no alteration,no alteration
251,blca_tcga_pan_can_atlas_2018,TCGA-GD-A3OQ-01,TCGA-GD-A3OQ,0,no alteration,no alteration,no alteration,no alteration,no alteration
252,blca_tcga_pan_can_atlas_2018,TCGA-GD-A3OS-01,TCGA-GD-A3OS,0,no alteration,no alteration,no alteration,no alteration,no alteration
253,blca_tcga_pan_can_atlas_2018,TCGA-GD-A6C6-01,TCGA-GD-A6C6,0,no alteration,no alteration,no alteration,no alteration,no alteration
254,blca_tcga_pan_can_atlas_2018,TCGA-GD-A76B-01,TCGA-GD-A76B,0,no alteration,no alteration,no alteration,no alteration,no alteration
255,blca_tcga_pan_can_atlas_2018,TCGA-GU-A42P-01,TCGA-GU-A42P,0,no alteration,no alteration,no alteration,no alteration,no alteration
256,blca_tcga_pan_can_atlas_2018,TCGA-GU-A42Q-01,TCGA-GU-A42Q,0,no alteration,no alteration,no alteration,no alteration,no alteration
257,blca_tcga_pan_can_atlas_2018,TCGA-GU-A42R-01,TCGA-GU-A42R,0,no alteration,no alteration,no alteration,no alteration,no alteration
258,blca_tcga_pan_can_atlas_2018,TCGA-GU-A762-01,TCGA-GU-A762,0,no alteration,no alteration,no alteration,no alteration,no alteration
259,blca_tcga_pan_can_atlas_2018,TCGA-GU-A763-01,TCGA-GU-A763,0,no alteration,no alteration,no alteration,no alteration,no alteration
260,blca_tcga_pan_can_atlas_2018,TCGA-GU-A764-01,TCGA-GU-A764,0,no alteration,no alteration,no alteration,no alteration,no alteration
261,blca_tcga_pan_can_atlas_2018,TCGA-GU-A766-01,TCGA-GU-A766,0,no alteration,no alteration,no alteration,no alteration,no alteration
262,blca_tcga_pan_can_atlas_2018,TCGA-GU-A767-01,TCGA-GU-A767,0,no alteration,no alteration,no alteration,no alteration,no alteration
263,blca_tcga_pan_can_atlas_2018,TCGA-GU-AATO-01,TCGA-GU-AATO,0,no alteration,no alteration,no alteration,no alteration,no alteration
264,blca_tcga_pan_can_atlas_2018,TCGA-GU-AATP-01,TCGA-GU-AATP,0,no alteration,no alteration,no alteration,no alteration,no alteration
265,blca_tcga_pan_can_atlas_2018,TCGA-GU-AATQ-01,TCGA-GU-AATQ,0,no alteration,no alteration,no alteration,no alteration,no alteration
266,blca_tcga_pan_can_atlas_2018,TCGA-GV-A3JV-01,TCGA-GV-A3JV,0,no alteration,no alteration,no alteration,no alteration,no alteration
267,blca_tcga_pan_can_atlas_2018,TCGA-GV-A3JW-01,TCGA-GV-A3JW,0,no alteration,no alteration,no alteration,no alteration,no alteration
268,blca_tcga_pan_can_atlas_2018,TCGA-GV-A3JX-01,TCGA-GV-A3JX,0,no alteration,no alteration,no alteration,no alteration,no alteration
269,blca_tcga_pan_can_atlas_2018,TCGA-GV-A3JZ-01,TCGA-GV-A3JZ,0,no alteration,no alteration,no alteration,no alteration,no alteration
270,blca_tcga_pan_can_atlas_2018,TCGA-GV-A3QF-01,TCGA-GV-A3QF,0,no alteration,no alteration,no alteration,no alteration,no alteration
271,blca_tcga_pan_can_atlas_2018,TCGA-GV-A3QG-01,TCGA-GV-A3QG,0,no alteration,no alteration,no alteration,no alteration,no alteration
272,blca_tcga_pan_can_atlas_2018,TCGA-GV-A3QH-01,TCGA-GV-A3QH,0,no alteration,no alteration,no alteration,no alteration,no alteration
273,blca_tcga_pan_can_atlas_2018,TCGA-GV-A3QI-01,TCGA-GV-A3QI,0,no alteration,no alteration,no alteration,no alteration,no alteration
274,blca_tcga_pan_can_atlas_2018,TCGA-GV-A3QK-01,TCGA-GV-A3QK,0,no alteration,no alteration,no alteration,no alteration,no alteration
275,blca_tcga_pan_can_atlas_2018,TCGA-GV-A40E-01,TCGA-GV-A40E,0,no alteration,no alteration,no alteration,no alteration,no alteration
276,blca_tcga_pan_can_atlas_2018,TCGA-GV-A40G-01,TCGA-GV-A40G,0,no alteration,no alteration,no alteration,no alteration,no alteration
277,blca_tcga_pan_can_atlas_2018,TCGA-GV-A6ZA-01,TCGA-GV-A6ZA,0,no alteration,no alteration,no alteration,no alteration,no alteration
278,blca_tcga_pan_can_atlas_2018,TCGA-H4-A2HO-01,TCGA-H4-A2HO,0,no alteration,no alteration,no alteration,no alteration,no alteration
279,blca_tcga_pan_can_atlas_2018,TCGA-H4-A2HQ-01,TCGA-H4-A2HQ,0,no alteration,no alteration,no alteration,no alteration,no alteration
280,blca_tcga_pan_can_atlas_2018,TCGA-HQ-A2OE-01,TCGA-HQ-A2OE,0,no alteration,no alteration,no alteration,no alteration,no alteration
281,blca_tcga_pan_can_atlas_2018,TCGA-HQ-A2OF-01,TCGA-HQ-A2OF,0,no alteration,no alteration,no alteration,no alteration,no alteration
282,blca_tcga_pan_can_atlas_2018,TCGA-HQ-A5ND-01,TCGA-HQ-A5ND,0,no alteration,no alteration,no alteration,no alteration,no alteration
283,blca_tcga_pan_can_atlas_2018,TCGA-HQ-A5NE-01,TCGA-HQ-A5NE,0,no alteration,no alteration,no alteration,no alteration,no alteration
284,blca_tcga_pan_can_atlas_2018,TCGA-K4-A3WS-01,TCGA-K4-A3WS,0,no alteration,no alteration,no alteration,no alteration,no alteration
285,blca_tcga_pan_can_atlas_2018,TCGA-K4-A3WU-01,TCGA-K4-A3WU,0,no alteration,no alteration,no alteration,no alteration,no alteration
286,blca_tcga_pan_can_atlas_2018,TCGA-K4-A3WV-01,TCGA-K4-A3WV,0,no alteration,no alteration,no alteration,no alteration,no alteration
287,blca_tcga_pan_can_atlas_2018,TCGA-K4-A4AB-01,TCGA-K4-A4AB,0,no alteration,no alteration,no alteration,no alteration,no alteration
288,blca_tcga_pan_can_atlas_2018,TCGA-K4-A4AC-01,TCGA-K4-A4AC,0,no alteration,no alteration,no alteration,no alteration,no alteration
289,blca_tcga_pan_can_atlas_2018,TCGA-K4-A54R-01,TCGA-K4-A54R,0,no alteration,no alteration,no alteration,no alteration,no alteration
290,blca_tcga_pan_can_atlas_2018,TCGA-K4-A5RH-01,TCGA-K4-A5RH,0,no alteration,no alteration,no alteration,no alteration,no alteration
291,blca_tcga_pan_can_atlas_2018,TCGA-K4-A5RI-01,TCGA-K4-A5RI,0,no alteration,no alteration,no alteration,no alteration,no alteration
292,blca_tcga_pan_can_atlas_2018,TCGA-K4-A5RJ-01,TCGA-K4-A5RJ,0,no alteration,no alteration,no alteration,no alteration,no alteration
293,blca_tcga_pan_can_atlas_2018,TCGA-K4-A6FZ-01,TCGA-K4-A6FZ,0,no alteration,no alteration,no alteration,no alteration,no alteration
294,blca_tcga_pan_can_atlas_2018,TCGA-K4-A6MB-01,TCGA-K4-A6MB,0,no alteration,no alteration,no alteration,no alteration,no alteration
295,blca_tcga_pan_can_atlas_2018,TCGA-K4-A83P-01,TCGA-K4-A83P,0,no alteration,no alteration,no alteration,no alteration,no alteration
296,blca_tcga_pan_can_atlas_2018,TCGA-K4-AAQO-01,TCGA-K4-AAQO,0,no alteration,no alteration,no alteration,no alteration,no alteration
297,blca_tcga_pan_can_atlas_2018,TCGA-KQ-A41N-01,TCGA-KQ-A41N,0,no alteration,no alteration,no alteration,no alteration,no alteration
298,blca_tcga_pan_can_atlas_2018,TCGA-KQ-A41O-01,TCGA-KQ-A41O,0,no alteration,no alteration,no alteration,no alteration,no alteration
299,blca_tcga_pan_can_atlas_2018,TCGA-KQ-A41P-01,TCGA-KQ-A41P,0,no alteration,no alteration,no alteration,no alteration,no alteration
300,blca_tcga_pan_can_atlas_2018,TCGA-KQ-A41Q-01,TCGA-KQ-A41Q,0,no alteration,no alteration,no alteration,no alteration,no alteration
301,blca_tcga_pan_can_atlas_2018,TCGA-KQ-A41R-01,TCGA-KQ-A41R,0,no alteration,no alteration,no alteration,no alteration,no alteration
302,blca_tcga_pan_can_atlas_2018,TCGA-KQ-A41S-01,TCGA-KQ-A41S,0,no alteration,no alteration,no alteration,no alteration,no alteration
303,blca_tcga_pan_can_atlas_2018,TCGA-LC-A66R-01,TCGA-LC-A66R,0,no alteration,no alteration,no alteration,no alteration,no alteration
304,blca_tcga_pan_can_atlas_2018,TCGA-LT-A5Z6-01,TCGA-LT-A5Z6,0,no alteration,no alteration,no alteration,no alteration,no alteration
305,blca_tcga_pan_can_atlas_2018,TCGA-LT-A8JT-01,TCGA-LT-A8JT,0,no alteration,no alteration,no alteration,no alteration,no alteration
306,blca_tcga_pan_can_atlas_2018,TCGA-MV-A51V-01,TCGA-MV-A51V,0,no alteration,no alteration,no alteration,no alteration,no alteration
307,blca_tcga_pan_can_atlas_2018,TCGA-PQ-A6FI-01,TCGA-PQ-A6FI,0,no alteration,no alteration,no alteration,no alteration,no alteration
308,blca_tcga_pan_can_atlas_2018,TCGA-PQ-A6FN-01,TCGA-PQ-A6FN,0,no alteration,no alteration,no alteration,no alteration,no alteration
309,blca_tcga_pan_can_atlas_2018,TCGA-R3-A69X-01,TCGA-R3-A69X,0,no alteration,no alteration,no alteration,no alteration,no alteration
310,blca_tcga_pan_can_atlas_2018,TCGA-S5-A6DX-01,TCGA-S5-A6DX,0,no alteration,no alteration,no alteration,no alteration,no alteration
311,blca_tcga_pan_can_atlas_2018,TCGA-S5-AA26-01,TCGA-S5-AA26,0,no alteration,no alteration,no alteration,no alteration,no alteration
312,blca_tcga_pan_can_atlas_2018,TCGA-SY-A9G5-01,TCGA-SY-A9G5,0,no alteration,no alteration,no alteration,no alteration,no alteration
313,blca_tcga_pan_can_atlas_2018,TCGA-UY-A78K-01,TCGA-UY-A78K,0,no alteration,no alteration,no alteration,no alteration,no alteration
314,blca_tcga_pan_can_atlas_2018,TCGA-UY-A78L-01,TCGA-UY-A78L,0,no alteration,no alteration,no alteration,no alteration,no alteration
315,blca_tcga_pan_can_atlas_2018,TCGA-UY-A78M-01,TCGA-UY-A78M,0,no alteration,no alteration,no alteration,no alteration,no alteration
316,blca_tcga_pan_can_atlas_2018,TCGA-UY-A78N-01,TCGA-UY-A78N,0,no alteration,no alteration,no alteration,no alteration,no alteration
317,blca_tcga_pan_can_atlas_2018,TCGA-UY-A78O-01,TCGA-UY-A78O,0,no alteration,no alteration,no alteration,no alteration,no alteration
318,blca_tcga_pan_can_atlas_2018,TCGA-UY-A78P-01,TCGA-UY-A78P,0,no alteration,no alteration,no alteration,no alteration,no alteration
319,blca_tcga_pan_can_atlas_2018,TCGA-UY-A8OB-01,TCGA-UY-A8OB,0,no alteration,no alteration,no alteration,no alteration,no alteration
320,blca_tcga_pan_can_atlas_2018,TCGA-UY-A8OC-01,TCGA-UY-A8OC,0,no alteration,no alteration,no alteration,no alteration,no alteration
321,blca_tcga_pan_can_atlas_2018,TCGA-UY-A8OD-01,TCGA-UY-A8OD,0,no alteration,no alteration,no alteration,no alteration,no alteration
322,blca_tcga_pan_can_atlas_2018,TCGA-UY-A9PA-01,TCGA-UY-A9PA,0,no alteration,no alteration,no alteration,no alteration,no alteration
323,blca_tcga_pan_can_atlas_2018,TCGA-UY-A9PB-01,TCGA-UY-A9PB,0,no alteration,no alteration,no alteration,no alteration,no alteration
324,blca_tcga_pan_can_atlas_2018,TCGA-UY-A9PD-01,TCGA-UY-A9PD,0,no alteration,no alteration,no alteration,no alteration,no alteration
325,blca_tcga_pan_can_atlas_2018,TCGA-UY-A9PF-01,TCGA-UY-A9PF,0,no alteration,no alteration,no alteration,no alteration,no alteration
326,blca_tcga_pan_can_atlas_2018,TCGA-UY-A9PH-01,TCGA-UY-A9PH,0,no alteration,no alteration,no alteration,no alteration,no alteration
327,blca_tcga_pan_can_atlas_2018,TCGA-XF-A8HB-01,TCGA-XF-A8HB,0,no alteration,no alteration,no alteration,no alteration,no alteration
328,blca_tcga_pan_can_atlas_2018,TCGA-XF-A8HC-01,TCGA-XF-A8HC,0,no alteration,no alteration,no alteration,no alteration,no alteration
329,blca_tcga_pan_can_atlas_2018,TCGA-XF-A8HD-01,TCGA-XF-A8HD,0,no alteration,no alteration,no alteration,no alteration,no alteration
330,blca_tcga_pan_can_atlas_2018,TCGA-XF-A8HE-01,TCGA-XF-A8HE,0,no alteration,no alteration,no alteration,no alteration,no alteration
331,blca_tcga_pan_can_atlas_2018,TCGA-XF-A8HF-01,TCGA-XF-A8HF,0,no alteration,no alteration,no alteration,no alteration,no alteration
332,blca_tcga_pan_can_atlas_2018,TCGA-XF-A8HG-01,TCGA-XF-A8HG,0,no alteration,no alteration,no alteration,no alteration,no alteration
333,blca_tcga_pan_can_atlas_2018,TCGA-XF-A8HH-01,TCGA-XF-A8HH,0,no alteration,no alteration,no alteration,no alteration,no alteration
334,blca_tcga_pan_can_atlas_2018,TCGA-XF-A8HI-01,TCGA-XF-A8HI,0,no alteration,no alteration,no alteration,no alteration,no alteration
335,blca_tcga_pan_can_atlas_2018,TCGA-XF-A9SG-01,TCGA-XF-A9SG,0,no alteration,no alteration,no alteration,no alteration,no alteration
336,blca_tcga_pan_can_atlas_2018,TCGA-XF-A9SH-01,TCGA-XF-A9SH,0,no alteration,no alteration,no alteration,no alteration,no alteration
337,blca_tcga_pan_can_atlas_2018,TCGA-XF-A9SI-01,TCGA-XF-A9SI,0,no alteration,no alteration,no alteration,no alteration,no alteration
338,blca_tcga_pan_can_atlas_2018,TCGA-XF-A9SJ-01,TCGA-XF-A9SJ,0,no alteration,no alteration,no alteration,no alteration,no alteration
339,blca_tcga_pan_can_atlas_2018,TCGA-XF-A9SK-01,TCGA-XF-A9SK,0,no alteration,no alteration,no alteration,no alteration,no alteration
340,blca_tcga_pan_can_atlas_2018,TCGA-XF-A9SL-01,TCGA-XF-A9SL,0,no alteration,no alteration,no alteration,no alteration,no alteration
341,blca_tcga_pan_can_atlas_2018,TCGA-XF-A9SM-01,TCGA-XF-A9SM,0,no alteration,no alteration,no alteration,no alteration,no alteration
342,blca_tcga_pan_can_atlas_2018,TCGA-XF-A9SP-01,TCGA-XF-A9SP,0,no alteration,no alteration,no alteration,no alteration,no alteration
343,blca_tcga_pan_can_atlas_2018,TCGA-XF-A9ST-01,TCGA-XF-A9ST,0,no alteration,no alteration,no alteration,no alteration,no alteration
344,blca_tcga_pan_can_atlas_2018,TCGA-XF-A9SU-01,TCGA-XF-A9SU,0,no alteration,no alteration,no alteration,no alteration,no alteration
345,blca_tcga_pan_can_atlas_2018,TCGA-XF-A9SV-01,TCGA-XF-A9SV,0,no alteration,no alteration,no alteration,no alteration,no alteration
346,blca_tcga_pan_can_atlas_2018,TCGA-XF-A9SW-01,TCGA-XF-A9SW,0,no alteration,no alteration,no alteration,no alteration,no alteration
347,blca_tcga_pan_can_atlas_2018,TCGA-XF-A9SX-01,TCGA-XF-A9SX,0,no alteration,no alteration,no alteration,no alteration,no alteration
348,blca_tcga_pan_can_atlas_2018,TCGA-XF-A9SY-01,TCGA-XF-A9SY,0,no alteration,no alteration,no alteration,no alteration,no alteration
349,blca_tcga_pan_can_atlas_2018,TCGA-XF-A9SZ-01,TCGA-XF-A9SZ,0,no alteration,no alteration,no alteration,no alteration,no alteration
350,blca_tcga_pan_can_atlas_2018,TCGA-XF-A9T0-01,TCGA-XF-A9T0,0,no alteration,no alteration,no alteration,no alteration,no alteration
351,blca_tcga_pan_can_atlas_2018,TCGA-XF-A9T3-01,TCGA-XF-A9T3,0,no alteration,no alteration,no alteration,no alteration,no alteration
352,blca_tcga_pan_can_atlas_2018,TCGA-XF-A9T4-01,TCGA-XF-A9T4,0,no alteration,no alteration,no alteration,no alteration,no alteration
353,blca_tcga_pan_can_atlas_2018,TCGA-XF-A9T5-01,TCGA-XF-A9T5,0,no alteration,no alteration,no alteration,no alteration,no alteration
354,blca_tcga_pan_can_atlas_2018,TCGA-XF-A9T6-01,TCGA-XF-A9T6,0,no alteration,no alteration,no alteration,no alteration,no alteration
355,blca_tcga_pan_can_atlas_2018,TCGA-XF-A9T8-01,TCGA-XF-A9T8,0,no alteration,no alteration,no alteration,no alteration,no alteration
356,blca_tcga_pan_can_atlas_2018,TCGA-XF-AAME-01,TCGA-XF-AAME,0,no alteration,no alteration,no alteration,no alteration,no alteration
357,blca_tcga_pan_can_atlas_2018,TCGA-XF-AAMF-01,TCGA-XF-AAMF,0,no alteration,no alteration,no alteration,no alteration,no alteration
358,blca_tcga_pan_can_atlas_2018,TCGA-XF-AAMG-01,TCGA-XF-AAMG,0,no alteration,no alteration,no alteration,no alteration,no alteration
359,blca_tcga_pan_can_atlas_2018,TCGA-XF-AAMH-01,TCGA-XF-AAMH,0,no alteration,no alteration,no alteration,no alteration,no alteration
360,blca_tcga_pan_can_atlas_2018,TCGA-XF-AAMJ-01,TCGA-XF-AAMJ,0,no alteration,no alteration,no alteration,no alteration,no alteration
361,blca_tcga_pan_can_atlas_2018,TCGA-XF-AAML-01,TCGA-XF-AAML,0,no alteration,no alteration,no alteration,no alteration,no alteration
362,blca_tcga_pan_can_atlas_2018,TCGA-XF-AAMQ-01,TCGA-XF-AAMQ,0,no alteration,no alteration,no alteration,no alteration,no alteration
363,blca_tcga_pan_can_atlas_2018,TCGA-XF-AAMR-01,TCGA-XF-AAMR,0,no alteration,no alteration,no alteration,no alteration,no alteration
364,blca_tcga_pan_can_atlas_2018,TCGA-XF-AAMT-01,TCGA-XF-AAMT,0,no alteration,no alteration,no alteration,no alteration,no alteration
365,blca_tcga_pan_can_atlas_2018,TCGA-XF-AAMW-01,TCGA-XF-AAMW,0,no alteration,no alteration,no alteration,no alteration,no alteration
366,blca_tcga_pan_can_atlas_2018,TCGA-XF-AAMX-01,TCGA-XF-AAMX,0,no alteration,no alteration,no alteration,no alteration,no alteration
367,blca_tcga_pan_can_atlas_2018,TCGA-XF-AAMY-01,TCGA-XF-AAMY,0,no alteration,no alteration,no alteration,no alteration,no alteration
368,blca_tcga_pan_can_atlas_2018,TCGA-XF-AAMZ-01,TCGA-XF-AAMZ,0,no alteration,no alteration,no alteration,no alteration,no alteration
369,blca_tcga_pan_can_atlas_2018,TCGA-XF-AAN0-01,TCGA-XF-AAN0,0,no alteration,no alteration,no alteration,no alteration,no alteration
370,blca_tcga_pan_can_atlas_2018,TCGA-XF-AAN1-01,TCGA-XF-AAN1,0,no alteration,no alteration,no alteration,no alteration,no alteration
371,blca_tcga_pan_can_atlas_2018,TCGA-XF-AAN2-01,TCGA-XF-AAN2,0,no alteration,no alteration,no alteration,no alteration,no alteration
372,blca_tcga_pan_can_atlas_2018,TCGA-XF-AAN3-01,TCGA-XF-AAN3,0,no alteration,no alteration,no alteration,no alteration,no alteration
373,blca_tcga_pan_can_atlas_2018,TCGA-XF-AAN4-01,TCGA-XF-AAN4,0,no alteration,no alteration,no alteration,no alteration,no alteration
374,blca_tcga_pan_can_atlas_2018,TCGA-XF-AAN5-01,TCGA-XF-AAN5,0,no alteration,no alteration,no alteration,no alteration,no alteration
375,blca_tcga_pan_can_atlas_2018,TCGA-XF-AAN7-01,TCGA-XF-AAN7,0,no alteration,no alteration,no alteration,no alteration,no alteration
376,blca_tcga_pan_can_atlas_2018,TCGA-XF-AAN8-01,TCGA-XF-AAN8,0,no alteration,no alteration,no alteration,no alteration,no alteration
377,blca_tcga_pan_can_atlas_2018,TCGA-YC-A8S6-01,TCGA-YC-A8S6,0,no alteration,no alteration,no alteration,no alteration,no alteration
378,blca_tcga_pan_can_atlas_2018,TCGA-YC-A9TC-01,TCGA-YC-A9TC,0,no alteration,no alteration,no alteration,no alteration,no alteration
379,blca_tcga_pan_can_atlas_2018,TCGA-YF-AA3L-01,TCGA-YF-AA3L,0,no alteration,no alteration,no alteration,no alteration,no alteration
380,blca_tcga_pan_can_atlas_2018,TCGA-YF-AA3M-01,TCGA-YF-AA3M,0,no alteration,no alteration,no alteration,no alteration,no alteration
381,blca_tcga_pan_can_atlas_2018,TCGA-ZF-A9R0-01,TCGA-ZF-A9R0,0,no alteration,no alteration,no alteration,no alteration,no alteration
382,blca_tcga_pan_can_atlas_2018,TCGA-ZF-A9R1-01,TCGA-ZF-A9R1,0,no alteration,no alteration,no alteration,no alteration,no alteration
383,blca_tcga_pan_can_atlas_2018,TCGA-ZF-A9R2-01,TCGA-ZF-A9R2,0,no alteration,no alteration,no alteration,no alteration,no alteration
384,blca_tcga_pan_can_atlas_2018,TCGA-ZF-A9R3-01,TCGA-ZF-A9R3,0,no alteration,no alteration,no alteration,no alteration,no alteration
385,blca_tcga_pan_can_atlas_2018,TCGA-ZF-A9R4-01,TCGA-ZF-A9R4,0,no alteration,no alteration,no alteration,no alteration,no alteration
386,blca_tcga_pan_can_atlas_2018,TCGA-ZF-A9R5-01,TCGA-ZF-A9R5,0,no alteration,no alteration,no alteration,no alteration,no alteration
387,blca_tcga_pan_can_atlas_2018,TCGA-ZF-A9R7-01,TCGA-ZF-A9R7,0,no alteration,no alteration,no alteration,no alteration,no alteration
388,blca_tcga_pan_can_atlas_2018,TCGA-ZF-A9R9-01,TCGA-ZF-A9R9,0,no alteration,no alteration,no alteration,no alteration,no alteration
389,blca_tcga_pan_can_atlas_2018,TCGA-ZF-A9RD-01,TCGA-ZF-A9RD,0,no alteration,no alteration,no alteration,no alteration,no alteration
390,blca_tcga_pan_can_atlas_2018,TCGA-ZF-A9RE-01,TCGA-ZF-A9RE,0,no alteration,no alteration,no alteration,no alteration,no alteration
391,blca_tcga_pan_can_atlas_2018,TCGA-ZF-A9RF-01,TCGA-ZF-A9RF,0,no alteration,no alteration,no alteration,no alteration,no alteration
392,blca_tcga_pan_can_atlas_2018,TCGA-ZF-A9RG-01,TCGA-ZF-A9RG,0,no alteration,no alteration,no alteration,no alteration,no alteration
393,blca_tcga_pan_can_atlas_2018,TCGA-ZF-A9RL-01,TCGA-ZF-A9RL,0,no alteration,no alteration,no alteration,no alteration,no alteration
394,blca_tcga_pan_can_atlas_2018,TCGA-ZF-A9RM-01,TCGA-ZF-A9RM,0,no alteration,no alteration,no alteration,no alteration,no alteration
395,blca_tcga_pan_can_atlas_2018,TCGA-ZF-A9RN-01,TCGA-ZF-A9RN,0,no alteration,no alteration,no alteration,no alteration,no alteration
396,blca_tcga_pan_can_atlas_2018,TCGA-ZF-AA4N-01,TCGA-ZF-AA4N,0,no alteration,no alteration,no alteration,no alteration,no alteration
397,blca_tcga_pan_can_atlas_2018,TCGA-ZF-AA4R-01,TCGA-ZF-AA4R,0,no alteration,no alteration,no alteration,no alteration,no alteration
398,blca_tcga_pan_can_atlas_2018,TCGA-ZF-AA4T-01,TCGA-ZF-AA4T,0,no alteration,no alteration,no alteration,no alteration,no alteration
399,blca_tcga_pan_can_atlas_2018,TCGA-ZF-AA4U-01,TCGA-ZF-AA4U,0,no alteration,no alteration,no alteration,no alteration,no alteration
400,blca_tcga_pan_can_atlas_2018,TCGA-ZF-AA4V-01,TCGA-ZF-AA4V,0,no alteration,no alteration,no alteration,no alteration,no alteration
401,blca_tcga_pan_can_atlas_2018,TCGA-ZF-AA4W-01,TCGA-ZF-AA4W,0,no alteration,no alteration,no alteration,no alteration,no alteration
402,blca_tcga_pan_can_atlas_2018,TCGA-ZF-AA4X-01,TCGA-ZF-AA4X,0,no alteration,no alteration,no alteration,no alteration,no alteration
403,blca_tcga_pan_can_atlas_2018,TCGA-ZF-AA51-01,TCGA-ZF-AA51,0,no alteration,no alteration,no alteration,no alteration,no alteration
404,blca_tcga_pan_can_atlas_2018,TCGA-ZF-AA52-01,TCGA-ZF-AA52,0,no alteration,no alteration,no alteration,no alteration,no alteration
405,blca_tcga_pan_can_atlas_2018,TCGA-ZF-AA53-01,TCGA-ZF-AA53,0,no alteration,no alteration,no alteration,no alteration,no alteration
406,blca_tcga_pan_can_atlas_2018,TCGA-ZF-AA54-01,TCGA-ZF-AA54,0,no alteration,no alteration,no alteration,no alteration,no alteration
407,blca_tcga_pan_can_atlas_2018,TCGA-ZF-AA56-01,TCGA-ZF-AA56,0,no alteration,no alteration,no alteration,no alteration,no alteration
408,blca_tcga_pan_can_atlas_2018,TCGA-ZF-AA5H-01,TCGA-ZF-AA5H,0,no alteration,no alteration,no alteration,no alteration,no alteration
409,blca_tcga_pan_can_atlas_2018,TCGA-ZF-AA5N-01,TCGA-ZF-AA5N,0,no alteration,no alteration,no alteration,no alteration,no alteration
410,blca_tcga_pan_can_atlas_2018,TCGA-ZF-AA5P-01,TCGA-ZF-AA5P,0,no alteration,no alteration,no alteration,no alteration,no alteration
