,Study ID,Sample ID,Patient ID,Altered,RB1,RB1: MUT,RB1: AMP,RB1: HOMDEL,RB1: FUSION
0,sarc_tcga_pan_can_atlas_2018,TCGA-3B-A9HI-01,TCGA-3B-A9HI,1,HOMDEL (driver),no alteration,HOMDEL (driver),HOMDEL (driver),no alteration
1,sarc_tcga_pan_can_atlas_2018,TCGA-3B-A9HP-01,TCGA-3B-A9HP,1,Q384* (driver),Q384* (driver),no alteration,no alteration,no alteration
2,sarc_tcga_pan_can_atlas_2018,TCGA-3B-A9HR-01,TCGA-3B-A9HR,1,HOMDEL (driver),no alteration,HOMDEL (driver),HOMDEL (driver),no alteration
3,sarc_tcga_pan_can_atlas_2018,TCGA-3B-A9HV-01,TCGA-3B-A9HV,1,HOMDEL (driver),no alteration,HOMDEL (driver),HOMDEL (driver),no alteration
4,sarc_tcga_pan_can_atlas_2018,TCGA-3B-A9HX-01,TCGA-3B-A9HX,1,HOMDEL (driver),no alteration,HOMDEL (driver),HOMDEL (driver),no alteration
5,sarc_tcga_pan_can_atlas_2018,TCGA-3B-A9HY-01,TCGA-3B-A9HY,1,Q504* (driver),Q504* (driver),no alteration,no alteration,no alteration
6,sarc_tcga_pan_can_atlas_2018,TCGA-3B-A9HZ-01,TCGA-3B-A9HZ,1,HOMDEL (driver),no alteration,HOMDEL (driver),HOMDEL (driver),no alteration
7,sarc_tcga_pan_can_atlas_2018,TCGA-3B-A9I0-01,TCGA-3B-A9I0,1,Y155* (driver),Y155* (driver),no alteration,no alteration,no alteration
8,sarc_tcga_pan_can_atlas_2018,TCGA-3B-A9I3-01,TCGA-3B-A9I3,1,X888_splice (driver),X888_splice (driver),no alteration,no alteration,no alteration
9,sarc_tcga_pan_can_atlas_2018,TCGA-DX-A3UE-01,TCGA-DX-A3UE,1,N623Kfs*30 (driver),N623Kfs*30 (driver),no alteration,no alteration,no alteration
10,sarc_tcga_pan_can_atlas_2018,TCGA-DX-A3UF-01,TCGA-DX-A3UF,1,RB1-CLEC2B fusion,no alteration,no alteration,no alteration,RB1-CLEC2B fusion
11,sarc_tcga_pan_can_atlas_2018,TCGA-DX-A48L-01,TCGA-DX-A48L,1,M484Vfs*8 (driver),M484Vfs*8 (driver),no alteration,no alteration,no alteration
12,sarc_tcga_pan_can_atlas_2018,TCGA-DX-A48P-01,TCGA-DX-A48P,1,HOMDEL (driver),no alteration,HOMDEL (driver),HOMDEL (driver),no alteration
13,sarc_tcga_pan_can_atlas_2018,TCGA-DX-A6B8-01,TCGA-DX-A6B8,1,HOMDEL (driver),no alteration,HOMDEL (driver),HOMDEL (driver),no alteration
14,sarc_tcga_pan_can_atlas_2018,TCGA-DX-A6YS-01,TCGA-DX-A6YS,1,HOMDEL (driver),no alteration,HOMDEL (driver),HOMDEL (driver),no alteration
15,sarc_tcga_pan_can_atlas_2018,TCGA-DX-A6YU-01,TCGA-DX-A6YU,1,HOMDEL (driver),no alteration,HOMDEL (driver),HOMDEL (driver),no alteration
16,sarc_tcga_pan_can_atlas_2018,TCGA-DX-A6YV-01,TCGA-DX-A6YV,1,X203_splice (driver),X203_splice (driver),no alteration,no alteration,no alteration
17,sarc_tcga_pan_can_atlas_2018,TCGA-DX-A6Z2-01,TCGA-DX-A6Z2,1,R334I,R334I,no alteration,no alteration,no alteration
18,sarc_tcga_pan_can_atlas_2018,TCGA-DX-A7EM-01,TCGA-DX-A7EM,1,"X737_splice (driver), V725Nfs*25 (driver)","X737_splice (driver), V725Nfs*25 (driver)",no alteration,no alteration,no alteration
19,sarc_tcga_pan_can_atlas_2018,TCGA-DX-A7EN-01,TCGA-DX-A7EN,1,E675* (driver),E675* (driver),no alteration,no alteration,no alteration
20,sarc_tcga_pan_can_atlas_2018,TCGA-DX-A7ET-01,TCGA-DX-A7ET,1,HOMDEL (driver),no alteration,HOMDEL (driver),HOMDEL (driver),no alteration
21,sarc_tcga_pan_can_atlas_2018,TCGA-DX-A8BG-01,TCGA-DX-A8BG,1,X463_splice (driver),X463_splice (driver),no alteration,no alteration,no alteration
22,sarc_tcga_pan_can_atlas_2018,TCGA-DX-A8BK-01,TCGA-DX-A8BK,1,HOMDEL (driver),no alteration,HOMDEL (driver),HOMDEL (driver),no alteration
23,sarc_tcga_pan_can_atlas_2018,TCGA-DX-A8BM-01,TCGA-DX-A8BM,1,M379* (driver),M379* (driver),no alteration,no alteration,no alteration
24,sarc_tcga_pan_can_atlas_2018,TCGA-DX-A8BO-01,TCGA-DX-A8BO,1,X313_splice (driver),X313_splice (driver),no alteration,no alteration,no alteration
25,sarc_tcga_pan_can_atlas_2018,TCGA-DX-A8BR-01,TCGA-DX-A8BR,1,HOMDEL (driver),no alteration,HOMDEL (driver),HOMDEL (driver),no alteration
26,sarc_tcga_pan_can_atlas_2018,TCGA-DX-A8BU-01,TCGA-DX-A8BU,1,HOMDEL (driver),no alteration,HOMDEL (driver),HOMDEL (driver),no alteration
27,sarc_tcga_pan_can_atlas_2018,TCGA-DX-A8BV-01,TCGA-DX-A8BV,1,HOMDEL (driver),no alteration,HOMDEL (driver),HOMDEL (driver),no alteration
28,sarc_tcga_pan_can_atlas_2018,TCGA-DX-AATS-01,TCGA-DX-AATS,1,HOMDEL (driver),no alteration,HOMDEL (driver),HOMDEL (driver),no alteration
29,sarc_tcga_pan_can_atlas_2018,TCGA-DX-AB2P-01,TCGA-DX-AB2P,1,HOMDEL (driver),no alteration,HOMDEL (driver),HOMDEL (driver),no alteration
30,sarc_tcga_pan_can_atlas_2018,TCGA-DX-AB2T-01,TCGA-DX-AB2T,1,R556Wfs*53 (driver),R556Wfs*53 (driver),no alteration,no alteration,no alteration
31,sarc_tcga_pan_can_atlas_2018,TCGA-DX-AB32-01,TCGA-DX-AB32,1,X405_splice (driver),X405_splice (driver),no alteration,no alteration,no alteration
32,sarc_tcga_pan_can_atlas_2018,TCGA-HB-A2OT-01,TCGA-HB-A2OT,1,HOMDEL (driver),no alteration,HOMDEL (driver),HOMDEL (driver),no alteration
33,sarc_tcga_pan_can_atlas_2018,TCGA-HB-A5W3-01,TCGA-HB-A5W3,1,HOMDEL (driver),no alteration,HOMDEL (driver),HOMDEL (driver),no alteration
34,sarc_tcga_pan_can_atlas_2018,TCGA-HS-A5NA-01,TCGA-HS-A5NA,1,HOMDEL (driver),no alteration,HOMDEL (driver),HOMDEL (driver),no alteration
35,sarc_tcga_pan_can_atlas_2018,TCGA-IE-A3OV-01,TCGA-IE-A3OV,1,HOMDEL (driver),no alteration,HOMDEL (driver),HOMDEL (driver),no alteration
36,sarc_tcga_pan_can_atlas_2018,TCGA-IE-A4EH-01,TCGA-IE-A4EH,1,HOMDEL (driver),no alteration,HOMDEL (driver),HOMDEL (driver),no alteration
37,sarc_tcga_pan_can_atlas_2018,TCGA-IF-A4AJ-01,TCGA-IF-A4AJ,1,R445* (driver),R445* (driver),no alteration,no alteration,no alteration
38,sarc_tcga_pan_can_atlas_2018,TCGA-IS-A3K6-01,TCGA-IS-A3K6,1,HOMDEL (driver),no alteration,HOMDEL (driver),HOMDEL (driver),no alteration
39,sarc_tcga_pan_can_atlas_2018,TCGA-IS-A3KA-01,TCGA-IS-A3KA,1,I441Lfs*16 (driver),I441Lfs*16 (driver),no alteration,no alteration,no alteration
40,sarc_tcga_pan_can_atlas_2018,TCGA-JV-A5VF-01,TCGA-JV-A5VF,1,MYO10-RB1 fusion,no alteration,no alteration,no alteration,MYO10-RB1 fusion
41,sarc_tcga_pan_can_atlas_2018,TCGA-K1-A6RU-01,TCGA-K1-A6RU,1,"L389* (driver), HOMDEL (driver)",L389* (driver),HOMDEL (driver),HOMDEL (driver),no alteration
42,sarc_tcga_pan_can_atlas_2018,TCGA-KD-A5QS-01,TCGA-KD-A5QS,1,HOMDEL (driver),no alteration,HOMDEL (driver),HOMDEL (driver),no alteration
43,sarc_tcga_pan_can_atlas_2018,TCGA-KD-A5QT-01,TCGA-KD-A5QT,1,HOMDEL (driver),no alteration,HOMDEL (driver),HOMDEL (driver),no alteration
44,sarc_tcga_pan_can_atlas_2018,TCGA-KF-A41W-01,TCGA-KF-A41W,1,HOMDEL (driver),no alteration,HOMDEL (driver),HOMDEL (driver),no alteration
45,sarc_tcga_pan_can_atlas_2018,TCGA-LI-A67I-01,TCGA-LI-A67I,1,G801Efs*9 (driver),G801Efs*9 (driver),no alteration,no alteration,no alteration
46,sarc_tcga_pan_can_atlas_2018,TCGA-LI-A9QH-01,TCGA-LI-A9QH,1,"HOMDEL (driver), RB1-DIAPH3 fusion",no alteration,HOMDEL (driver),HOMDEL (driver),RB1-DIAPH3 fusion
47,sarc_tcga_pan_can_atlas_2018,TCGA-MB-A8JK-01,TCGA-MB-A8JK,1,HOMDEL (driver),no alteration,HOMDEL (driver),HOMDEL (driver),no alteration
48,sarc_tcga_pan_can_atlas_2018,TCGA-QQ-A5VB-01,TCGA-QQ-A5VB,1,HOMDEL (driver),no alteration,HOMDEL (driver),HOMDEL (driver),no alteration
49,sarc_tcga_pan_can_atlas_2018,TCGA-QQ-A5VD-01,TCGA-QQ-A5VD,1,"R787* (driver), Q471* (driver)","R787* (driver), Q471* (driver)",no alteration,no alteration,no alteration
50,sarc_tcga_pan_can_atlas_2018,TCGA-QQ-A8VF-01,TCGA-QQ-A8VF,1,T342Lfs*7 (driver),T342Lfs*7 (driver),no alteration,no alteration,no alteration
51,sarc_tcga_pan_can_atlas_2018,TCGA-SG-A6Z4-01,TCGA-SG-A6Z4,1,HOMDEL (driver),no alteration,HOMDEL (driver),HOMDEL (driver),no alteration
52,sarc_tcga_pan_can_atlas_2018,TCGA-SI-AA8B-01,TCGA-SI-AA8B,1,RB1-RUBCNL fusion,no alteration,no alteration,no alteration,RB1-RUBCNL fusion
53,sarc_tcga_pan_can_atlas_2018,TCGA-WK-A8XY-01,TCGA-WK-A8XY,1,HOMDEL (driver),no alteration,HOMDEL (driver),HOMDEL (driver),no alteration
54,sarc_tcga_pan_can_atlas_2018,TCGA-WK-A8XZ-01,TCGA-WK-A8XZ,1,K548Efs*55 (driver),K548Efs*55 (driver),not profiled,not profiled,no alteration
55,sarc_tcga_pan_can_atlas_2018,TCGA-WK-A8Y0-01,TCGA-WK-A8Y0,1,K574Nfs*36 (driver),K574Nfs*36 (driver),no alteration,no alteration,no alteration
56,sarc_tcga_pan_can_atlas_2018,TCGA-X2-A95T-01,TCGA-X2-A95T,1,"HOMDEL (driver), RB1-ESR2 fusion, RB1-TEX21P fusion",no alteration,HOMDEL (driver),HOMDEL (driver),"RB1-ESR2 fusion, RB1-TEX21P fusion"
57,sarc_tcga_pan_can_atlas_2018,TCGA-X6-A7W8-01,TCGA-X6-A7W8,1,HOMDEL (driver),no alteration,HOMDEL (driver),HOMDEL (driver),no alteration
58,sarc_tcga_pan_can_atlas_2018,TCGA-X6-A7WA-01,TCGA-X6-A7WA,1,E119Vfs*9 (driver),E119Vfs*9 (driver),no alteration,no alteration,no alteration
59,sarc_tcga_pan_can_atlas_2018,TCGA-X6-A7WB-01,TCGA-X6-A7WB,1,HOMDEL (driver),no alteration,HOMDEL (driver),HOMDEL (driver),no alteration
60,sarc_tcga_pan_can_atlas_2018,TCGA-X6-A7WD-01,TCGA-X6-A7WD,1,R552* (driver),R552* (driver),no alteration,no alteration,no alteration
61,sarc_tcga_pan_can_atlas_2018,TCGA-X6-A8C2-01,TCGA-X6-A8C2,1,HOMDEL (driver),no alteration,HOMDEL (driver),HOMDEL (driver),no alteration
62,sarc_tcga_pan_can_atlas_2018,TCGA-X6-A8C6-01,TCGA-X6-A8C6,1,HOMDEL (driver),no alteration,HOMDEL (driver),HOMDEL (driver),no alteration
63,sarc_tcga_pan_can_atlas_2018,TCGA-X9-A971-01,TCGA-X9-A971,1,HOMDEL (driver),no alteration,HOMDEL (driver),HOMDEL (driver),no alteration
64,sarc_tcga_pan_can_atlas_2018,TCGA-3B-A9HJ-01,TCGA-3B-A9HJ,0,no alteration,no alteration,no alteration,no alteration,no alteration
65,sarc_tcga_pan_can_atlas_2018,TCGA-3B-A9HL-01,TCGA-3B-A9HL,0,no alteration,no alteration,no alteration,no alteration,no alteration
66,sarc_tcga_pan_can_atlas_2018,TCGA-3B-A9HO-01,TCGA-3B-A9HO,0,no alteration,no alteration,no alteration,no alteration,no alteration
67,sarc_tcga_pan_can_atlas_2018,TCGA-3B-A9HQ-01,TCGA-3B-A9HQ,0,no alteration,no alteration,no alteration,no alteration,no alteration
68,sarc_tcga_pan_can_atlas_2018,TCGA-3B-A9HS-01,TCGA-3B-A9HS,0,no alteration,no alteration,no alteration,no alteration,no alteration
69,sarc_tcga_pan_can_atlas_2018,TCGA-3B-A9HT-01,TCGA-3B-A9HT,0,no alteration,no alteration,no alteration,no alteration,no alteration
70,sarc_tcga_pan_can_atlas_2018,TCGA-3B-A9HU-01,TCGA-3B-A9HU,0,no alteration,no alteration,no alteration,no alteration,no alteration
71,sarc_tcga_pan_can_atlas_2018,TCGA-3B-A9I1-01,TCGA-3B-A9I1,0,no alteration,no alteration,no alteration,no alteration,no alteration
72,sarc_tcga_pan_can_atlas_2018,TCGA-3R-A8YX-01,TCGA-3R-A8YX,0,no alteration,no alteration,no alteration,no alteration,no alteration
73,sarc_tcga_pan_can_atlas_2018,TCGA-DX-A1KU-01,TCGA-DX-A1KU,0,no alteration,no alteration,no alteration,no alteration,no alteration
74,sarc_tcga_pan_can_atlas_2018,TCGA-DX-A1KW-01,TCGA-DX-A1KW,0,no alteration,no alteration,no alteration,no alteration,no alteration
75,sarc_tcga_pan_can_atlas_2018,TCGA-DX-A1KX-01,TCGA-DX-A1KX,0,no alteration,no alteration,no alteration,no alteration,no alteration
76,sarc_tcga_pan_can_atlas_2018,TCGA-DX-A1KY-01,TCGA-DX-A1KY,0,no alteration,no alteration,no alteration,no alteration,no alteration
77,sarc_tcga_pan_can_atlas_2018,TCGA-DX-A1KZ-01,TCGA-DX-A1KZ,0,no alteration,no alteration,no alteration,no alteration,no alteration
78,sarc_tcga_pan_can_atlas_2018,TCGA-DX-A1L0-01,TCGA-DX-A1L0,0,no alteration,no alteration,no alteration,no alteration,no alteration
79,sarc_tcga_pan_can_atlas_2018,TCGA-DX-A1L1-01,TCGA-DX-A1L1,0,no alteration,no alteration,no alteration,no alteration,no alteration
80,sarc_tcga_pan_can_atlas_2018,TCGA-DX-A1L2-01,TCGA-DX-A1L2,0,no alteration,no alteration,no alteration,no alteration,no alteration
81,sarc_tcga_pan_can_atlas_2018,TCGA-DX-A1L3-01,TCGA-DX-A1L3,0,no alteration,no alteration,no alteration,no alteration,no alteration
82,sarc_tcga_pan_can_atlas_2018,TCGA-DX-A1L4-01,TCGA-DX-A1L4,0,no alteration,no alteration,no alteration,no alteration,no alteration
83,sarc_tcga_pan_can_atlas_2018,TCGA-DX-A23R-01,TCGA-DX-A23R,0,no alteration,no alteration,no alteration,no alteration,no alteration
84,sarc_tcga_pan_can_atlas_2018,TCGA-DX-A23T-01,TCGA-DX-A23T,0,no alteration,no alteration,no alteration,no alteration,no alteration
85,sarc_tcga_pan_can_atlas_2018,TCGA-DX-A23U-01,TCGA-DX-A23U,0,no alteration,no alteration,no alteration,no alteration,no alteration
86,sarc_tcga_pan_can_atlas_2018,TCGA-DX-A23V-01,TCGA-DX-A23V,0,no alteration,no alteration,no alteration,no alteration,no alteration
87,sarc_tcga_pan_can_atlas_2018,TCGA-DX-A23Y-01,TCGA-DX-A23Y,0,no alteration,no alteration,no alteration,no alteration,no alteration
88,sarc_tcga_pan_can_atlas_2018,TCGA-DX-A23Z-01,TCGA-DX-A23Z,0,no alteration,no alteration,no alteration,no alteration,no alteration
89,sarc_tcga_pan_can_atlas_2018,TCGA-DX-A240-01,TCGA-DX-A240,0,no alteration,no alteration,no alteration,no alteration,no alteration
90,sarc_tcga_pan_can_atlas_2018,TCGA-DX-A2IZ-01,TCGA-DX-A2IZ,0,no alteration,no alteration,no alteration,no alteration,no alteration
91,sarc_tcga_pan_can_atlas_2018,TCGA-DX-A2J0-01,TCGA-DX-A2J0,0,no alteration,no alteration,no alteration,no alteration,no alteration
92,sarc_tcga_pan_can_atlas_2018,TCGA-DX-A2J1-01,TCGA-DX-A2J1,0,no alteration,no alteration,no alteration,no alteration,no alteration
93,sarc_tcga_pan_can_atlas_2018,TCGA-DX-A2J4-01,TCGA-DX-A2J4,0,no alteration,no alteration,no alteration,no alteration,no alteration
94,sarc_tcga_pan_can_atlas_2018,TCGA-DX-A3LS-01,TCGA-DX-A3LS,0,no alteration,no alteration,no alteration,no alteration,no alteration
95,sarc_tcga_pan_can_atlas_2018,TCGA-DX-A3LT-01,TCGA-DX-A3LT,0,no alteration,no alteration,no alteration,no alteration,no alteration
96,sarc_tcga_pan_can_atlas_2018,TCGA-DX-A3LU-01,TCGA-DX-A3LU,0,no alteration,no alteration,no alteration,no alteration,no alteration
97,sarc_tcga_pan_can_atlas_2018,TCGA-DX-A3LW-01,TCGA-DX-A3LW,0,no alteration,no alteration,no alteration,no alteration,no alteration
98,sarc_tcga_pan_can_atlas_2018,TCGA-DX-A3LY-01,TCGA-DX-A3LY,0,no alteration,no alteration,no alteration,no alteration,no alteration
99,sarc_tcga_pan_can_atlas_2018,TCGA-DX-A3M1-01,TCGA-DX-A3M1,0,no alteration,no alteration,no alteration,no alteration,no alteration
100,sarc_tcga_pan_can_atlas_2018,TCGA-DX-A3M2-01,TCGA-DX-A3M2,0,no alteration,no alteration,no alteration,no alteration,no alteration
101,sarc_tcga_pan_can_atlas_2018,TCGA-DX-A3U5-01,TCGA-DX-A3U5,0,no alteration,no alteration,no alteration,no alteration,no alteration
102,sarc_tcga_pan_can_atlas_2018,TCGA-DX-A3U6-01,TCGA-DX-A3U6,0,no alteration,no alteration,no alteration,no alteration,no alteration
103,sarc_tcga_pan_can_atlas_2018,TCGA-DX-A3U7-01,TCGA-DX-A3U7,0,no alteration,no alteration,no alteration,no alteration,no alteration
104,sarc_tcga_pan_can_atlas_2018,TCGA-DX-A3U8-01,TCGA-DX-A3U8,0,no alteration,no alteration,no alteration,no alteration,no alteration
105,sarc_tcga_pan_can_atlas_2018,TCGA-DX-A3U9-01,TCGA-DX-A3U9,0,no alteration,no alteration,no alteration,no alteration,no alteration
106,sarc_tcga_pan_can_atlas_2018,TCGA-DX-A3UA-01,TCGA-DX-A3UA,0,no alteration,no alteration,no alteration,no alteration,no alteration
107,sarc_tcga_pan_can_atlas_2018,TCGA-DX-A3UB-01,TCGA-DX-A3UB,0,no alteration,no alteration,no alteration,no alteration,no alteration
108,sarc_tcga_pan_can_atlas_2018,TCGA-DX-A3UC-01,TCGA-DX-A3UC,0,no alteration,no alteration,no alteration,no alteration,no alteration
109,sarc_tcga_pan_can_atlas_2018,TCGA-DX-A3UD-01,TCGA-DX-A3UD,0,no alteration,no alteration,no alteration,no alteration,no alteration
110,sarc_tcga_pan_can_atlas_2018,TCGA-DX-A48J-01,TCGA-DX-A48J,0,no alteration,no alteration,no alteration,no alteration,no alteration
111,sarc_tcga_pan_can_atlas_2018,TCGA-DX-A48K-01,TCGA-DX-A48K,0,no alteration,no alteration,no alteration,no alteration,no alteration
112,sarc_tcga_pan_can_atlas_2018,TCGA-DX-A48N-01,TCGA-DX-A48N,0,no alteration,no alteration,no alteration,no alteration,no alteration
113,sarc_tcga_pan_can_atlas_2018,TCGA-DX-A48O-01,TCGA-DX-A48O,0,no alteration,no alteration,no alteration,no alteration,no alteration
114,sarc_tcga_pan_can_atlas_2018,TCGA-DX-A48R-01,TCGA-DX-A48R,0,no alteration,no alteration,no alteration,no alteration,no alteration
115,sarc_tcga_pan_can_atlas_2018,TCGA-DX-A48U-01,TCGA-DX-A48U,0,no alteration,no alteration,no alteration,no alteration,no alteration
116,sarc_tcga_pan_can_atlas_2018,TCGA-DX-A48V-01,TCGA-DX-A48V,0,no alteration,no alteration,no alteration,no alteration,no alteration
117,sarc_tcga_pan_can_atlas_2018,TCGA-DX-A6B7-01,TCGA-DX-A6B7,0,no alteration,no alteration,no alteration,no alteration,no alteration
118,sarc_tcga_pan_can_atlas_2018,TCGA-DX-A6B9-01,TCGA-DX-A6B9,0,no alteration,no alteration,no alteration,no alteration,no alteration
119,sarc_tcga_pan_can_atlas_2018,TCGA-DX-A6BA-01,TCGA-DX-A6BA,0,no alteration,no alteration,no alteration,no alteration,no alteration
120,sarc_tcga_pan_can_atlas_2018,TCGA-DX-A6BB-01,TCGA-DX-A6BB,0,no alteration,no alteration,no alteration,no alteration,no alteration
121,sarc_tcga_pan_can_atlas_2018,TCGA-DX-A6BE-01,TCGA-DX-A6BE,0,no alteration,no alteration,no alteration,no alteration,no alteration
122,sarc_tcga_pan_can_atlas_2018,TCGA-DX-A6BF-01,TCGA-DX-A6BF,0,no alteration,no alteration,no alteration,no alteration,no alteration
123,sarc_tcga_pan_can_atlas_2018,TCGA-DX-A6BG-01,TCGA-DX-A6BG,0,no alteration,no alteration,no alteration,no alteration,no alteration
124,sarc_tcga_pan_can_atlas_2018,TCGA-DX-A6BH-01,TCGA-DX-A6BH,0,no alteration,no alteration,no alteration,no alteration,no alteration
125,sarc_tcga_pan_can_atlas_2018,TCGA-DX-A6BK-01,TCGA-DX-A6BK,0,no alteration,no alteration,no alteration,no alteration,no alteration
126,sarc_tcga_pan_can_atlas_2018,TCGA-DX-A6YQ-01,TCGA-DX-A6YQ,0,no alteration,no alteration,no alteration,no alteration,no alteration
127,sarc_tcga_pan_can_atlas_2018,TCGA-DX-A6YR-01,TCGA-DX-A6YR,0,no alteration,no alteration,no alteration,no alteration,no alteration
128,sarc_tcga_pan_can_atlas_2018,TCGA-DX-A6YT-01,TCGA-DX-A6YT,0,no alteration,no alteration,no alteration,no alteration,no alteration
129,sarc_tcga_pan_can_atlas_2018,TCGA-DX-A6YX-01,TCGA-DX-A6YX,0,no alteration,no alteration,no alteration,no alteration,no alteration
130,sarc_tcga_pan_can_atlas_2018,TCGA-DX-A6YZ-01,TCGA-DX-A6YZ,0,no alteration,no alteration,no alteration,no alteration,no alteration
131,sarc_tcga_pan_can_atlas_2018,TCGA-DX-A6Z0-01,TCGA-DX-A6Z0,0,no alteration,no alteration,no alteration,no alteration,no alteration
132,sarc_tcga_pan_can_atlas_2018,TCGA-DX-A7EF-01,TCGA-DX-A7EF,0,no alteration,no alteration,no alteration,no alteration,no alteration
133,sarc_tcga_pan_can_atlas_2018,TCGA-DX-A7EI-01,TCGA-DX-A7EI,0,no alteration,no alteration,no alteration,no alteration,no alteration
134,sarc_tcga_pan_can_atlas_2018,TCGA-DX-A7EL-01,TCGA-DX-A7EL,0,no alteration,no alteration,no alteration,no alteration,no alteration
135,sarc_tcga_pan_can_atlas_2018,TCGA-DX-A7EO-01,TCGA-DX-A7EO,0,no alteration,no alteration,no alteration,no alteration,no alteration
136,sarc_tcga_pan_can_atlas_2018,TCGA-DX-A7EQ-01,TCGA-DX-A7EQ,0,no alteration,no alteration,no alteration,no alteration,no alteration
137,sarc_tcga_pan_can_atlas_2018,TCGA-DX-A7ER-01,TCGA-DX-A7ER,0,no alteration,no alteration,no alteration,no alteration,no alteration
138,sarc_tcga_pan_can_atlas_2018,TCGA-DX-A7ES-01,TCGA-DX-A7ES,0,no alteration,no alteration,no alteration,no alteration,no alteration
139,sarc_tcga_pan_can_atlas_2018,TCGA-DX-A7EU-01,TCGA-DX-A7EU,0,no alteration,no alteration,not profiled,not profiled,no alteration
140,sarc_tcga_pan_can_atlas_2018,TCGA-DX-A8BH-01,TCGA-DX-A8BH,0,no alteration,no alteration,no alteration,no alteration,no alteration
141,sarc_tcga_pan_can_atlas_2018,TCGA-DX-A8BJ-01,TCGA-DX-A8BJ,0,no alteration,no alteration,no alteration,no alteration,no alteration
142,sarc_tcga_pan_can_atlas_2018,TCGA-DX-A8BL-01,TCGA-DX-A8BL,0,no alteration,no alteration,no alteration,no alteration,no alteration
143,sarc_tcga_pan_can_atlas_2018,TCGA-DX-A8BN-01,TCGA-DX-A8BN,0,no alteration,no alteration,no alteration,no alteration,no alteration
144,sarc_tcga_pan_can_atlas_2018,TCGA-DX-A8BP-01,TCGA-DX-A8BP,0,no alteration,no alteration,no alteration,no alteration,no alteration
145,sarc_tcga_pan_can_atlas_2018,TCGA-DX-A8BS-01,TCGA-DX-A8BS,0,no alteration,no alteration,no alteration,no alteration,no alteration
146,sarc_tcga_pan_can_atlas_2018,TCGA-DX-A8BT-01,TCGA-DX-A8BT,0,no alteration,no alteration,no alteration,no alteration,no alteration
147,sarc_tcga_pan_can_atlas_2018,TCGA-DX-A8BX-01,TCGA-DX-A8BX,0,no alteration,no alteration,no alteration,no alteration,no alteration
148,sarc_tcga_pan_can_atlas_2018,TCGA-DX-A8BZ-01,TCGA-DX-A8BZ,0,no alteration,no alteration,no alteration,no alteration,no alteration
149,sarc_tcga_pan_can_atlas_2018,TCGA-DX-AB2E-01,TCGA-DX-AB2E,0,no alteration,no alteration,no alteration,no alteration,no alteration
150,sarc_tcga_pan_can_atlas_2018,TCGA-DX-AB2F-01,TCGA-DX-AB2F,0,no alteration,no alteration,no alteration,no alteration,no alteration
151,sarc_tcga_pan_can_atlas_2018,TCGA-DX-AB2G-01,TCGA-DX-AB2G,0,no alteration,no alteration,no alteration,no alteration,no alteration
152,sarc_tcga_pan_can_atlas_2018,TCGA-DX-AB2H-01,TCGA-DX-AB2H,0,no alteration,no alteration,no alteration,no alteration,no alteration
153,sarc_tcga_pan_can_atlas_2018,TCGA-DX-AB2J-01,TCGA-DX-AB2J,0,no alteration,no alteration,no alteration,no alteration,no alteration
154,sarc_tcga_pan_can_atlas_2018,TCGA-DX-AB2L-01,TCGA-DX-AB2L,0,no alteration,no alteration,no alteration,no alteration,no alteration
155,sarc_tcga_pan_can_atlas_2018,TCGA-DX-AB2O-01,TCGA-DX-AB2O,0,no alteration,no alteration,no alteration,no alteration,no alteration
156,sarc_tcga_pan_can_atlas_2018,TCGA-DX-AB2Q-01,TCGA-DX-AB2Q,0,no alteration,no alteration,no alteration,no alteration,no alteration
157,sarc_tcga_pan_can_atlas_2018,TCGA-DX-AB2S-01,TCGA-DX-AB2S,0,no alteration,no alteration,no alteration,no alteration,no alteration
158,sarc_tcga_pan_can_atlas_2018,TCGA-DX-AB2V-01,TCGA-DX-AB2V,0,no alteration,no alteration,no alteration,no alteration,no alteration
159,sarc_tcga_pan_can_atlas_2018,TCGA-DX-AB2W-01,TCGA-DX-AB2W,0,no alteration,no alteration,no alteration,no alteration,no alteration
160,sarc_tcga_pan_can_atlas_2018,TCGA-DX-AB2X-01,TCGA-DX-AB2X,0,no alteration,no alteration,no alteration,no alteration,no alteration
161,sarc_tcga_pan_can_atlas_2018,TCGA-DX-AB2Z-01,TCGA-DX-AB2Z,0,no alteration,no alteration,no alteration,no alteration,no alteration
162,sarc_tcga_pan_can_atlas_2018,TCGA-DX-AB30-01,TCGA-DX-AB30,0,no alteration,no alteration,no alteration,no alteration,no alteration
163,sarc_tcga_pan_can_atlas_2018,TCGA-DX-AB35-01,TCGA-DX-AB35,0,no alteration,no alteration,no alteration,no alteration,no alteration
164,sarc_tcga_pan_can_atlas_2018,TCGA-DX-AB36-01,TCGA-DX-AB36,0,no alteration,no alteration,no alteration,no alteration,no alteration
165,sarc_tcga_pan_can_atlas_2018,TCGA-DX-AB37-01,TCGA-DX-AB37,0,no alteration,no alteration,no alteration,no alteration,no alteration
166,sarc_tcga_pan_can_atlas_2018,TCGA-DX-AB3A-01,TCGA-DX-AB3A,0,no alteration,no alteration,no alteration,no alteration,no alteration
167,sarc_tcga_pan_can_atlas_2018,TCGA-DX-AB3B-01,TCGA-DX-AB3B,0,no alteration,no alteration,no alteration,no alteration,no alteration
168,sarc_tcga_pan_can_atlas_2018,TCGA-DX-AB3C-01,TCGA-DX-AB3C,0,no alteration,no alteration,no alteration,no alteration,no alteration
169,sarc_tcga_pan_can_atlas_2018,TCGA-FX-A2QS-01,TCGA-FX-A2QS,0,no alteration,no alteration,no alteration,no alteration,no alteration
170,sarc_tcga_pan_can_atlas_2018,TCGA-FX-A3NJ-01,TCGA-FX-A3NJ,0,no alteration,no alteration,no alteration,no alteration,no alteration
171,sarc_tcga_pan_can_atlas_2018,TCGA-FX-A3NK-01,TCGA-FX-A3NK,0,no alteration,no alteration,no alteration,no alteration,no alteration
172,sarc_tcga_pan_can_atlas_2018,TCGA-FX-A3RE-01,TCGA-FX-A3RE,0,no alteration,no alteration,no alteration,no alteration,no alteration
173,sarc_tcga_pan_can_atlas_2018,TCGA-FX-A3TO-01,TCGA-FX-A3TO,0,no alteration,no alteration,no alteration,no alteration,no alteration
174,sarc_tcga_pan_can_atlas_2018,TCGA-FX-A48G-01,TCGA-FX-A48G,0,no alteration,no alteration,no alteration,no alteration,no alteration
175,sarc_tcga_pan_can_atlas_2018,TCGA-FX-A76Y-01,TCGA-FX-A76Y,0,no alteration,no alteration,no alteration,no alteration,no alteration
176,sarc_tcga_pan_can_atlas_2018,TCGA-FX-A8OO-01,TCGA-FX-A8OO,0,no alteration,no alteration,no alteration,no alteration,no alteration
177,sarc_tcga_pan_can_atlas_2018,TCGA-HB-A3L4-01,TCGA-HB-A3L4,0,no alteration,no alteration,no alteration,no alteration,no alteration
178,sarc_tcga_pan_can_atlas_2018,TCGA-HB-A3YV-01,TCGA-HB-A3YV,0,no alteration,no alteration,no alteration,no alteration,no alteration
179,sarc_tcga_pan_can_atlas_2018,TCGA-HB-A43Z-01,TCGA-HB-A43Z,0,no alteration,no alteration,no alteration,no alteration,no alteration
180,sarc_tcga_pan_can_atlas_2018,TCGA-HS-A5N7-01,TCGA-HS-A5N7,0,no alteration,no alteration,no alteration,no alteration,no alteration
181,sarc_tcga_pan_can_atlas_2018,TCGA-HS-A5N8-01,TCGA-HS-A5N8,0,no alteration,no alteration,no alteration,no alteration,no alteration
182,sarc_tcga_pan_can_atlas_2018,TCGA-IE-A4EI-01,TCGA-IE-A4EI,0,no alteration,no alteration,no alteration,no alteration,no alteration
183,sarc_tcga_pan_can_atlas_2018,TCGA-IE-A4EJ-01,TCGA-IE-A4EJ,0,no alteration,no alteration,no alteration,no alteration,no alteration
184,sarc_tcga_pan_can_atlas_2018,TCGA-IE-A4EK-01,TCGA-IE-A4EK,0,no alteration,no alteration,no alteration,no alteration,no alteration
185,sarc_tcga_pan_can_atlas_2018,TCGA-IE-A6BZ-01,TCGA-IE-A6BZ,0,no alteration,no alteration,no alteration,no alteration,no alteration
186,sarc_tcga_pan_can_atlas_2018,TCGA-IF-A3RQ-01,TCGA-IF-A3RQ,0,no alteration,no alteration,no alteration,no alteration,no alteration
187,sarc_tcga_pan_can_atlas_2018,TCGA-IS-A3K7-01,TCGA-IS-A3K7,0,no alteration,no alteration,no alteration,no alteration,no alteration
188,sarc_tcga_pan_can_atlas_2018,TCGA-IS-A3K8-01,TCGA-IS-A3K8,0,no alteration,no alteration,no alteration,no alteration,no alteration
189,sarc_tcga_pan_can_atlas_2018,TCGA-IW-A3M4-01,TCGA-IW-A3M4,0,no alteration,no alteration,no alteration,no alteration,no alteration
190,sarc_tcga_pan_can_atlas_2018,TCGA-IW-A3M5-01,TCGA-IW-A3M5,0,no alteration,no alteration,no alteration,no alteration,no alteration
191,sarc_tcga_pan_can_atlas_2018,TCGA-IW-A3M6-01,TCGA-IW-A3M6,0,no alteration,no alteration,no alteration,no alteration,no alteration
192,sarc_tcga_pan_can_atlas_2018,TCGA-JV-A5VE-01,TCGA-JV-A5VE,0,no alteration,no alteration,no alteration,no alteration,no alteration
193,sarc_tcga_pan_can_atlas_2018,TCGA-JV-A75J-01,TCGA-JV-A75J,0,no alteration,no alteration,no alteration,no alteration,no alteration
194,sarc_tcga_pan_can_atlas_2018,TCGA-K1-A3PN-01,TCGA-K1-A3PN,0,no alteration,no alteration,no alteration,no alteration,no alteration
195,sarc_tcga_pan_can_atlas_2018,TCGA-K1-A3PO-01,TCGA-K1-A3PO,0,no alteration,no alteration,no alteration,no alteration,no alteration
196,sarc_tcga_pan_can_atlas_2018,TCGA-K1-A42W-01,TCGA-K1-A42W,0,no alteration,no alteration,no alteration,no alteration,no alteration
197,sarc_tcga_pan_can_atlas_2018,TCGA-K1-A42X-01,TCGA-K1-A42X,0,no alteration,no alteration,no alteration,no alteration,no alteration
198,sarc_tcga_pan_can_atlas_2018,TCGA-K1-A6RT-01,TCGA-K1-A6RT,0,no alteration,no alteration,no alteration,no alteration,no alteration
199,sarc_tcga_pan_can_atlas_2018,TCGA-K1-A6RV-01,TCGA-K1-A6RV,0,no alteration,no alteration,no alteration,no alteration,no alteration
200,sarc_tcga_pan_can_atlas_2018,TCGA-KD-A5QU-01,TCGA-KD-A5QU,0,no alteration,no alteration,no alteration,no alteration,no alteration
201,sarc_tcga_pan_can_atlas_2018,TCGA-MB-A5Y8-01,TCGA-MB-A5Y8,0,no alteration,no alteration,no alteration,no alteration,no alteration
202,sarc_tcga_pan_can_atlas_2018,TCGA-MB-A5Y9-01,TCGA-MB-A5Y9,0,no alteration,no alteration,no alteration,no alteration,no alteration
203,sarc_tcga_pan_can_atlas_2018,TCGA-MB-A5YA-01,TCGA-MB-A5YA,0,no alteration,no alteration,no alteration,no alteration,no alteration
204,sarc_tcga_pan_can_atlas_2018,TCGA-MB-A8JL-01,TCGA-MB-A8JL,0,no alteration,no alteration,no alteration,no alteration,no alteration
205,sarc_tcga_pan_can_atlas_2018,TCGA-MJ-A68H-01,TCGA-MJ-A68H,0,no alteration,no alteration,no alteration,no alteration,no alteration
206,sarc_tcga_pan_can_atlas_2018,TCGA-MJ-A68J-01,TCGA-MJ-A68J,0,no alteration,no alteration,no alteration,no alteration,no alteration
207,sarc_tcga_pan_can_atlas_2018,TCGA-MJ-A850-01,TCGA-MJ-A850,0,no alteration,no alteration,no alteration,no alteration,no alteration
208,sarc_tcga_pan_can_atlas_2018,TCGA-MO-A47P-01,TCGA-MO-A47P,0,no alteration,no alteration,no alteration,no alteration,no alteration
209,sarc_tcga_pan_can_atlas_2018,TCGA-MO-A47R-01,TCGA-MO-A47R,0,no alteration,no alteration,no alteration,no alteration,no alteration
210,sarc_tcga_pan_can_atlas_2018,TCGA-N1-A6IA-01,TCGA-N1-A6IA,0,no alteration,no alteration,no alteration,no alteration,no alteration
211,sarc_tcga_pan_can_atlas_2018,TCGA-PC-A5DK-01,TCGA-PC-A5DK,0,no alteration,no alteration,no alteration,no alteration,no alteration
212,sarc_tcga_pan_can_atlas_2018,TCGA-PC-A5DL-01,TCGA-PC-A5DL,0,no alteration,no alteration,no alteration,no alteration,no alteration
213,sarc_tcga_pan_can_atlas_2018,TCGA-PC-A5DN-01,TCGA-PC-A5DN,0,no alteration,no alteration,no alteration,no alteration,no alteration
214,sarc_tcga_pan_can_atlas_2018,TCGA-PC-A5DO-01,TCGA-PC-A5DO,0,no alteration,no alteration,no alteration,no alteration,no alteration
215,sarc_tcga_pan_can_atlas_2018,TCGA-QC-A6FX-01,TCGA-QC-A6FX,0,no alteration,no alteration,no alteration,no alteration,no alteration
216,sarc_tcga_pan_can_atlas_2018,TCGA-QC-A7B5-01,TCGA-QC-A7B5,0,no alteration,no alteration,no alteration,no alteration,no alteration
217,sarc_tcga_pan_can_atlas_2018,TCGA-QC-AA9N-01,TCGA-QC-AA9N,0,no alteration,no alteration,no alteration,no alteration,no alteration
218,sarc_tcga_pan_can_atlas_2018,TCGA-QQ-A5V2-01,TCGA-QQ-A5V2,0,no alteration,no alteration,no alteration,no alteration,no alteration
219,sarc_tcga_pan_can_atlas_2018,TCGA-QQ-A5V9-01,TCGA-QQ-A5V9,0,no alteration,no alteration,no alteration,no alteration,no alteration
220,sarc_tcga_pan_can_atlas_2018,TCGA-QQ-A5VA-01,TCGA-QQ-A5VA,0,no alteration,no alteration,no alteration,no alteration,no alteration
221,sarc_tcga_pan_can_atlas_2018,TCGA-QQ-A5VC-01,TCGA-QQ-A5VC,0,no alteration,no alteration,no alteration,no alteration,no alteration
222,sarc_tcga_pan_can_atlas_2018,TCGA-QQ-A8VB-01,TCGA-QQ-A8VB,0,no alteration,no alteration,no alteration,no alteration,no alteration
223,sarc_tcga_pan_can_atlas_2018,TCGA-QQ-A8VD-01,TCGA-QQ-A8VD,0,no alteration,no alteration,no alteration,no alteration,no alteration
224,sarc_tcga_pan_can_atlas_2018,TCGA-QQ-A8VG-01,TCGA-QQ-A8VG,0,no alteration,no alteration,no alteration,no alteration,no alteration
225,sarc_tcga_pan_can_atlas_2018,TCGA-QQ-A8VH-01,TCGA-QQ-A8VH,0,no alteration,no alteration,no alteration,no alteration,no alteration
226,sarc_tcga_pan_can_atlas_2018,TCGA-RN-A68Q-01,TCGA-RN-A68Q,0,no alteration,no alteration,no alteration,no alteration,no alteration
227,sarc_tcga_pan_can_atlas_2018,TCGA-RN-AAAQ-01,TCGA-RN-AAAQ,0,no alteration,no alteration,no alteration,no alteration,no alteration
228,sarc_tcga_pan_can_atlas_2018,TCGA-SG-A6Z7-01,TCGA-SG-A6Z7,0,no alteration,no alteration,no alteration,no alteration,no alteration
229,sarc_tcga_pan_can_atlas_2018,TCGA-SG-A849-01,TCGA-SG-A849,0,no alteration,no alteration,no alteration,no alteration,no alteration
230,sarc_tcga_pan_can_atlas_2018,TCGA-SI-A71O-01,TCGA-SI-A71O,0,no alteration,no alteration,no alteration,no alteration,no alteration
231,sarc_tcga_pan_can_atlas_2018,TCGA-SI-A71P-01,TCGA-SI-A71P,0,no alteration,no alteration,no alteration,no alteration,no alteration
232,sarc_tcga_pan_can_atlas_2018,TCGA-SI-A71Q-01,TCGA-SI-A71Q,0,no alteration,no alteration,no alteration,no alteration,no alteration
233,sarc_tcga_pan_can_atlas_2018,TCGA-SI-AA8C-01,TCGA-SI-AA8C,0,no alteration,no alteration,no alteration,no alteration,no alteration
234,sarc_tcga_pan_can_atlas_2018,TCGA-UE-A6QT-01,TCGA-UE-A6QT,0,no alteration,no alteration,no alteration,no alteration,no alteration
235,sarc_tcga_pan_can_atlas_2018,TCGA-UE-A6QU-01,TCGA-UE-A6QU,0,no alteration,no alteration,no alteration,no alteration,no alteration
236,sarc_tcga_pan_can_atlas_2018,TCGA-VT-A80G-01,TCGA-VT-A80G,0,no alteration,no alteration,no alteration,no alteration,no alteration
237,sarc_tcga_pan_can_atlas_2018,TCGA-VT-A80J-01,TCGA-VT-A80J,0,no alteration,no alteration,no alteration,no alteration,no alteration
238,sarc_tcga_pan_can_atlas_2018,TCGA-VT-AB3D-01,TCGA-VT-AB3D,0,no alteration,no alteration,no alteration,no alteration,no alteration
239,sarc_tcga_pan_can_atlas_2018,TCGA-WK-A8XO-01,TCGA-WK-A8XO,0,no alteration,no alteration,no alteration,no alteration,no alteration
240,sarc_tcga_pan_can_atlas_2018,TCGA-WK-A8XQ-01,TCGA-WK-A8XQ,0,no alteration,no alteration,no alteration,no alteration,no alteration
241,sarc_tcga_pan_can_atlas_2018,TCGA-WK-A8XS-01,TCGA-WK-A8XS,0,no alteration,no alteration,no alteration,no alteration,no alteration
242,sarc_tcga_pan_can_atlas_2018,TCGA-WK-A8XT-01,TCGA-WK-A8XT,0,no alteration,no alteration,no alteration,no alteration,no alteration
243,sarc_tcga_pan_can_atlas_2018,TCGA-WK-A8XX-01,TCGA-WK-A8XX,0,no alteration,no alteration,no alteration,no alteration,no alteration
244,sarc_tcga_pan_can_atlas_2018,TCGA-WP-A9GB-01,TCGA-WP-A9GB,0,no alteration,no alteration,no alteration,no alteration,no alteration
245,sarc_tcga_pan_can_atlas_2018,TCGA-X6-A7WC-01,TCGA-X6-A7WC,0,no alteration,no alteration,no alteration,no alteration,no alteration
246,sarc_tcga_pan_can_atlas_2018,TCGA-X6-A8C3-01,TCGA-X6-A8C3,0,no alteration,no alteration,no alteration,no alteration,no alteration
247,sarc_tcga_pan_can_atlas_2018,TCGA-X6-A8C4-01,TCGA-X6-A8C4,0,no alteration,no alteration,no alteration,no alteration,no alteration
248,sarc_tcga_pan_can_atlas_2018,TCGA-X6-A8C5-01,TCGA-X6-A8C5,0,no alteration,no alteration,no alteration,no alteration,no alteration
249,sarc_tcga_pan_can_atlas_2018,TCGA-X6-A8C7-01,TCGA-X6-A8C7,0,no alteration,no alteration,no alteration,no alteration,no alteration
250,sarc_tcga_pan_can_atlas_2018,TCGA-X9-A973-01,TCGA-X9-A973,0,no alteration,no alteration,no alteration,no alteration,no alteration
251,sarc_tcga_pan_can_atlas_2018,TCGA-Z4-A8JB-01,TCGA-Z4-A8JB,0,no alteration,no alteration,no alteration,no alteration,no alteration
252,sarc_tcga_pan_can_atlas_2018,TCGA-Z4-A9VC-01,TCGA-Z4-A9VC,0,no alteration,no alteration,no alteration,no alteration,no alteration
253,sarc_tcga_pan_can_atlas_2018,TCGA-Z4-AAPF-01,TCGA-Z4-AAPF,0,no alteration,no alteration,no alteration,no alteration,no alteration
254,sarc_tcga_pan_can_atlas_2018,TCGA-Z4-AAPG-01,TCGA-Z4-AAPG,0,no alteration,no alteration,no alteration,no alteration,no alteration
