,Study ID,Sample ID,Patient ID,Altered,TTN,TTN: MUT,TTN: AMP,TTN: HOMDEL,TTN: FUSION
0,skcm_tcga_pan_can_atlas_2018,TCGA-3N-A9WB-06,TCGA-3N-A9WB,1,"V33929I, G31991R, T8105I","V33929I, G31991R, T8105I",no alteration,no alteration,no alteration
1,skcm_tcga_pan_can_atlas_2018,TCGA-3N-A9WC-06,TCGA-3N-A9WC,1,"D2189Tfs*17, E19014K, E19520K, V8524G, E33228K, G12802E, D24140N, E23694K, G22563V, E17389D, E13658K, E8272K, E5233V, G3582R, P1556S","D2189Tfs*17, E19014K, E19520K, V8524G, E33228K, G12802E, D24140N, E23694K, G22563V, E17389D, E13658K, E8272K, E5233V, G3582R, P1556S",no alteration,no alteration,no alteration
2,skcm_tcga_pan_can_atlas_2018,TCGA-3N-A9WD-06,TCGA-3N-A9WD,1,"R999C, E143K, R24690Q, D5457N, E23285K, V17987G, P11378L, E11009K, K11007N, E5511D, S263L","R999C, E143K, R24690Q, D5457N, E23285K, V17987G, P11378L, E11009K, K11007N, E5511D, S263L",no alteration,no alteration,no alteration
3,skcm_tcga_pan_can_atlas_2018,TCGA-BF-A1PU-01,TCGA-BF-A1PU,1,"P19329Q, H23434Y, Q31482K, K30350N, G29654C, P22685Q","P19329Q, H23434Y, Q31482K, K30350N, G29654C, P22685Q",not profiled,not profiled,no alteration
4,skcm_tcga_pan_can_atlas_2018,TCGA-BF-A1PV-01,TCGA-BF-A1PV,1,E2382A,E2382A,not profiled,not profiled,no alteration
5,skcm_tcga_pan_can_atlas_2018,TCGA-BF-A1PX-01,TCGA-BF-A1PX,1,"S4819L, E5318K, E670K, I28209N, E5098K, P33640Q, P33243Q, E22111*, X21301_splice, R15696L","S4819L, E5318K, E670K, I28209N, E5098K, P33640Q, P33243Q, E22111*, X21301_splice, R15696L",not profiled,not profiled,no alteration
6,skcm_tcga_pan_can_atlas_2018,TCGA-BF-A1PZ-01,TCGA-BF-A1PZ,1,G5738V,G5738V,not profiled,not profiled,no alteration
7,skcm_tcga_pan_can_atlas_2018,TCGA-BF-A1Q0-01,TCGA-BF-A1Q0,1,"E10429K, H32647N, S25444*, G22813*, K11576N, P9175Q, G5774C, W2299L, A1175S","E10429K, H32647N, S25444*, G22813*, K11576N, P9175Q, G5774C, W2299L, A1175S",not profiled,not profiled,no alteration
8,skcm_tcga_pan_can_atlas_2018,TCGA-BF-A3DJ-01,TCGA-BF-A3DJ,1,"D31267N, R6731Q, P11525S","D31267N, R6731Q, P11525S",not profiled,not profiled,no alteration
9,skcm_tcga_pan_can_atlas_2018,TCGA-BF-A3DL-01,TCGA-BF-A3DL,1,"E2633K, Y19660F, S22995F","E2633K, Y19660F, S22995F",not profiled,not profiled,no alteration
10,skcm_tcga_pan_can_atlas_2018,TCGA-BF-A3DM-01,TCGA-BF-A3DM,1,"G19601E, E13603K","G19601E, E13603K",not profiled,not profiled,no alteration
11,skcm_tcga_pan_can_atlas_2018,TCGA-BF-A5EO-01,TCGA-BF-A5EO,1,"E15959K, P11657S, P14120S, G8550E, P22669S, W7511G, D4297V","E15959K, P11657S, P14120S, G8550E, P22669S, W7511G, D4297V",not profiled,not profiled,no alteration
12,skcm_tcga_pan_can_atlas_2018,TCGA-BF-A5EP-01,TCGA-BF-A5EP,1,E19292K,E19292K,not profiled,not profiled,no alteration
13,skcm_tcga_pan_can_atlas_2018,TCGA-BF-A5EQ-01,TCGA-BF-A5EQ,1,S28672L,S28672L,not profiled,not profiled,no alteration
14,skcm_tcga_pan_can_atlas_2018,TCGA-BF-A5ER-01,TCGA-BF-A5ER,1,"G27429E, R25868Q, P11726L","G27429E, R25868Q, P11726L",not profiled,not profiled,no alteration
15,skcm_tcga_pan_can_atlas_2018,TCGA-BF-A5ES-01,TCGA-BF-A5ES,1,"R1890C, E29650K, A27821V, G15408E","R1890C, E29650K, A27821V, G15408E",not profiled,not profiled,no alteration
16,skcm_tcga_pan_can_atlas_2018,TCGA-BF-AAP0-06,TCGA-BF-AAP0,1,"R4075K, T19952I, R5361Q","R4075K, T19952I, R5361Q",no alteration,no alteration,no alteration
17,skcm_tcga_pan_can_atlas_2018,TCGA-D3-A1Q1-06,TCGA-D3-A1Q1,1,"G14543A, P6820H","G14543A, P6820H",no alteration,no alteration,no alteration
18,skcm_tcga_pan_can_atlas_2018,TCGA-D3-A1Q3-06,TCGA-D3-A1Q3,1,"G13159W, L34330M, E31805*, L25948M, G7181*, M2970I","G13159W, L34330M, E31805*, L25948M, G7181*, M2970I",no alteration,no alteration,no alteration
19,skcm_tcga_pan_can_atlas_2018,TCGA-D3-A1Q4-06,TCGA-D3-A1Q4,1,"P6727S, M33463I","P6727S, M33463I",no alteration,no alteration,no alteration
20,skcm_tcga_pan_can_atlas_2018,TCGA-D3-A1Q5-06,TCGA-D3-A1Q5,1,"P11266L, G5826E","P11266L, G5826E",no alteration,no alteration,no alteration
21,skcm_tcga_pan_can_atlas_2018,TCGA-D3-A1Q6-06,TCGA-D3-A1Q6,1,"G1152E, R26723Q, R8988*, E16795*, G4981W","G1152E, R26723Q, R8988*, E16795*, G4981W",no alteration,no alteration,no alteration
22,skcm_tcga_pan_can_atlas_2018,TCGA-D3-A1Q8-06,TCGA-D3-A1Q8,1,E10346K,E10346K,no alteration,no alteration,no alteration
23,skcm_tcga_pan_can_atlas_2018,TCGA-D3-A1QA-06,TCGA-D3-A1QA,1,"G4608W, P31560T, Q28655K, G22167*, P14320Q, P8887Q","G4608W, P31560T, Q28655K, G22167*, P14320Q, P8887Q",no alteration,no alteration,no alteration
24,skcm_tcga_pan_can_atlas_2018,TCGA-D3-A1QB-06,TCGA-D3-A1QB,1,"G8646E, W16065*, G33724S","G8646E, W16065*, G33724S",no alteration,no alteration,no alteration
25,skcm_tcga_pan_can_atlas_2018,TCGA-D3-A2J6-06,TCGA-D3-A2J6,1,"P31882Q, P16427T, E11713*","P31882Q, P16427T, E11713*",no alteration,no alteration,no alteration
26,skcm_tcga_pan_can_atlas_2018,TCGA-D3-A2J7-06,TCGA-D3-A2J7,1,"D3146N, S9616L, G28911E","D3146N, S9616L, G28911E",no alteration,no alteration,no alteration
27,skcm_tcga_pan_can_atlas_2018,TCGA-D3-A2J8-06,TCGA-D3-A2J8,1,"E19014K, R437K, E21698K, P7632S, V9721M, P16922Q","E19014K, R437K, E21698K, P7632S, V9721M, P16922Q",no alteration,no alteration,no alteration
28,skcm_tcga_pan_can_atlas_2018,TCGA-D3-A2JA-06,TCGA-D3-A2JA,1,"G2297E, E33228K, A2153T, X512_splice","G2297E, E33228K, A2153T, X512_splice",no alteration,no alteration,no alteration
29,skcm_tcga_pan_can_atlas_2018,TCGA-D3-A2JB-06,TCGA-D3-A2JB,1,P17339T,P17339T,no alteration,no alteration,no alteration
30,skcm_tcga_pan_can_atlas_2018,TCGA-D3-A2JC-06,TCGA-D3-A2JC,1,"F12415Y, E27783*, P21126H, P20907H, E10907D, H8308N, W4524C, P3869T, G3517V, K783N","F12415Y, E27783*, P21126H, P20907H, E10907D, H8308N, W4524C, P3869T, G3517V, K783N",no alteration,no alteration,no alteration
31,skcm_tcga_pan_can_atlas_2018,TCGA-D3-A2JD-06,TCGA-D3-A2JD,1,"K9520E, E16011*, G19350C","K9520E, E16011*, G19350C",no alteration,no alteration,no alteration
32,skcm_tcga_pan_can_atlas_2018,TCGA-D3-A2JE-06,TCGA-D3-A2JE,1,"E19704K, K11421N, X5880_splice, K2023N","E19704K, K11421N, X5880_splice, K2023N",no alteration,no alteration,no alteration
33,skcm_tcga_pan_can_atlas_2018,TCGA-D3-A2JF-06,TCGA-D3-A2JF,1,"R4712Q, G20889R, G15797E, S4736L, N3004K, E11052K","R4712Q, G20889R, G15797E, S4736L, N3004K, E11052K",no alteration,no alteration,no alteration
34,skcm_tcga_pan_can_atlas_2018,TCGA-D3-A2JG-06,TCGA-D3-A2JG,1,"K3126E, R20556L","K3126E, R20556L",no alteration,no alteration,no alteration
35,skcm_tcga_pan_can_atlas_2018,TCGA-D3-A2JH-06,TCGA-D3-A2JH,1,E11343K,E11343K,no alteration,no alteration,no alteration
36,skcm_tcga_pan_can_atlas_2018,TCGA-D3-A2JK-06,TCGA-D3-A2JK,1,"S6841N, P11111H, E2144D","S6841N, P11111H, E2144D",no alteration,no alteration,no alteration
37,skcm_tcga_pan_can_atlas_2018,TCGA-D3-A2JL-06,TCGA-D3-A2JL,1,"G32654C, R21697L, R21495K, G20017C, P18420H, E12551D, G3005C","G32654C, R21697L, R21495K, G20017C, P18420H, E12551D, G3005C",no alteration,no alteration,no alteration
38,skcm_tcga_pan_can_atlas_2018,TCGA-D3-A2JN-06,TCGA-D3-A2JN,1,"G2620E, R7422*, G3848D","G2620E, R7422*, G3848D",no alteration,no alteration,no alteration
39,skcm_tcga_pan_can_atlas_2018,TCGA-D3-A2JO-06,TCGA-D3-A2JO,1,"R7664W, S8358F, S86C, Q1243*, P15509L, P22505S, E14406K, G7586E, G8677C","R7664W, S8358F, S86C, Q1243*, P15509L, P22505S, E14406K, G7586E, G8677C",no alteration,no alteration,no alteration
40,skcm_tcga_pan_can_atlas_2018,TCGA-D3-A2JP-06,TCGA-D3-A2JP,1,"E2833K, P2646T, W7336*, W22899L, M16836I, E15236*, G14915*, P7118H, G3793*","E2833K, P2646T, W7336*, W22899L, M16836I, E15236*, G14915*, P7118H, G3793*",no alteration,no alteration,no alteration
41,skcm_tcga_pan_can_atlas_2018,TCGA-D3-A3BZ-06,TCGA-D3-A3BZ,1,Q4609H,Q4609H,no alteration,no alteration,no alteration
42,skcm_tcga_pan_can_atlas_2018,TCGA-D3-A3C3-06,TCGA-D3-A3C3,1,"Q4871K, K30722I","Q4871K, K30722I",no alteration,no alteration,no alteration
43,skcm_tcga_pan_can_atlas_2018,TCGA-D3-A3C6-06,TCGA-D3-A3C6,1,"E30082*, Q23756K","E30082*, Q23756K",no alteration,no alteration,no alteration
44,skcm_tcga_pan_can_atlas_2018,TCGA-D3-A3C7-06,TCGA-D3-A3C7,1,"H2936Y, E33440K, E8291K, G31732C","H2936Y, E33440K, E8291K, G31732C",no alteration,no alteration,no alteration
45,skcm_tcga_pan_can_atlas_2018,TCGA-D3-A3C8-06,TCGA-D3-A3C8,1,"E32543K, E1004K, G1830S, A142T, Q4778*, E32339K, R22159C, K5570T, A23362V, P27797L, R27812I, G19210C, G18915*","E32543K, E1004K, G1830S, A142T, Q4778*, E32339K, R22159C, K5570T, A23362V, P27797L, R27812I, G19210C, G18915*",no alteration,no alteration,no alteration
46,skcm_tcga_pan_can_atlas_2018,TCGA-D3-A3CB-06,TCGA-D3-A3CB,1,"W19859*, Q34301H, D30463Y, L5097F","W19859*, Q34301H, D30463Y, L5097F",no alteration,no alteration,no alteration
47,skcm_tcga_pan_can_atlas_2018,TCGA-D3-A3CE-06,TCGA-D3-A3CE,1,"L17974M, P27385Q, W31888L, P31262H, W26831C, R25575L, G23004C, P20219T, G4057*, G1275*","L17974M, P27385Q, W31888L, P31262H, W26831C, R25575L, G23004C, P20219T, G4057*, G1275*",no alteration,no alteration,no alteration
48,skcm_tcga_pan_can_atlas_2018,TCGA-D3-A3ML-06,TCGA-D3-A3ML,1,"G2158E, P5254S, P11378S, R21240Q","G2158E, P5254S, P11378S, R21240Q",no alteration,no alteration,no alteration
49,skcm_tcga_pan_can_atlas_2018,TCGA-D3-A3MR-06,TCGA-D3-A3MR,1,"E10776K, R29787C, E7771K, E14406K, E11066K, E13436K, G22091E, W16980*, W16980*, S13350F, P8120L","E10776K, R29787C, E7771K, E14406K, E11066K, E13436K, G22091E, W16980*, W16980*, S13350F, P8120L",no alteration,no alteration,no alteration
50,skcm_tcga_pan_can_atlas_2018,TCGA-D3-A3MU-06,TCGA-D3-A3MU,1,"E12275K, E26924K, V28983D, E6203K, D14736N","E12275K, E26924K, V28983D, E6203K, D14736N",no alteration,no alteration,no alteration
51,skcm_tcga_pan_can_atlas_2018,TCGA-D3-A3MV-06,TCGA-D3-A3MV,1,"S2093F, P10688S, G18006R, W21519*","S2093F, P10688S, G18006R, W21519*",no alteration,no alteration,no alteration
52,skcm_tcga_pan_can_atlas_2018,TCGA-D3-A51E-06,TCGA-D3-A51E,1,"R1815K, E3802K","R1815K, E3802K",no alteration,no alteration,no alteration
53,skcm_tcga_pan_can_atlas_2018,TCGA-D3-A51G-06,TCGA-D3-A51G,1,"R1683Q, E27931K, W30008*, R7422Q, R8047K, P21026S, E25083K, D34324N, P3629L","R1683Q, E27931K, W30008*, R7422Q, R8047K, P21026S, E25083K, D34324N, P3629L",no alteration,no alteration,no alteration
54,skcm_tcga_pan_can_atlas_2018,TCGA-D3-A51J-06,TCGA-D3-A51J,1,"V1202A, W7336*, D5457N, P2824L, N23202I","V1202A, W7336*, D5457N, P2824L, N23202I",no alteration,no alteration,no alteration
55,skcm_tcga_pan_can_atlas_2018,TCGA-D3-A51R-06,TCGA-D3-A51R,1,"R13467*, E10776K, S7698L, K32220N, G4733E","R13467*, E10776K, S7698L, K32220N, G4733E",no alteration,no alteration,no alteration
56,skcm_tcga_pan_can_atlas_2018,TCGA-D3-A51T-06,TCGA-D3-A51T,1,"E7521K, G582E, Q9535*, R8699K, F8355Y, G6201E, E7521V","E7521K, G582E, Q9535*, R8699K, F8355Y, G6201E, E7521V",no alteration,no alteration,no alteration
57,skcm_tcga_pan_can_atlas_2018,TCGA-D3-A5GN-06,TCGA-D3-A5GN,1,"G2613E, P11617S, E10444K, E4258K","G2613E, P11617S, E10444K, E4258K",no alteration,no alteration,no alteration
58,skcm_tcga_pan_can_atlas_2018,TCGA-D3-A5GO-06,TCGA-D3-A5GO,1,"S3271F, E1909K, R14197*, S79F, P24556S, X11422_splice, P24447S, D30479N, P11718L, S16800F, G6845E, P10093S, G30764R","S3271F, E1909K, R14197*, S79F, P24556S, X11422_splice, P24447S, D30479N, P11718L, S16800F, G6845E, P10093S, G30764R",no alteration,no alteration,no alteration
59,skcm_tcga_pan_can_atlas_2018,TCGA-D3-A5GR-06,TCGA-D3-A5GR,1,E9552K,E9552K,no alteration,no alteration,no alteration
60,skcm_tcga_pan_can_atlas_2018,TCGA-D3-A5GS-06,TCGA-D3-A5GS,1,"E5510K, R22227Q, P24843L, P19411L, E10674K, E5092K","E5510K, R22227Q, P24843L, P19411L, E10674K, E5092K",no alteration,no alteration,no alteration
61,skcm_tcga_pan_can_atlas_2018,TCGA-D3-A5GU-06,TCGA-D3-A5GU,1,"Q7405*, E2029K, D15739Y, Y25112H, P14910L, R1426K, D31206N","Q7405*, E2029K, D15739Y, Y25112H, P14910L, R1426K, D31206N",no alteration,no alteration,no alteration
62,skcm_tcga_pan_can_atlas_2018,TCGA-D3-A8GB-06,TCGA-D3-A8GB,1,"R3056C, E12906K, G2737D, P14851S, R27176K, E20877K, S27777F, P19389Q, R14197Q, E13751K, D13632N, P4879L, E4835K, G3043E","R3056C, E12906K, G2737D, P14851S, R27176K, E20877K, S27777F, P19389Q, R14197Q, E13751K, D13632N, P4879L, E4835K, G3043E",no alteration,no alteration,no alteration
63,skcm_tcga_pan_can_atlas_2018,TCGA-D3-A8GC-06,TCGA-D3-A8GC,1,"E25859K, V14479A","E25859K, V14479A",no alteration,no alteration,no alteration
64,skcm_tcga_pan_can_atlas_2018,TCGA-D3-A8GI-06,TCGA-D3-A8GI,1,"H3289Y, R4432Q, M2888I, E2571K, R27915Q, E7720K, D5336N, D29995N, G6606E, E20724K, P7050S, G19612V, D18210N, K9516T, G8820E, D8142N, P6828S, P6428L, E6388K, Q5995*, P5881L, E4460K, S4092N, P3791S, W2041*, G1440E, P1429S","H3289Y, R4432Q, M2888I, E2571K, R27915Q, E7720K, D5336N, D29995N, G6606E, E20724K, P7050S, G19612V, D18210N, K9516T, G8820E, D8142N, P6828S, P6428L, E6388K, Q5995*, P5881L, E4460K, S4092N, P3791S, W2041*, G1440E, P1429S",no alteration,no alteration,no alteration
65,skcm_tcga_pan_can_atlas_2018,TCGA-D3-A8GJ-06,TCGA-D3-A8GJ,1,"S23057N, R6689K","S23057N, R6689K",no alteration,no alteration,no alteration
66,skcm_tcga_pan_can_atlas_2018,TCGA-D3-A8GK-06,TCGA-D3-A8GK,1,"G784E, S10402F, G3132E, E8648K, P4631S","G784E, S10402F, G3132E, E8648K, P4631S",no alteration,no alteration,no alteration
67,skcm_tcga_pan_can_atlas_2018,TCGA-D3-A8GL-06,TCGA-D3-A8GL,1,"P18737L, P6451S, E11045K, M22420I, P8120S, E8648K, E29967K, G28373R, G24727S, S17929L, W10422*, P4294H, G2607E","P18737L, P6451S, E11045K, M22420I, P8120S, E8648K, E29967K, G28373R, G24727S, S17929L, W10422*, P4294H, G2607E",no alteration,no alteration,no alteration
68,skcm_tcga_pan_can_atlas_2018,TCGA-D3-A8GM-06,TCGA-D3-A8GM,1,"R5864*, E4054K, D33362N, R33244Q, T30456A, E28927K, E17266G, E15521K, E13145K, E13138D, L12394F, S7843F, D4304N, V2522A, S2245R","R5864*, E4054K, D33362N, R33244Q, T30456A, E28927K, E17266G, E15521K, E13145K, E13138D, L12394F, S7843F, D4304N, V2522A, S2245R",no alteration,no alteration,no alteration
69,skcm_tcga_pan_can_atlas_2018,TCGA-D3-A8GN-06,TCGA-D3-A8GN,1,R5265K,R5265K,no alteration,no alteration,no alteration
70,skcm_tcga_pan_can_atlas_2018,TCGA-D3-A8GO-06,TCGA-D3-A8GO,1,"S79F, S7719L, P13838L, E6988K","S79F, S7719L, P13838L, E6988K",no alteration,no alteration,no alteration
71,skcm_tcga_pan_can_atlas_2018,TCGA-D3-A8GP-06,TCGA-D3-A8GP,1,E14332K,E14332K,no alteration,no alteration,no alteration
72,skcm_tcga_pan_can_atlas_2018,TCGA-D3-A8GQ-06,TCGA-D3-A8GQ,1,"E6971K, E1671K, D31133N, R29871K, R28205K, E22768K, G16568V, G10305E, S4196L, E2720D","E6971K, E1671K, D31133N, R29871K, R28205K, E22768K, G16568V, G10305E, S4196L, E2720D",no alteration,no alteration,no alteration
73,skcm_tcga_pan_can_atlas_2018,TCGA-D3-A8GR-06,TCGA-D3-A8GR,1,"E29974K, K6574M","E29974K, K6574M",no alteration,no alteration,no alteration
74,skcm_tcga_pan_can_atlas_2018,TCGA-D3-A8GS-06,TCGA-D3-A8GS,1,"R14414C, D2210N, G19040R, G1784R","R14414C, D2210N, G19040R, G1784R",no alteration,no alteration,no alteration
75,skcm_tcga_pan_can_atlas_2018,TCGA-D3-A8GV-06,TCGA-D3-A8GV,1,E1690K,E1690K,no alteration,no alteration,no alteration
76,skcm_tcga_pan_can_atlas_2018,TCGA-D9-A148-06,TCGA-D9-A148,1,"Q34301H, W8467*","Q34301H, W8467*",no alteration,no alteration,no alteration
77,skcm_tcga_pan_can_atlas_2018,TCGA-D9-A149-06,TCGA-D9-A149,1,"R5036*, G29083C","R5036*, G29083C",no alteration,no alteration,no alteration
78,skcm_tcga_pan_can_atlas_2018,TCGA-D9-A1JW-06,TCGA-D9-A1JW,1,"S209L, P4046L, G696A, P10798L, P23984S, G7212R","S209L, P4046L, G696A, P10798L, P23984S, G7212R",no alteration,no alteration,no alteration
79,skcm_tcga_pan_can_atlas_2018,TCGA-D9-A1JX-06,TCGA-D9-A1JX,1,"G378R, L4097F","G378R, L4097F",no alteration,no alteration,no alteration
80,skcm_tcga_pan_can_atlas_2018,TCGA-D9-A1X3-06,TCGA-D9-A1X3,1,Q6774K,Q6774K,no alteration,no alteration,no alteration
81,skcm_tcga_pan_can_atlas_2018,TCGA-D9-A3Z1-06,TCGA-D9-A3Z1,1,"P131S, M6183I, E29737K, R6978K","P131S, M6183I, E29737K, R6978K",no alteration,no alteration,no alteration
82,skcm_tcga_pan_can_atlas_2018,TCGA-D9-A3Z3-06,TCGA-D9-A3Z3,1,"E24243K, V11934M","E24243K, V11934M",no alteration,no alteration,no alteration
83,skcm_tcga_pan_can_atlas_2018,TCGA-D9-A3Z4-01,TCGA-D9-A3Z4,1,"T1546I, E19084K, K13649*, G4690S","T1546I, E19084K, K13649*, G4690S",not profiled,not profiled,no alteration
84,skcm_tcga_pan_can_atlas_2018,TCGA-D9-A4Z6-06,TCGA-D9-A4Z6,1,"G3412E, W14461*","G3412E, W14461*",no alteration,no alteration,no alteration
85,skcm_tcga_pan_can_atlas_2018,TCGA-D9-A6EA-06,TCGA-D9-A6EA,1,"D12472N, E3813K, G29161R, P10335S, P10330A, G26495E, P4328L","D12472N, E3813K, G29161R, P10335S, P10330A, G26495E, P4328L",no alteration,no alteration,no alteration
86,skcm_tcga_pan_can_atlas_2018,TCGA-D9-A6EC-06,TCGA-D9-A6EC,1,"E31193K, D18057N, S4099F, A2700T, S291F, A310T, D29330N, G16255E, D9090N, V10168G, G6243E, V16404I, X12853_splice, K16827M, G17906E, M20271I, E7945D, E16925K, S13172L, Y7877C, K16085T, D17953N, K10366T, S12160R, X30164_splice","E31193K, D18057N, S4099F, A2700T, S291F, A310T, D29330N, G16255E, D9090N, V10168G, G6243E, V16404I, X12853_splice, K16827M, G17906E, M20271I, E7945D, E16925K, S13172L, Y7877C, K16085T, D17953N, K10366T, S12160R, X30164_splice",no alteration,no alteration,no alteration
87,skcm_tcga_pan_can_atlas_2018,TCGA-D9-A6EG-06,TCGA-D9-A6EG,1,E2751K,E2751K,no alteration,no alteration,no alteration
88,skcm_tcga_pan_can_atlas_2018,TCGA-DA-A1HV-06,TCGA-DA-A1HV,1,"G22980E, K34136*, E24592K, R24142Q, E17949D, A21970V","G22980E, K34136*, E24592K, R24142Q, E17949D, A21970V",no alteration,no alteration,no alteration
89,skcm_tcga_pan_can_atlas_2018,TCGA-DA-A1HW-06,TCGA-DA-A1HW,1,"E13056K, D22693N, M19539I","E13056K, D22693N, M19539I",no alteration,no alteration,no alteration
90,skcm_tcga_pan_can_atlas_2018,TCGA-DA-A1HY-06,TCGA-DA-A1HY,1,"D21117N, P10521S","D21117N, P10521S",no alteration,no alteration,no alteration
91,skcm_tcga_pan_can_atlas_2018,TCGA-DA-A1I0-06,TCGA-DA-A1I0,1,"G1316E, X9828_splice","G1316E, X9828_splice",no alteration,no alteration,no alteration
92,skcm_tcga_pan_can_atlas_2018,TCGA-DA-A1I1-06,TCGA-DA-A1I1,1,"P29961T, R26723Q, S19071P, W31837L, R24142L, P20643Q, X12722_splice","P29961T, R26723Q, S19071P, W31837L, R24142L, P20643Q, X12722_splice",no alteration,no alteration,no alteration
93,skcm_tcga_pan_can_atlas_2018,TCGA-DA-A1I4-06,TCGA-DA-A1I4,1,"R1890C, E13798K","R1890C, E13798K",no alteration,no alteration,no alteration
94,skcm_tcga_pan_can_atlas_2018,TCGA-DA-A1I5-06,TCGA-DA-A1I5,1,"E13232K, P16322Q, E11229K","E13232K, P16322Q, E11229K",no alteration,no alteration,no alteration
95,skcm_tcga_pan_can_atlas_2018,TCGA-DA-A1I7-06,TCGA-DA-A1I7,1,"E27453K, P31560T, P14972Q, K6666N","E27453K, P31560T, P14972Q, K6666N",no alteration,no alteration,no alteration
96,skcm_tcga_pan_can_atlas_2018,TCGA-DA-A1I8-06,TCGA-DA-A1I8,1,"E32543K, Q34213*, E31525K","E32543K, Q34213*, E31525K",no alteration,no alteration,no alteration
97,skcm_tcga_pan_can_atlas_2018,TCGA-DA-A1IA-06,TCGA-DA-A1IA,1,"E3995K, E18154K, D33510N","E3995K, E18154K, D33510N",no alteration,no alteration,no alteration
98,skcm_tcga_pan_can_atlas_2018,TCGA-DA-A1IB-06,TCGA-DA-A1IB,1,"G29046C, G19443W, P18240H, L15765F, K11951N","G29046C, G19443W, P18240H, L15765F, K11951N",no alteration,no alteration,no alteration
99,skcm_tcga_pan_can_atlas_2018,TCGA-DA-A1IC-06,TCGA-DA-A1IC,1,"G17518D, E27106K, G12714R, S27253F, E10194K, T18473I","G17518D, E27106K, G12714R, S27253F, E10194K, T18473I",no alteration,no alteration,no alteration
100,skcm_tcga_pan_can_atlas_2018,TCGA-DA-A3F5-06,TCGA-DA-A3F5,1,E3865K,E3865K,no alteration,no alteration,no alteration
101,skcm_tcga_pan_can_atlas_2018,TCGA-DA-A3F8-06,TCGA-DA-A3F8,1,"S5200L, E6971K, E20724K, G27344R, M9507I, P7788T, E7331K","S5200L, E6971K, E20724K, G27344R, M9507I, P7788T, E7331K",no alteration,no alteration,no alteration
102,skcm_tcga_pan_can_atlas_2018,TCGA-DA-A95V-06,TCGA-DA-A95V,1,"T21942P, X8324_splice, S1619F","T21942P, X8324_splice, S1619F",no alteration,no alteration,no alteration
103,skcm_tcga_pan_can_atlas_2018,TCGA-DA-A95W-06,TCGA-DA-A95W,1,"L4308F, Q34070H, G31041E","L4308F, Q34070H, G31041E",no alteration,no alteration,no alteration
104,skcm_tcga_pan_can_atlas_2018,TCGA-DA-A95X-06,TCGA-DA-A95X,1,"M2351I, S29710L, G18006E, W14435*, G6282E, P4579L","M2351I, S29710L, G18006E, W14435*, G6282E, P4579L",no alteration,no alteration,no alteration
105,skcm_tcga_pan_can_atlas_2018,TCGA-DA-A95Y-06,TCGA-DA-A95Y,1,"S209L, W4884*, V32409G, R10394K","S209L, W4884*, V32409G, R10394K",no alteration,no alteration,no alteration
106,skcm_tcga_pan_can_atlas_2018,TCGA-DA-A95Z-06,TCGA-DA-A95Z,1,"E26065K, E2029K, E5325K, E5921K, E33584K, W31378*, G26937R, D25974N, L14011*, I12912T, P11806S, E10846K, G8924*, G8863E, P3897L, E3508K, H1950Y","E26065K, E2029K, E5325K, E5921K, E33584K, W31378*, G26937R, D25974N, L14011*, I12912T, P11806S, E10846K, G8924*, G8863E, P3897L, E3508K, H1950Y",no alteration,no alteration,no alteration
107,skcm_tcga_pan_can_atlas_2018,TCGA-EB-A1NK-01,TCGA-EB-A1NK,1,"P16655S, E34003*","P16655S, E34003*",not profiled,not profiled,no alteration
108,skcm_tcga_pan_can_atlas_2018,TCGA-EB-A24C-01,TCGA-EB-A24C,1,G9326V,G9326V,not profiled,not profiled,no alteration
109,skcm_tcga_pan_can_atlas_2018,TCGA-EB-A24D-01,TCGA-EB-A24D,1,"D16864N, P25438S, S22215R, Q13449*, E13056K, S7528L, E26979K","D16864N, P25438S, S22215R, Q13449*, E13056K, S7528L, E26979K",not profiled,not profiled,no alteration
110,skcm_tcga_pan_can_atlas_2018,TCGA-EB-A299-01,TCGA-EB-A299,1,"P15073T, E3952D, Q1184K","P15073T, E3952D, Q1184K",not profiled,not profiled,no alteration
111,skcm_tcga_pan_can_atlas_2018,TCGA-EB-A3HV-01,TCGA-EB-A3HV,1,E11796K,E11796K,not profiled,not profiled,no alteration
112,skcm_tcga_pan_can_atlas_2018,TCGA-EB-A3XB-01,TCGA-EB-A3XB,1,"G2600E, S8825L, P24373L, T6455I","G2600E, S8825L, P24373L, T6455I",not profiled,not profiled,no alteration
113,skcm_tcga_pan_can_atlas_2018,TCGA-EB-A3XC-01,TCGA-EB-A3XC,1,E7707K,E7707K,not profiled,not profiled,no alteration
114,skcm_tcga_pan_can_atlas_2018,TCGA-EB-A3XD-01,TCGA-EB-A3XD,1,"E25859K, K29566R, D7556N","E25859K, K29566R, D7556N",not profiled,not profiled,no alteration
115,skcm_tcga_pan_can_atlas_2018,TCGA-EB-A3Y6-01,TCGA-EB-A3Y6,1,"A2077V, G27960R","A2077V, G27960R",not profiled,not profiled,no alteration
116,skcm_tcga_pan_can_atlas_2018,TCGA-EB-A3Y7-01,TCGA-EB-A3Y7,1,"E11084K, D7439N, G15239S, R23443Q, G7242E, E4247K, Y16908D, P8145L, P27101L, G22328A, G23296E, R21158K, S8603L, G17376R","E11084K, D7439N, G15239S, R23443Q, G7242E, E4247K, Y16908D, P8145L, P27101L, G22328A, G23296E, R21158K, S8603L, G17376R",not profiled,not profiled,no alteration
117,skcm_tcga_pan_can_atlas_2018,TCGA-EB-A41A-01,TCGA-EB-A41A,1,"G16612E, E143K, E9563K, E10676K, E2382K, G14497E, D34050N, G28038E, G12686R, P14911L, S26113T, E14498K, E26700K, W8266R, X5597_splice, G25018E, X6722_splice, V27689Efs*72","G16612E, E143K, E9563K, E10676K, E2382K, G14497E, D34050N, G28038E, G12686R, P14911L, S26113T, E14498K, E26700K, W8266R, X5597_splice, G25018E, X6722_splice, V27689Efs*72",not profiled,not profiled,no alteration
118,skcm_tcga_pan_can_atlas_2018,TCGA-EB-A41B-01,TCGA-EB-A41B,1,"E5665K, P6941S, E24877K","E5665K, P6941S, E24877K",not profiled,not profiled,no alteration
119,skcm_tcga_pan_can_atlas_2018,TCGA-EB-A42Y-01,TCGA-EB-A42Y,1,V13169D,V13169D,not profiled,not profiled,no alteration
120,skcm_tcga_pan_can_atlas_2018,TCGA-EB-A430-01,TCGA-EB-A430,1,"E11059K, S1711F, X16733_splice, E16733K","E11059K, S1711F, X16733_splice, E16733K",not profiled,not profiled,no alteration
121,skcm_tcga_pan_can_atlas_2018,TCGA-EB-A431-01,TCGA-EB-A431,1,"D4859Y, A30387V, E30357K, E23943K, E28376K, E25601K","D4859Y, A30387V, E30357K, E23943K, E28376K, E25601K",not profiled,not profiled,no alteration
122,skcm_tcga_pan_can_atlas_2018,TCGA-EB-A44O-01,TCGA-EB-A44O,1,"R29978Q, S13291F, F24992C, V4711I","R29978Q, S13291F, F24992C, V4711I",not profiled,not profiled,no alteration
123,skcm_tcga_pan_can_atlas_2018,TCGA-EB-A44P-01,TCGA-EB-A44P,1,G14643E,G14643E,not profiled,not profiled,no alteration
124,skcm_tcga_pan_can_atlas_2018,TCGA-EB-A4IS-01,TCGA-EB-A4IS,1,"W32755*, R24142Q, E19988K","W32755*, R24142Q, E19988K",not profiled,not profiled,no alteration
125,skcm_tcga_pan_can_atlas_2018,TCGA-EB-A4XL-01,TCGA-EB-A4XL,1,"S3047L, S29561F","S3047L, S29561F",not profiled,not profiled,no alteration
126,skcm_tcga_pan_can_atlas_2018,TCGA-EB-A551-01,TCGA-EB-A551,1,R23443Q,R23443Q,not profiled,not profiled,no alteration
127,skcm_tcga_pan_can_atlas_2018,TCGA-EB-A553-01,TCGA-EB-A553,1,"T32355A, G23947E, E8178K","T32355A, G23947E, E8178K",not profiled,not profiled,no alteration
128,skcm_tcga_pan_can_atlas_2018,TCGA-EB-A5FP-01,TCGA-EB-A5FP,1,"E13149K, S284L, E9882K, P33001S, E19032K","E13149K, S284L, E9882K, P33001S, E19032K",not profiled,not profiled,no alteration
129,skcm_tcga_pan_can_atlas_2018,TCGA-EB-A5SE-01,TCGA-EB-A5SE,1,G21532E,G21532E,not profiled,not profiled,no alteration
130,skcm_tcga_pan_can_atlas_2018,TCGA-EB-A5SF-01,TCGA-EB-A5SF,1,S33190L,S33190L,not profiled,not profiled,no alteration
131,skcm_tcga_pan_can_atlas_2018,TCGA-EB-A5SG-06,TCGA-EB-A5SG,1,E26187K,E26187K,no alteration,no alteration,no alteration
132,skcm_tcga_pan_can_atlas_2018,TCGA-EB-A5SH-06,TCGA-EB-A5SH,1,"E16259G, P11242Q","E16259G, P11242Q",no alteration,no alteration,no alteration
133,skcm_tcga_pan_can_atlas_2018,TCGA-EB-A5UL-06,TCGA-EB-A5UL,1,"E1359D, K11668T, E10453K","E1359D, K11668T, E10453K",no alteration,no alteration,no alteration
134,skcm_tcga_pan_can_atlas_2018,TCGA-EB-A5UM-01,TCGA-EB-A5UM,1,R14021H,R14021H,not profiled,not profiled,no alteration
135,skcm_tcga_pan_can_atlas_2018,TCGA-EB-A5UN-06,TCGA-EB-A5UN,1,"W28140*, T15989I, E26491K, G13124D, G24589V, G24589*","W28140*, T15989I, E26491K, G13124D, G24589V, G24589*",no alteration,no alteration,no alteration
136,skcm_tcga_pan_can_atlas_2018,TCGA-EB-A6QY-01,TCGA-EB-A6QY,1,"G19612E, G22153E, L9711F","G19612E, G22153E, L9711F",not profiled,not profiled,no alteration
137,skcm_tcga_pan_can_atlas_2018,TCGA-EB-A6QZ-01,TCGA-EB-A6QZ,1,P4391L,P4391L,not profiled,not profiled,no alteration
138,skcm_tcga_pan_can_atlas_2018,TCGA-EB-A6R0-01,TCGA-EB-A6R0,1,"P7825L, K18880*","P7825L, K18880*",not profiled,not profiled,no alteration
139,skcm_tcga_pan_can_atlas_2018,TCGA-EE-A17X-06,TCGA-EE-A17X,1,"H15440Y, T16364S, D19390N, G26250D","H15440Y, T16364S, D19390N, G26250D",no alteration,no alteration,no alteration
140,skcm_tcga_pan_can_atlas_2018,TCGA-EE-A17Y-06,TCGA-EE-A17Y,1,"G1102R, E3796K, S3787N","G1102R, E3796K, S3787N",no alteration,no alteration,no alteration
141,skcm_tcga_pan_can_atlas_2018,TCGA-EE-A17Z-06,TCGA-EE-A17Z,1,"S19186Y, E17489*, K5142N","S19186Y, E17489*, K5142N",no alteration,no alteration,no alteration
142,skcm_tcga_pan_can_atlas_2018,TCGA-EE-A180-06,TCGA-EE-A180,1,P4071S,P4071S,no alteration,no alteration,no alteration
143,skcm_tcga_pan_can_atlas_2018,TCGA-EE-A181-06,TCGA-EE-A181,1,"D29335N, S4811F, S29851R, E9519K, E24243K, D21044N, E979K, E1470K, G9159E, G25167D, E17401K, R30637K, E10445K, K27838I, D9004N, S5019F, S9543R, R31330S, S29851N, R25340L, L24247I, G4281S, D4059N, P2105Q","D29335N, S4811F, S29851R, E9519K, E24243K, D21044N, E979K, E1470K, G9159E, G25167D, E17401K, R30637K, E10445K, K27838I, D9004N, S5019F, S9543R, R31330S, S29851N, R25340L, L24247I, G4281S, D4059N, P2105Q",no alteration,no alteration,no alteration
144,skcm_tcga_pan_can_atlas_2018,TCGA-EE-A182-06,TCGA-EE-A182,1,"R4432Q, A1914V, E9312K, R22227Q, E11598K, D5143N, P5068S, E5325K, P10093L","R4432Q, A1914V, E9312K, R22227Q, E11598K, D5143N, P5068S, E5325K, P10093L",no alteration,no alteration,no alteration
145,skcm_tcga_pan_can_atlas_2018,TCGA-EE-A183-06,TCGA-EE-A183,1,"E10183K, S1010N, G25219E, P25045Q, Q7703H, E4302K","E10183K, S1010N, G25219E, P25045Q, Q7703H, E4302K",no alteration,no alteration,no alteration
146,skcm_tcga_pan_can_atlas_2018,TCGA-EE-A184-06,TCGA-EE-A184,1,"R7422Q, E23000*, L32456M","R7422Q, E23000*, L32456M",no alteration,no alteration,no alteration
147,skcm_tcga_pan_can_atlas_2018,TCGA-EE-A185-06,TCGA-EE-A185,1,W16488*,W16488*,no alteration,no alteration,no alteration
148,skcm_tcga_pan_can_atlas_2018,TCGA-EE-A20C-06,TCGA-EE-A20C,1,"Q2629*, E32493K, K23829R, E21174K, E8860K, D28033N, P19226S, G28665E, G29225E, W28410*, D4059N, E16177D","Q2629*, E32493K, K23829R, E21174K, E8860K, D28033N, P19226S, G28665E, G29225E, W28410*, D4059N, E16177D",no alteration,no alteration,no alteration
149,skcm_tcga_pan_can_atlas_2018,TCGA-EE-A20F-06,TCGA-EE-A20F,1,"P12945S, N26662K, D16075N, R20196S, P17371T, E11171*, Q4074E, E3865*, G1608*, R767I, S540Y","P12945S, N26662K, D16075N, R20196S, P17371T, E11171*, Q4074E, E3865*, G1608*, R767I, S540Y",no alteration,no alteration,no alteration
150,skcm_tcga_pan_can_atlas_2018,TCGA-EE-A20H-06,TCGA-EE-A20H,1,"E29808K, S6468L, R31150K, P20019S","E29808K, S6468L, R31150K, P20019S",no alteration,no alteration,no alteration
151,skcm_tcga_pan_can_atlas_2018,TCGA-EE-A29A-06,TCGA-EE-A29A,1,R5968T,R5968T,no alteration,no alteration,no alteration
152,skcm_tcga_pan_can_atlas_2018,TCGA-EE-A29B-06,TCGA-EE-A29B,1,"E1756K, A20180T, E15852K, S2844L, A763T","E1756K, A20180T, E15852K, S2844L, A763T",no alteration,no alteration,no alteration
153,skcm_tcga_pan_can_atlas_2018,TCGA-EE-A29C-06,TCGA-EE-A29C,1,I9756F,I9756F,no alteration,no alteration,no alteration
154,skcm_tcga_pan_can_atlas_2018,TCGA-EE-A29D-06,TCGA-EE-A29D,1,"R5923*, R7124*, P23761S, S7698L, P11075S, E27453K, W19343*, P8042S, D2628N, E1039D, H2040Y, D14736N, E30599K, D13914N, S8562G, E31029K, D25222N, S18252L, G15689R, R32996Q, W7887*, R11389Q, G15488R, W31097*, X7097_splice, D33394N, G21628R, S18920L, L11068P, G7020R, S3879L, Q3473*, X925_splice","R5923*, R7124*, P23761S, S7698L, P11075S, E27453K, W19343*, P8042S, D2628N, E1039D, H2040Y, D14736N, E30599K, D13914N, S8562G, E31029K, D25222N, S18252L, G15689R, R32996Q, W7887*, R11389Q, G15488R, W31097*, X7097_splice, D33394N, G21628R, S18920L, L11068P, G7020R, S3879L, Q3473*, X925_splice",no alteration,no alteration,no alteration
155,skcm_tcga_pan_can_atlas_2018,TCGA-EE-A29E-06,TCGA-EE-A29E,1,"D3316N, S3271F, E1219K, R220Q, E32769K, G5520E, E3813K, E10682K, D30873N, E28489K, E7771K, S23188F, E536K, S1571F, R13577Q, G5907R, S32224F, V4985I, P7130S, S4521L, E12657K, R16594C, H12707Y, P18336S, P17345L, D14323N, D33712N, E20877K, D7234N, S4759F, E19957K, S22712P, P9885L, E32437V, E24991K, K11791T, A14590D, P8887L, P8887S, E3854K, F3735Y, P3545L","D3316N, S3271F, E1219K, R220Q, E32769K, G5520E, E3813K, E10682K, D30873N, E28489K, E7771K, S23188F, E536K, S1571F, R13577Q, G5907R, S32224F, V4985I, P7130S, S4521L, E12657K, R16594C, H12707Y, P18336S, P17345L, D14323N, D33712N, E20877K, D7234N, S4759F, E19957K, S22712P, P9885L, E32437V, E24991K, K11791T, A14590D, P8887L, P8887S, E3854K, F3735Y, P3545L",no alteration,no alteration,no alteration
156,skcm_tcga_pan_can_atlas_2018,TCGA-EE-A29G-06,TCGA-EE-A29G,1,"E15097K, D25956N, E5230K, E14992K, W34289L","E15097K, D25956N, E5230K, E14992K, W34289L",no alteration,no alteration,no alteration
157,skcm_tcga_pan_can_atlas_2018,TCGA-EE-A29H-06,TCGA-EE-A29H,1,"E9552K, E5269K","E9552K, E5269K",no alteration,no alteration,no alteration
158,skcm_tcga_pan_can_atlas_2018,TCGA-EE-A29L-06,TCGA-EE-A29L,1,"G14963R, P939S, E1953K, D1693N, S1010N, P339S, G16255E, D16844N, E9882K, P5139S, S5120C, K28541I, G5158R, V28881F, P22706H, E16905*, G14873S, W6197L, P3975S","G14963R, P939S, E1953K, D1693N, S1010N, P339S, G16255E, D16844N, E9882K, P5139S, S5120C, K28541I, G5158R, V28881F, P22706H, E16905*, G14873S, W6197L, P3975S",no alteration,no alteration,no alteration
159,skcm_tcga_pan_can_atlas_2018,TCGA-EE-A29M-06,TCGA-EE-A29M,1,"E2047K, E11073K, R1301K, G1077E, P11709L, D22455N, W20256*, K20257E, D20259G, R19568Q","E2047K, E11073K, R1301K, G1077E, P11709L, D22455N, W20256*, K20257E, D20259G, R19568Q",no alteration,no alteration,no alteration
160,skcm_tcga_pan_can_atlas_2018,TCGA-EE-A29N-06,TCGA-EE-A29N,1,"G20046R, E4247K, S265F","G20046R, E4247K, S265F",no alteration,no alteration,no alteration
161,skcm_tcga_pan_can_atlas_2018,TCGA-EE-A29P-06,TCGA-EE-A29P,1,"R1890C, D1524N, S8825L","R1890C, D1524N, S8825L",no alteration,no alteration,no alteration
162,skcm_tcga_pan_can_atlas_2018,TCGA-EE-A29Q-06,TCGA-EE-A29Q,1,E27402K,E27402K,no alteration,no alteration,no alteration
163,skcm_tcga_pan_can_atlas_2018,TCGA-EE-A29R-06,TCGA-EE-A29R,1,"E5646K, E13056K, T5764I, D6480N, X5597_splice","E5646K, E13056K, T5764I, D6480N, X5597_splice",no alteration,no alteration,no alteration
164,skcm_tcga_pan_can_atlas_2018,TCGA-EE-A29S-06,TCGA-EE-A29S,1,"E12780K, S146N, D2303N, V4696A, P8120S","E12780K, S146N, D2303N, V4696A, P8120S",no alteration,no alteration,no alteration
165,skcm_tcga_pan_can_atlas_2018,TCGA-EE-A29V-06,TCGA-EE-A29V,1,"H2936Y, G33804E, S14944F, G7961R, P21913S, D27440N, V28671F, G9417R, G19290E, L4097F, T3910A","H2936Y, G33804E, S14944F, G7961R, P21913S, D27440N, V28671F, G9417R, G19290E, L4097F, T3910A",no alteration,no alteration,no alteration
166,skcm_tcga_pan_can_atlas_2018,TCGA-EE-A29X-06,TCGA-EE-A29X,1,"L32967I, P31736H, P20602H, P6726H","L32967I, P31736H, P20602H, P6726H",no alteration,no alteration,no alteration
167,skcm_tcga_pan_can_atlas_2018,TCGA-EE-A2A0-06,TCGA-EE-A2A0,1,"R1752C, G9145E, T24465I, S21455C, G16015R","R1752C, G9145E, T24465I, S21455C, G16015R",no alteration,no alteration,no alteration
168,skcm_tcga_pan_can_atlas_2018,TCGA-EE-A2A2-06,TCGA-EE-A2A2,1,"E5912K, P301L, E5325G, D5583N, W21024L, F3553I","E5912K, P301L, E5325G, D5583N, W21024L, F3553I",no alteration,no alteration,no alteration
169,skcm_tcga_pan_can_atlas_2018,TCGA-EE-A2A5-06,TCGA-EE-A2A5,1,"P2073S, G8770R, R7479Q, R7053M","P2073S, G8770R, R7479Q, R7053M",no alteration,no alteration,no alteration
170,skcm_tcga_pan_can_atlas_2018,TCGA-EE-A2A6-06,TCGA-EE-A2A6,1,R33372S,R33372S,no alteration,no alteration,no alteration
171,skcm_tcga_pan_can_atlas_2018,TCGA-EE-A2GB-06,TCGA-EE-A2GB,1,"S1010N, E9568K, R22781K","S1010N, E9568K, R22781K",no alteration,no alteration,no alteration
172,skcm_tcga_pan_can_atlas_2018,TCGA-EE-A2GC-06,TCGA-EE-A2GC,1,"G2744E, P103S, R18985Q, G3571E, V3241A, D5542H, Q13880*, P15952L, A26801V, S6180F, E19792V, E31137K, P5630S, E22493K, W21938*, E3479K","G2744E, P103S, R18985Q, G3571E, V3241A, D5542H, Q13880*, P15952L, A26801V, S6180F, E19792V, E31137K, P5630S, E22493K, W21938*, E3479K",no alteration,no alteration,no alteration
173,skcm_tcga_pan_can_atlas_2018,TCGA-EE-A2GD-06,TCGA-EE-A2GD,1,G1765D,G1765D,no alteration,no alteration,no alteration
174,skcm_tcga_pan_can_atlas_2018,TCGA-EE-A2GE-06,TCGA-EE-A2GE,1,R33011K,R33011K,no alteration,no alteration,no alteration
175,skcm_tcga_pan_can_atlas_2018,TCGA-EE-A2GH-06,TCGA-EE-A2GH,1,"G4057E, A4552V, C13283S, W31493L, W20562L, P15649Q","G4057E, A4552V, C13283S, W31493L, W20562L, P15649Q",no alteration,no alteration,no alteration
176,skcm_tcga_pan_can_atlas_2018,TCGA-EE-A2GI-06,TCGA-EE-A2GI,1,"E27619K, R4432Q, R9734*, E8483K, D4746N, D1892N, E8847K, E7983K, G15797R, E11050K, D21680N, W14523*, G16530E, P20798L, V33078M, P3791S, G27330V","E27619K, R4432Q, R9734*, E8483K, D4746N, D1892N, E8847K, E7983K, G15797R, E11050K, D21680N, W14523*, G16530E, P20798L, V33078M, P3791S, G27330V",no alteration,no alteration,no alteration
177,skcm_tcga_pan_can_atlas_2018,TCGA-EE-A2GJ-06,TCGA-EE-A2GJ,1,"D7439N, E5092K, K17066R, G6616A, K6613T, K6613Q","D7439N, E5092K, K17066R, G6616A, K6613T, K6613Q",no alteration,no alteration,no alteration
178,skcm_tcga_pan_can_atlas_2018,TCGA-EE-A2GK-06,TCGA-EE-A2GK,1,"G17012V, P11561H","G17012V, P11561H",no alteration,no alteration,no alteration
179,skcm_tcga_pan_can_atlas_2018,TCGA-EE-A2GM-06,TCGA-EE-A2GM,1,"E5828K, E6203K, P10342L, V25074I","E5828K, E6203K, P10342L, V25074I",no alteration,no alteration,no alteration
180,skcm_tcga_pan_can_atlas_2018,TCGA-EE-A2GN-06,TCGA-EE-A2GN,1,"E11147K, G3984C","E11147K, G3984C",no alteration,no alteration,no alteration
181,skcm_tcga_pan_can_atlas_2018,TCGA-EE-A2GO-06,TCGA-EE-A2GO,1,"E536K, E3054K, G9009R, K24959E","E536K, E3054K, G9009R, K24959E",no alteration,no alteration,no alteration
182,skcm_tcga_pan_can_atlas_2018,TCGA-EE-A2GP-06,TCGA-EE-A2GP,1,"V17926M, E12523K","V17926M, E12523K",no alteration,no alteration,no alteration
183,skcm_tcga_pan_can_atlas_2018,TCGA-EE-A2GR-06,TCGA-EE-A2GR,1,"E984K, E18010K, I3384S, V1120F, E7407K, D5746N, P26607S, E33156K, E9503K, R18275S, D6271N, R23208Q, E4217K","E984K, E18010K, I3384S, V1120F, E7407K, D5746N, P26607S, E33156K, E9503K, R18275S, D6271N, R23208Q, E4217K",no alteration,no alteration,no alteration
184,skcm_tcga_pan_can_atlas_2018,TCGA-EE-A2GS-06,TCGA-EE-A2GS,1,"I17875N, T24121I","I17875N, T24121I",no alteration,no alteration,no alteration
185,skcm_tcga_pan_can_atlas_2018,TCGA-EE-A2GT-06,TCGA-EE-A2GT,1,"E12307K, P18615S, E18010K, L8082F, L31874F, E26501*, L13357I, P11629T, L11601I, G7804V, G1022*","E12307K, P18615S, E18010K, L8082F, L31874F, E26501*, L13357I, P11629T, L11601I, G7804V, G1022*",no alteration,no alteration,no alteration
186,skcm_tcga_pan_can_atlas_2018,TCGA-EE-A2GU-06,TCGA-EE-A2GU,1,"P3961S, E20779K","P3961S, E20779K",no alteration,no alteration,no alteration
187,skcm_tcga_pan_can_atlas_2018,TCGA-EE-A2M5-06,TCGA-EE-A2M5,1,"E2044K, R2666K, W31006*, S26458F, R26135K, W25063*, V23781I, F21756L, L21139F, P19710L, P18131L, G14793D, S8358F, G4614E, K2209E, V1565F","E2044K, R2666K, W31006*, S26458F, R26135K, W25063*, V23781I, F21756L, L21139F, P19710L, P18131L, G14793D, S8358F, G4614E, K2209E, V1565F",no alteration,no alteration,no alteration
188,skcm_tcga_pan_can_atlas_2018,TCGA-EE-A2M6-06,TCGA-EE-A2M6,1,"S3271F, R4991Q, E470K, M1734I, G7705E, E24661K, P5348L, D13726N, E22827K, G21344E, P25432L","S3271F, R4991Q, E470K, M1734I, G7705E, E24661K, P5348L, D13726N, E22827K, G21344E, P25432L",no alteration,no alteration,no alteration
189,skcm_tcga_pan_can_atlas_2018,TCGA-EE-A2M7-06,TCGA-EE-A2M7,1,"A5218E, W31493L","A5218E, W31493L",no alteration,no alteration,no alteration
190,skcm_tcga_pan_can_atlas_2018,TCGA-EE-A2M8-06,TCGA-EE-A2M8,1,"S22853R, R13513M","S22853R, R13513M",no alteration,no alteration,no alteration
191,skcm_tcga_pan_can_atlas_2018,TCGA-EE-A2MC-06,TCGA-EE-A2MC,1,"R7664W, G13174E, R21240Q, R21838Q, R8047*, D5372N, E16725K","R7664W, G13174E, R21240Q, R21838Q, R8047*, D5372N, E16725K",no alteration,no alteration,no alteration
192,skcm_tcga_pan_can_atlas_2018,TCGA-EE-A2MD-06,TCGA-EE-A2MD,1,"S4192F, P339S, G1163E, E197K, S4549F, P10300S, H11323Y, W28704*, Y22181*, P11136H, D4191N","S4192F, P339S, G1163E, E197K, S4549F, P10300S, H11323Y, W28704*, Y22181*, P11136H, D4191N",no alteration,no alteration,no alteration
193,skcm_tcga_pan_can_atlas_2018,TCGA-EE-A2ME-06,TCGA-EE-A2ME,1,R20510L,R20510L,no alteration,no alteration,no alteration
194,skcm_tcga_pan_can_atlas_2018,TCGA-EE-A2MF-06,TCGA-EE-A2MF,1,"G2744E, G23988R, N21749D, P20539A","G2744E, G23988R, N21749D, P20539A",no alteration,no alteration,no alteration
195,skcm_tcga_pan_can_atlas_2018,TCGA-EE-A2MG-06,TCGA-EE-A2MG,1,"H19848Y, R16227K, G14632V","H19848Y, R16227K, G14632V",no alteration,no alteration,no alteration
196,skcm_tcga_pan_can_atlas_2018,TCGA-EE-A2MH-06,TCGA-EE-A2MH,1,N1133H,N1133H,no alteration,no alteration,no alteration
197,skcm_tcga_pan_can_atlas_2018,TCGA-EE-A2MI-06,TCGA-EE-A2MI,1,"G2297E, E2130K, G1371E, W8467*, E32547K, P8888L, E8154K, S1542L","G2297E, E2130K, G1371E, W8467*, E32547K, P8888L, E8154K, S1542L",no alteration,no alteration,no alteration
198,skcm_tcga_pan_can_atlas_2018,TCGA-EE-A2MJ-06,TCGA-EE-A2MJ,1,"P1917S, D484N, G9526R, D15469N, E24908K, N30435I, S5838F, Q7310*, E4007K, N3772T, E3626K","P1917S, D484N, G9526R, D15469N, E24908K, N30435I, S5838F, Q7310*, E4007K, N3772T, E3626K",no alteration,no alteration,no alteration
199,skcm_tcga_pan_can_atlas_2018,TCGA-EE-A2MK-06,TCGA-EE-A2MK,1,"W25186*, R17114S","W25186*, R17114S",no alteration,no alteration,no alteration
200,skcm_tcga_pan_can_atlas_2018,TCGA-EE-A2ML-06,TCGA-EE-A2ML,1,"P11589S, D1693N, D2303N, I855S, D6271E, P11082S, R9561K, E8758K","P11589S, D1693N, D2303N, I855S, D6271E, P11082S, R9561K, E8758K",no alteration,no alteration,no alteration
201,skcm_tcga_pan_can_atlas_2018,TCGA-EE-A2MM-06,TCGA-EE-A2MM,1,"G13174E, S3280F, E24106K, G7609R, S13639F, P15455Q","G13174E, S3280F, E24106K, G7609R, S13639F, P15455Q",no alteration,no alteration,no alteration
202,skcm_tcga_pan_can_atlas_2018,TCGA-EE-A2MN-06,TCGA-EE-A2MN,1,"G12310E, E13659K","G12310E, E13659K",no alteration,no alteration,no alteration
203,skcm_tcga_pan_can_atlas_2018,TCGA-EE-A2MP-06,TCGA-EE-A2MP,1,D7043N,D7043N,no alteration,no alteration,no alteration
204,skcm_tcga_pan_can_atlas_2018,TCGA-EE-A2MQ-06,TCGA-EE-A2MQ,1,"E8230*, G1537D, E28446K, D5010N, S7897F","E8230*, G1537D, E28446K, D5010N, S7897F",no alteration,no alteration,no alteration
205,skcm_tcga_pan_can_atlas_2018,TCGA-EE-A2MR-06,TCGA-EE-A2MR,1,"G2933E, P131S, R9734Q, E11085K, D7275N","G2933E, P131S, R9734Q, E11085K, D7275N",no alteration,no alteration,no alteration
206,skcm_tcga_pan_can_atlas_2018,TCGA-EE-A2MS-06,TCGA-EE-A2MS,1,"E4064K, G784R, G5119E, D2327N, R6211K, E24427K, R19477Q, E3437K, G32035E, W16445*, G8816S, E33148K, L34330M, G26390E","E4064K, G784R, G5119E, D2327N, R6211K, E24427K, R19477Q, E3437K, G32035E, W16445*, G8816S, E33148K, L34330M, G26390E",no alteration,no alteration,no alteration
207,skcm_tcga_pan_can_atlas_2018,TCGA-EE-A2MT-06,TCGA-EE-A2MT,1,"S3271F, E7081K, R18191K, G15689R, P11082S, M21492I, A9846T, G8182R, G30826E, S17813A, H12696Y, V8287M, G20780V, G20780R","S3271F, E7081K, R18191K, G15689R, P11082S, M21492I, A9846T, G8182R, G30826E, S17813A, H12696Y, V8287M, G20780V, G20780R",no alteration,no alteration,no alteration
208,skcm_tcga_pan_can_atlas_2018,TCGA-EE-A2MU-06,TCGA-EE-A2MU,1,"W18751*, X8979_splice","W18751*, X8979_splice",no alteration,no alteration,no alteration
209,skcm_tcga_pan_can_atlas_2018,TCGA-EE-A3AA-06,TCGA-EE-A3AA,1,"E1988K, S7698L, G21971R, D32608N, L15765F, P31736T, R22951M, E16733*, K16516N, H13452N, W2478L, E1657*","E1988K, S7698L, G21971R, D32608N, L15765F, P31736T, R22951M, E16733*, K16516N, H13452N, W2478L, E1657*",no alteration,no alteration,no alteration
210,skcm_tcga_pan_can_atlas_2018,TCGA-EE-A3AB-06,TCGA-EE-A3AB,1,"A4929P, E10573K, G9715D, G9715S","A4929P, E10573K, G9715D, G9715S",no alteration,no alteration,no alteration
211,skcm_tcga_pan_can_atlas_2018,TCGA-EE-A3AC-06,TCGA-EE-A3AC,1,"D1340G, L13073Q, G28430C, P27034Q","D1340G, L13073Q, G28430C, P27034Q",no alteration,no alteration,no alteration
212,skcm_tcga_pan_can_atlas_2018,TCGA-EE-A3AD-06,TCGA-EE-A3AD,1,"P31155H, R30276I, E24037D, S18976*, G8863*, G3742C","P31155H, R30276I, E24037D, S18976*, G8863*, G3742C",no alteration,no alteration,no alteration
213,skcm_tcga_pan_can_atlas_2018,TCGA-EE-A3AE-06,TCGA-EE-A3AE,1,"E32543K, E12906K, G9145R, A835V, D7216N, E23568K, G8488E, D26305N, G24990D, G29390R","E32543K, E12906K, G9145R, A835V, D7216N, E23568K, G8488E, D26305N, G24990D, G29390R",no alteration,no alteration,no alteration
214,skcm_tcga_pan_can_atlas_2018,TCGA-EE-A3AF-06,TCGA-EE-A3AF,1,P15374L,P15374L,no alteration,no alteration,no alteration
215,skcm_tcga_pan_can_atlas_2018,TCGA-EE-A3AG-06,TCGA-EE-A3AG,1,"E25859K, D6525N, K16653N, E4393K, G26192E, G6645*","E25859K, D6525N, K16653N, E4393K, G26192E, G6645*",no alteration,no alteration,no alteration
216,skcm_tcga_pan_can_atlas_2018,TCGA-EE-A3AH-06,TCGA-EE-A3AH,1,"E3753K, E13056K, H2820Y, D710N, A16438V","E3753K, E13056K, H2820Y, D710N, A16438V",no alteration,no alteration,no alteration
217,skcm_tcga_pan_can_atlas_2018,TCGA-EE-A3J5-06,TCGA-EE-A3J5,1,"D3734N, S7528L, G31089E, R28225K, G28074R, Y25764H, G24674S, R18858Q, E18507K, P17994A, S16467G, R15005Q, R14526*, G8457E, L8150F, S6165L, D5866N, P4176S","D3734N, S7528L, G31089E, R28225K, G28074R, Y25764H, G24674S, R18858Q, E18507K, P17994A, S16467G, R15005Q, R14526*, G8457E, L8150F, S6165L, D5866N, P4176S",no alteration,no alteration,no alteration
218,skcm_tcga_pan_can_atlas_2018,TCGA-EE-A3J7-06,TCGA-EE-A3J7,1,"G784R, G4919S, E29558K, V29545A","G784R, G4919S, E29558K, V29545A",no alteration,no alteration,no alteration
219,skcm_tcga_pan_can_atlas_2018,TCGA-EE-A3J8-06,TCGA-EE-A3J8,1,"E6971K, G34173E, R24517K","E6971K, G34173E, R24517K",no alteration,no alteration,no alteration
220,skcm_tcga_pan_can_atlas_2018,TCGA-EE-A3JA-06,TCGA-EE-A3JA,1,"G4057E, L21307F","G4057E, L21307F",no alteration,no alteration,no alteration
221,skcm_tcga_pan_can_atlas_2018,TCGA-EE-A3JB-06,TCGA-EE-A3JB,1,"G16763R, E4564K","G16763R, E4564K",no alteration,no alteration,no alteration
222,skcm_tcga_pan_can_atlas_2018,TCGA-EE-A3JD-06,TCGA-EE-A3JD,1,"N25302I, G19306E, F4573L, D4742N, R23139Q","N25302I, G19306E, F4573L, D4742N, R23139Q",no alteration,no alteration,no alteration
223,skcm_tcga_pan_can_atlas_2018,TCGA-EE-A3JI-06,TCGA-EE-A3JI,1,"E15097K, P7578L, D5451N, S528F, E33687K, E17213K, E9552K, V6238M, E2285K","E15097K, P7578L, D5451N, S528F, E33687K, E17213K, E9552K, V6238M, E2285K",no alteration,no alteration,no alteration
224,skcm_tcga_pan_can_atlas_2018,TCGA-ER-A193-06,TCGA-ER-A193,1,"P1394S, E3995K, E4247K, E5646K, S959F, P269L, E21890K, E16790K, G26541R, S7324L, R12676*, G16866R, E11098*, G24255R","P1394S, E3995K, E4247K, E5646K, S959F, P269L, E21890K, E16790K, G26541R, S7324L, R12676*, G16866R, E11098*, G24255R",no alteration,no alteration,no alteration
225,skcm_tcga_pan_can_atlas_2018,TCGA-ER-A194-01,TCGA-ER-A194,1,T20672S,T20672S,not profiled,not profiled,no alteration
226,skcm_tcga_pan_can_atlas_2018,TCGA-ER-A196-01,TCGA-ER-A196,1,"P11970S, R1752S","P11970S, R1752S",not profiled,not profiled,no alteration
227,skcm_tcga_pan_can_atlas_2018,TCGA-ER-A198-06,TCGA-ER-A198,1,"E3497K, G6469E, D21313N","E3497K, G6469E, D21313N",no alteration,no alteration,no alteration
228,skcm_tcga_pan_can_atlas_2018,TCGA-ER-A199-06,TCGA-ER-A199,1,"G23819E, Q24047R, Q24047K, A3638V","G23819E, Q24047R, Q24047K, A3638V",no alteration,no alteration,no alteration
229,skcm_tcga_pan_can_atlas_2018,TCGA-ER-A19C-06,TCGA-ER-A19C,1,"S9340*, L1615I, Q711K","S9340*, L1615I, Q711K",no alteration,no alteration,no alteration
230,skcm_tcga_pan_can_atlas_2018,TCGA-ER-A19D-06,TCGA-ER-A19D,1,"E2130K, D24084N, E13056K, G27680E","E2130K, D24084N, E13056K, G27680E",no alteration,no alteration,no alteration
231,skcm_tcga_pan_can_atlas_2018,TCGA-ER-A19E-06,TCGA-ER-A19E,1,"R7124Q, E32769K, E25770K, M20228I, D15217E, P1111S","R7124Q, E32769K, E25770K, M20228I, D15217E, P1111S",no alteration,no alteration,no alteration
232,skcm_tcga_pan_can_atlas_2018,TCGA-ER-A19F-06,TCGA-ER-A19F,1,"P6428S, V11008M, V10209A, T25848A, W31303C, P19691H, E13658*, G2103W, P1583H","P6428S, V11008M, V10209A, T25848A, W31303C, P19691H, E13658*, G2103W, P1583H",no alteration,no alteration,no alteration
233,skcm_tcga_pan_can_atlas_2018,TCGA-ER-A19G-06,TCGA-ER-A19G,1,"S986F, T31607N, N17526H, T12144A, W31837C","S986F, T31607N, N17526H, T12144A, W31837C",no alteration,no alteration,no alteration
234,skcm_tcga_pan_can_atlas_2018,TCGA-ER-A19H-06,TCGA-ER-A19H,1,"G4864R, K12993N, G22403C, S3611F","G4864R, K12993N, G22403C, S3611F",no alteration,no alteration,no alteration
235,skcm_tcga_pan_can_atlas_2018,TCGA-ER-A19J-06,TCGA-ER-A19J,1,"X416_splice, G378E, W7336*","X416_splice, G378E, W7336*",no alteration,no alteration,no alteration
236,skcm_tcga_pan_can_atlas_2018,TCGA-ER-A19M-06,TCGA-ER-A19M,1,"D5583N, S12748F, M6173I","D5583N, S12748F, M6173I",no alteration,no alteration,no alteration
237,skcm_tcga_pan_can_atlas_2018,TCGA-ER-A19N-06,TCGA-ER-A19N,1,"G15797E, R8653M, E2025K, E10194K, G23645C, P11718H, P6826H, P4631H","G15797E, R8653M, E2025K, E10194K, G23645C, P11718H, P6826H, P4631H",no alteration,no alteration,no alteration
238,skcm_tcga_pan_can_atlas_2018,TCGA-ER-A19O-06,TCGA-ER-A19O,1,"E5921K, S22936F","E5921K, S22936F",no alteration,no alteration,no alteration
239,skcm_tcga_pan_can_atlas_2018,TCGA-ER-A19P-06,TCGA-ER-A19P,1,"G2297E, P10949H, R33285M, G29893V, L25226F, S16514*, P15497Q, Q13870K, K11871N, E11837*, E11391*, E10879D, E7016D, E6424*, P3545T, G2620V","G2297E, P10949H, R33285M, G29893V, L25226F, S16514*, P15497Q, Q13870K, K11871N, E11837*, E11391*, E10879D, E7016D, E6424*, P3545T, G2620V",no alteration,no alteration,no alteration
240,skcm_tcga_pan_can_atlas_2018,TCGA-ER-A19Q-06,TCGA-ER-A19Q,1,E13258K,E13258K,no alteration,no alteration,no alteration
241,skcm_tcga_pan_can_atlas_2018,TCGA-ER-A19T-01,TCGA-ER-A19T,1,"R1752S, R7859I","R1752S, R7859I",not profiled,not profiled,no alteration
242,skcm_tcga_pan_can_atlas_2018,TCGA-ER-A19T-06,TCGA-ER-A19T,1,P28513H,P28513H,no alteration,no alteration,no alteration
243,skcm_tcga_pan_can_atlas_2018,TCGA-ER-A1A1-06,TCGA-ER-A1A1,1,"M20582I, Q13934K","M20582I, Q13934K",no alteration,no alteration,no alteration
244,skcm_tcga_pan_can_atlas_2018,TCGA-ER-A2NB-01,TCGA-ER-A2NB,1,S2072R,S2072R,not profiled,not profiled,no alteration
245,skcm_tcga_pan_can_atlas_2018,TCGA-ER-A2NC-06,TCGA-ER-A2NC,1,E2925K,E2925K,no alteration,no alteration,no alteration
246,skcm_tcga_pan_can_atlas_2018,TCGA-ER-A2ND-06,TCGA-ER-A2ND,1,R17143C,R17143C,no alteration,no alteration,no alteration
247,skcm_tcga_pan_can_atlas_2018,TCGA-ER-A2NE-06,TCGA-ER-A2NE,1,"S22742L, P16052L, W31589L","S22742L, P16052L, W31589L",no alteration,no alteration,no alteration
248,skcm_tcga_pan_can_atlas_2018,TCGA-ER-A2NH-06,TCGA-ER-A2NH,1,P6658Q,P6658Q,no alteration,no alteration,no alteration
249,skcm_tcga_pan_can_atlas_2018,TCGA-ER-A3PL-06,TCGA-ER-A3PL,1,R30692C,R30692C,no alteration,no alteration,no alteration
250,skcm_tcga_pan_can_atlas_2018,TCGA-ER-A42L-06,TCGA-ER-A42L,1,"S5643L, G1742E, G20889R, G19040E, E25628K, R1815K, R1713G, G23296E, P11082S, I15020T, D24207N, D15533N, E26758K, S8879L","S5643L, G1742E, G20889R, G19040E, E25628K, R1815K, R1713G, G23296E, P11082S, I15020T, D24207N, D15533N, E26758K, S8879L",no alteration,no alteration,no alteration
251,skcm_tcga_pan_can_atlas_2018,TCGA-FR-A3R1-01,TCGA-FR-A3R1,1,"R4712Q, E19488K","R4712Q, E19488K",not profiled,not profiled,no alteration
252,skcm_tcga_pan_can_atlas_2018,TCGA-FR-A3YN-06,TCGA-FR-A3YN,1,"G20780E, E5269K, G13441R, K7295R, E33934K","G20780E, E5269K, G13441R, K7295R, E33934K",no alteration,no alteration,no alteration
253,skcm_tcga_pan_can_atlas_2018,TCGA-FR-A3YO-06,TCGA-FR-A3YO,1,"R18842C, M2594I, X5597_splice, G7250E, P25338S, E15766K","R18842C, M2594I, X5597_splice, G7250E, P25338S, E15766K",no alteration,no alteration,no alteration
254,skcm_tcga_pan_can_atlas_2018,TCGA-FR-A44A-06,TCGA-FR-A44A,1,"R1821K, S119I, P11699L, P7825L, G17390E","R1821K, S119I, P11699L, P7825L, G17390E",no alteration,no alteration,no alteration
255,skcm_tcga_pan_can_atlas_2018,TCGA-FR-A726-01,TCGA-FR-A726,1,"P299L, R11860C, E1933K, G12310E, G1611E, E12906K, E32493K, E5828K, G5803R, S7698L, E5534K, S8825L, G9425E, R4084Q, E9268K, E8154K, G3132E, R1483K, S1404F, G33724S, G6243E, M32249I, E30019K, E29116K, E28761K, G26347E, E25871A, E25289K, A24444T, E23862A, S23487L, R20858Q, E19813K, R17758*, E17200K, D16783N, P16556S, R16484K, E16259K, G14915R, R13624K, E13316K, T11621I, P11450S, E11057K, A9951V, E8070G, S8069*, N8067D, D7813N, X7476_splice, H5940Y, G5345S, X5131_splice, S4706N, G3793E","P299L, R11860C, E1933K, G12310E, G1611E, E12906K, E32493K, E5828K, G5803R, S7698L, E5534K, S8825L, G9425E, R4084Q, E9268K, E8154K, G3132E, R1483K, S1404F, G33724S, G6243E, M32249I, E30019K, E29116K, E28761K, G26347E, E25871A, E25289K, A24444T, E23862A, S23487L, R20858Q, E19813K, R17758*, E17200K, D16783N, P16556S, R16484K, E16259K, G14915R, R13624K, E13316K, T11621I, P11450S, E11057K, A9951V, E8070G, S8069*, N8067D, D7813N, X7476_splice, H5940Y, G5345S, X5131_splice, S4706N, G3793E",not profiled,not profiled,no alteration
256,skcm_tcga_pan_can_atlas_2018,TCGA-FR-A728-01,TCGA-FR-A728,1,"G8820E, G6638E","G8820E, G6638E",not profiled,not profiled,no alteration
257,skcm_tcga_pan_can_atlas_2018,TCGA-FR-A729-06,TCGA-FR-A729,1,"G12907E, E4751D","G12907E, E4751D",no alteration,no alteration,no alteration
258,skcm_tcga_pan_can_atlas_2018,TCGA-FR-A7U9-06,TCGA-FR-A7U9,1,"E1687K, R23435K, E30354K, D9826N, W14957*, H8356Y, S4759F, R4799*, A33771T, E21977K, E19613K, K17532*, D7749N, D7110N, K2692N","E1687K, R23435K, E30354K, D9826N, W14957*, H8356Y, S4759F, R4799*, A33771T, E21977K, E19613K, K17532*, D7749N, D7110N, K2692N",no alteration,no alteration,no alteration
259,skcm_tcga_pan_can_atlas_2018,TCGA-FR-A7UA-06,TCGA-FR-A7UA,1,W30608*,W30608*,no alteration,no alteration,no alteration
260,skcm_tcga_pan_can_atlas_2018,TCGA-FR-A8YC-06,TCGA-FR-A8YC,1,"Q2937*, S4819L, E20059K, E13403K, N18499S, E32821K, D7514N, E18018K, P1207T, P2078S, E9312K, H21534Y, G18402E, E26212K, G19601E, E13436K, P23984S, E21174K, E26082K, X7097_splice, D32758N, E29650K, E33450K, H31965Y, R30832C, S29488F, G28417D, L24549F, G23041S, R20841W, R20627K, L20310F, G19474D, G15178R, P13838S, G11981E, V11761A, E11611K, E11103K, E10451K, N6867Y, P6450S, P5882S, R5410G, L5409*, R4012K, Q2181R, R1416H","Q2937*, S4819L, E20059K, E13403K, N18499S, E32821K, D7514N, E18018K, P1207T, P2078S, E9312K, H21534Y, G18402E, E26212K, G19601E, E13436K, P23984S, E21174K, E26082K, X7097_splice, D32758N, E29650K, E33450K, H31965Y, R30832C, S29488F, G28417D, L24549F, G23041S, R20841W, R20627K, L20310F, G19474D, G15178R, P13838S, G11981E, V11761A, E11611K, E11103K, E10451K, N6867Y, P6450S, P5882S, R5410G, L5409*, R4012K, Q2181R, R1416H",no alteration,no alteration,no alteration
261,skcm_tcga_pan_can_atlas_2018,TCGA-FR-A8YD-06,TCGA-FR-A8YD,1,X1403_splice,X1403_splice,no alteration,no alteration,no alteration
262,skcm_tcga_pan_can_atlas_2018,TCGA-FR-A8YE-06,TCGA-FR-A8YE,1,D16787N,D16787N,no alteration,no alteration,no alteration
263,skcm_tcga_pan_can_atlas_2018,TCGA-FS-A1YX-06,TCGA-FS-A1YX,1,R20841L,R20841L,no alteration,no alteration,no alteration
264,skcm_tcga_pan_can_atlas_2018,TCGA-FS-A1Z0-06,TCGA-FS-A1Z0,1,"D9483N, G4958R, P21403Q","D9483N, G4958R, P21403Q",no alteration,no alteration,no alteration
265,skcm_tcga_pan_can_atlas_2018,TCGA-FS-A1Z3-06,TCGA-FS-A1Z3,1,"E18819K, E12271K, D22084N, E20484K, X17241_splice","E18819K, E12271K, D22084N, E20484K, X17241_splice",no alteration,no alteration,no alteration
266,skcm_tcga_pan_can_atlas_2018,TCGA-FS-A1Z7-06,TCGA-FS-A1Z7,1,"S3271F, E6203K, G22114D, G22114S","S3271F, E6203K, G22114D, G22114S",no alteration,no alteration,no alteration
267,skcm_tcga_pan_can_atlas_2018,TCGA-FS-A1ZA-06,TCGA-FS-A1ZA,1,"G736R, G22288E, P7198S, E586K, E9568K, R9843K, S26127G, M21071I, L19553F, G5213E, R21572C, V10367I, A4173T","G736R, G22288E, P7198S, E586K, E9568K, R9843K, S26127G, M21071I, L19553F, G5213E, R21572C, V10367I, A4173T",no alteration,no alteration,no alteration
268,skcm_tcga_pan_can_atlas_2018,TCGA-FS-A1ZB-06,TCGA-FS-A1ZB,1,"E3447K, D8220N, G28815C, V20644L, Q19498K, X926_splice","E3447K, D8220N, G28815C, V20644L, Q19498K, X926_splice",no alteration,no alteration,no alteration
269,skcm_tcga_pan_can_atlas_2018,TCGA-FS-A1ZC-06,TCGA-FS-A1ZC,1,"E11307K, S9616L, D6011N, E5660K, G8781S, H8644Y, D13277N, S10665L, G15862D","E11307K, S9616L, D6011N, E5660K, G8781S, H8644Y, D13277N, S10665L, G15862D",no alteration,no alteration,no alteration
270,skcm_tcga_pan_can_atlas_2018,TCGA-FS-A1ZD-06,TCGA-FS-A1ZD,1,G27722V,G27722V,no alteration,no alteration,no alteration
271,skcm_tcga_pan_can_atlas_2018,TCGA-FS-A1ZE-06,TCGA-FS-A1ZE,1,E11925K,E11925K,no alteration,no alteration,no alteration
272,skcm_tcga_pan_can_atlas_2018,TCGA-FS-A1ZF-06,TCGA-FS-A1ZF,1,P11629S,P11629S,no alteration,no alteration,no alteration
273,skcm_tcga_pan_can_atlas_2018,TCGA-FS-A1ZG-06,TCGA-FS-A1ZG,1,"P28866Q, P28478Q, P26913H, M19587I, G7074V, G5177*","P28866Q, P28478Q, P26913H, M19587I, G7074V, G5177*",no alteration,no alteration,no alteration
274,skcm_tcga_pan_can_atlas_2018,TCGA-FS-A1ZK-06,TCGA-FS-A1ZK,1,"I29467N, E20176Q, D15100N, V5527G, S851F, A12130T","I29467N, E20176Q, D15100N, V5527G, S851F, A12130T",no alteration,no alteration,no alteration
275,skcm_tcga_pan_can_atlas_2018,TCGA-FS-A1ZM-06,TCGA-FS-A1ZM,1,"W22133C, R13032L, G3793E, A8288D","W22133C, R13032L, G3793E, A8288D",no alteration,no alteration,no alteration
276,skcm_tcga_pan_can_atlas_2018,TCGA-FS-A1ZN-01,TCGA-FS-A1ZN,1,"E1219K, G5065C","E1219K, G5065C",not profiled,not profiled,no alteration
277,skcm_tcga_pan_can_atlas_2018,TCGA-FS-A1ZP-06,TCGA-FS-A1ZP,1,"E26212K, G13159V","E26212K, G13159V",no alteration,no alteration,no alteration
278,skcm_tcga_pan_can_atlas_2018,TCGA-FS-A1ZQ-06,TCGA-FS-A1ZQ,1,"E29789K, W24693*, E7237K, E1268D, E10415K, R20510L, Q33140K, P20203Q, G8527V, X6348_splice","E29789K, W24693*, E7237K, E1268D, E10415K, R20510L, Q33140K, P20203Q, G8527V, X6348_splice",no alteration,no alteration,no alteration
279,skcm_tcga_pan_can_atlas_2018,TCGA-FS-A1ZR-06,TCGA-FS-A1ZR,1,"E27453K, S13610L, E30082*, E14217D, P1390Q","E27453K, S13610L, E30082*, E14217D, P1390Q",no alteration,no alteration,no alteration
280,skcm_tcga_pan_can_atlas_2018,TCGA-FS-A1ZS-06,TCGA-FS-A1ZS,1,"G20780E, R33302*, T18941I","G20780E, R33302*, T18941I",no alteration,no alteration,no alteration
281,skcm_tcga_pan_can_atlas_2018,TCGA-FS-A1ZW-06,TCGA-FS-A1ZW,1,"P3629S, A10204V, P28513L","P3629S, A10204V, P28513L",no alteration,no alteration,no alteration
282,skcm_tcga_pan_can_atlas_2018,TCGA-FS-A1ZY-06,TCGA-FS-A1ZY,1,P11809T,P11809T,no alteration,no alteration,no alteration
283,skcm_tcga_pan_can_atlas_2018,TCGA-FS-A1ZZ-06,TCGA-FS-A1ZZ,1,"E470K, R29787C, R10318K, K33161I, A29298T, H6922Y, G34129R, K17653I, G30787C, R30478K, L2542I","E470K, R29787C, R10318K, K33161I, A29298T, H6922Y, G34129R, K17653I, G30787C, R30478K, L2542I",no alteration,no alteration,no alteration
284,skcm_tcga_pan_can_atlas_2018,TCGA-FS-A4F0-06,TCGA-FS-A4F0,1,E7013K,E7013K,no alteration,no alteration,no alteration
285,skcm_tcga_pan_can_atlas_2018,TCGA-FS-A4F5-06,TCGA-FS-A4F5,1,"R7479Q, E33898K, E13033K, P11589L, D4859N, S4311F","R7479Q, E33898K, E13033K, P11589L, D4859N, S4311F",no alteration,no alteration,no alteration
286,skcm_tcga_pan_can_atlas_2018,TCGA-FS-A4F8-06,TCGA-FS-A4F8,1,"E3096K, P7668S, P3736L","E3096K, P7668S, P3736L",no alteration,no alteration,no alteration
287,skcm_tcga_pan_can_atlas_2018,TCGA-FS-A4F9-06,TCGA-FS-A4F9,1,"G7242E, M6183I, L7778F","G7242E, M6183I, L7778F",no alteration,no alteration,no alteration
288,skcm_tcga_pan_can_atlas_2018,TCGA-FS-A4FC-06,TCGA-FS-A4FC,1,"E5828K, E12057K, E4270K","E5828K, E12057K, E4270K",no alteration,no alteration,no alteration
289,skcm_tcga_pan_can_atlas_2018,TCGA-FS-A4FD-06,TCGA-FS-A4FD,1,E5292K,E5292K,no alteration,no alteration,no alteration
290,skcm_tcga_pan_can_atlas_2018,TCGA-FW-A3R5-06,TCGA-FW-A3R5,1,"R2540C, E20059K, E4352K, A1347T, R19560Q, G12021E, R220Q, Q4179*, E12014K, S29426N, E33979K, R7327Q, R16810Q, G7453E, R12240Q, G13433E, E30354K, E5828K, D16450N, G9145E, E143K, E10410K, G9526R, R3148C, P9660L, D4746N, G9425E, E6575K, S7719L, S1542L, S7528L, P3331S, P1318S, R606K, E868K, H3031Y, E897K, E739K, A2157T, E2110K, G1292E, E2415K, E1746K, E30357K, E5325K, G15689R, D5746N, E18259K, E11033K, L8072F, A19547T, D29068N, E19402K, T7049A, R20026Q, E15428K, G4772E, E21644K, R9118K, D6019N, G9094R, E21014K, S8900F, E9603K, G21562E, E11163K, D24515N, S7300L, P24670S, E32400K, R29132Q, R28428K, E4508K, G12802E, S18215F, E7353K, G12625S, D18382N, E6052K, L4764F, S22368N, E5266K, E10281K, G7705R, D9562N, G20382S, D28089N, R25265Q, G22487E, E25674K, A8793T, E33566K, G5907E, G6282R, V11592M, S8376F, E12871K, S4311F, R15125Q, R12676Q, P5694L, K4316N, R4120K, S4010F, E3891K, E3778K, X3158_splice","R2540C, E20059K, E4352K, A1347T, R19560Q, G12021E, R220Q, Q4179*, E12014K, S29426N, E33979K, R7327Q, R16810Q, G7453E, R12240Q, G13433E, E30354K, E5828K, D16450N, G9145E, E143K, E10410K, G9526R, R3148C, P9660L, D4746N, G9425E, E6575K, S7719L, S1542L, S7528L, P3331S, P1318S, R606K, E868K, H3031Y, E897K, E739K, A2157T, E2110K, G1292E, E2415K, E1746K, E30357K, E5325K, G15689R, D5746N, E18259K, E11033K, L8072F, A19547T, D29068N, E19402K, T7049A, R20026Q, E15428K, G4772E, E21644K, R9118K, D6019N, G9094R, E21014K, S8900F, E9603K, G21562E, E11163K, D24515N, S7300L, P24670S, E32400K, R29132Q, R28428K, E4508K, G12802E, S18215F, E7353K, G12625S, D18382N, E6052K, L4764F, S22368N, E5266K, E10281K, G7705R, D9562N, G20382S, D28089N, R25265Q, G22487E, E25674K, A8793T, E33566K, G5907E, G6282R, V11592M, S8376F, E12871K, S4311F, R15125Q, R12676Q, P5694L, K4316N, R4120K, S4010F, E3891K, E3778K, X3158_splice",no alteration,no alteration,no alteration
291,skcm_tcga_pan_can_atlas_2018,TCGA-FW-A3TU-06,TCGA-FW-A3TU,1,"E30354K, E11073K, E30583K, G1608E, E16301K, A7176T, H17793P, P4234L","E30354K, E11073K, E30583K, G1608E, E16301K, A7176T, H17793P, P4234L",no alteration,no alteration,no alteration
292,skcm_tcga_pan_can_atlas_2018,TCGA-FW-A3TV-06,TCGA-FW-A3TV,1,D5521N,D5521N,no alteration,no alteration,no alteration
293,skcm_tcga_pan_can_atlas_2018,TCGA-FW-A5DX-01,TCGA-FW-A5DX,1,T25858I,T25858I,not profiled,not profiled,no alteration
294,skcm_tcga_pan_can_atlas_2018,TCGA-FW-A5DY-06,TCGA-FW-A5DY,1,"E9563K, W28631*, P8353S","E9563K, W28631*, P8353S",no alteration,no alteration,no alteration
295,skcm_tcga_pan_can_atlas_2018,TCGA-GF-A3OT-06,TCGA-GF-A3OT,1,E11091K,E11091K,no alteration,no alteration,no alteration
296,skcm_tcga_pan_can_atlas_2018,TCGA-GF-A4EO-06,TCGA-GF-A4EO,1,"P23389L, R32950Q","P23389L, R32950Q",no alteration,no alteration,no alteration
297,skcm_tcga_pan_can_atlas_2018,TCGA-GF-A6C8-06,TCGA-GF-A6C8,1,R19560Q,R19560Q,no alteration,no alteration,no alteration
298,skcm_tcga_pan_can_atlas_2018,TCGA-GF-A6C9-06,TCGA-GF-A6C9,1,"D17358N, D18057N, G13174E, E5292K, Q383*, G8809E, R77Q, D5866N, D23912N, E19363K, G3005S, W2299*, K2701R, S2291F, E12523K, D7216N, D5521N, S28109F, E21529K, E20895K, E16068K, S5026F, D28808N, P19648S, G23936E, E20800K, P11588S, V32443A, M6399I","D17358N, D18057N, G13174E, E5292K, Q383*, G8809E, R77Q, D5866N, D23912N, E19363K, G3005S, W2299*, K2701R, S2291F, E12523K, D7216N, D5521N, S28109F, E21529K, E20895K, E16068K, S5026F, D28808N, P19648S, G23936E, E20800K, P11588S, V32443A, M6399I",no alteration,no alteration,no alteration
299,skcm_tcga_pan_can_atlas_2018,TCGA-GF-A769-01,TCGA-GF-A769,1,"G14448R, G27960E","G14448R, G27960E",not profiled,not profiled,no alteration
300,skcm_tcga_pan_can_atlas_2018,TCGA-GN-A262-06,TCGA-GN-A262,1,"E25628K, Q26835K","E25628K, Q26835K",no alteration,no alteration,no alteration
301,skcm_tcga_pan_can_atlas_2018,TCGA-GN-A263-01,TCGA-GN-A263,1,"E516K, D31324N, H32292D","E516K, D31324N, H32292D",not profiled,not profiled,no alteration
302,skcm_tcga_pan_can_atlas_2018,TCGA-GN-A264-06,TCGA-GN-A264,1,"S34017G, G12320*","S34017G, G12320*",no alteration,no alteration,no alteration
303,skcm_tcga_pan_can_atlas_2018,TCGA-GN-A265-06,TCGA-GN-A265,1,"D22877N, G18697E, P11629T, P20568Q","D22877N, G18697E, P11629T, P20568Q",no alteration,no alteration,no alteration
304,skcm_tcga_pan_can_atlas_2018,TCGA-GN-A266-06,TCGA-GN-A266,1,"P1917S, S2380F, E7523K, R22227Q, E25871K, E11073K, D31778N, G31338S, G31050E, S28780F, G28665R, S27319F, E27106K, D26753N, D25528N, G22610E, E22097K, E17135K, A17132T, G14963E, P14907L, K14778I, G12729R, E10254K, L7811Q, V7019L, E6590K, E6582K, D6245N, E5575K, S4372L, R4075K, P2201L, D1493N, E1020K, F6497Y","P1917S, S2380F, E7523K, R22227Q, E25871K, E11073K, D31778N, G31338S, G31050E, S28780F, G28665R, S27319F, E27106K, D26753N, D25528N, G22610E, E22097K, E17135K, A17132T, G14963E, P14907L, K14778I, G12729R, E10254K, L7811Q, V7019L, E6590K, E6582K, D6245N, E5575K, S4372L, R4075K, P2201L, D1493N, E1020K, F6497Y",no alteration,no alteration,no alteration
305,skcm_tcga_pan_can_atlas_2018,TCGA-GN-A268-06,TCGA-GN-A268,1,"E20455K, G2092E, D2670N, D16981N, I5256N, V10959L","E20455K, G2092E, D2670N, D16981N, I5256N, V10959L",no alteration,no alteration,no alteration
306,skcm_tcga_pan_can_atlas_2018,TCGA-GN-A269-01,TCGA-GN-A269,1,"P939S, R6381K, E17057K, E9565K, I22070T","P939S, R6381K, E17057K, E9565K, I22070T",not profiled,not profiled,no alteration
307,skcm_tcga_pan_can_atlas_2018,TCGA-GN-A26A-06,TCGA-GN-A26A,1,R30367K,R30367K,no alteration,no alteration,no alteration
308,skcm_tcga_pan_can_atlas_2018,TCGA-GN-A26C-01,TCGA-GN-A26C,1,"G8646E, R7479Q, G8218E, E33228K, R29415Q, A26038V, P22086S, E11391K, P10764L, S10402F, P10189L, D5457N, E4893K, P4046L, R7053M, H10844N","G8646E, R7479Q, G8218E, E33228K, R29415Q, A26038V, P22086S, E11391K, P10764L, S10402F, P10189L, D5457N, E4893K, P4046L, R7053M, H10844N",not profiled,not profiled,no alteration
309,skcm_tcga_pan_can_atlas_2018,TCGA-GN-A26D-06,TCGA-GN-A26D,1,S1994L,S1994L,no alteration,no alteration,no alteration
310,skcm_tcga_pan_can_atlas_2018,TCGA-GN-A4U3-06,TCGA-GN-A4U3,1,"E504K, P11831S, P5787L","E504K, P11831S, P5787L",no alteration,no alteration,no alteration
311,skcm_tcga_pan_can_atlas_2018,TCGA-GN-A4U4-06,TCGA-GN-A4U4,1,"G12360E, E1560K, G5520E, G16540E, A835T, E11430K","G12360E, E1560K, G5520E, G16540E, A835T, E11430K",no alteration,no alteration,no alteration
312,skcm_tcga_pan_can_atlas_2018,TCGA-GN-A4U5-01,TCGA-GN-A4U5,1,P7014S,P7014S,not profiled,not profiled,no alteration
313,skcm_tcga_pan_can_atlas_2018,TCGA-GN-A4U8-06,TCGA-GN-A4U8,1,"E9519K, E4247K, G5763E","E9519K, E4247K, G5763E",no alteration,no alteration,no alteration
314,skcm_tcga_pan_can_atlas_2018,TCGA-GN-A8LK-06,TCGA-GN-A8LK,1,"R30872C, S2026F, E12214K, G8550R, E9563K, G22426E, I24678V, G23569R, G16893E, K11435T, P4477S, E3007K, G1022E","R30872C, S2026F, E12214K, G8550R, E9563K, G22426E, I24678V, G23569R, G16893E, K11435T, P4477S, E3007K, G1022E",no alteration,no alteration,no alteration
315,skcm_tcga_pan_can_atlas_2018,TCGA-GN-A9SD-06,TCGA-GN-A9SD,1,G22426E,G22426E,no alteration,no alteration,no alteration
316,skcm_tcga_pan_can_atlas_2018,TCGA-HR-A2OG-06,TCGA-HR-A2OG,1,"P2733S, P9219S, R7143G","P2733S, P9219S, R7143G",no alteration,no alteration,no alteration
317,skcm_tcga_pan_can_atlas_2018,TCGA-HR-A2OH-06,TCGA-HR-A2OH,1,E4247K,E4247K,no alteration,no alteration,no alteration
318,skcm_tcga_pan_can_atlas_2018,TCGA-IH-A3EA-01,TCGA-IH-A3EA,1,"P18833S, D22877N, P1419S, Q505E, E16798K, E4441K, G9620E, R23932Q, L18334F, G23249R, G31420E, P18173S, P4960S, L5598F, P11210L, R24202K, P21203S, E29567K, Y12395F, E7954K, Q3685*","P18833S, D22877N, P1419S, Q505E, E16798K, E4441K, G9620E, R23932Q, L18334F, G23249R, G31420E, P18173S, P4960S, L5598F, P11210L, R24202K, P21203S, E29567K, Y12395F, E7954K, Q3685*",not profiled,not profiled,no alteration
319,skcm_tcga_pan_can_atlas_2018,TCGA-LH-A9QB-06,TCGA-LH-A9QB,1,"R2506Q, G20780E","R2506Q, G20780E",no alteration,no alteration,no alteration
320,skcm_tcga_pan_can_atlas_2018,TCGA-OD-A75X-06,TCGA-OD-A75X,1,"K792E, E19402K, P13838S, E29611K, E26069K, X21598_splice, S21433F, Y19293*, D14937N, N7082I","K792E, E19402K, P13838S, E29611K, E26069K, X21598_splice, S21433F, Y19293*, D14937N, N7082I",no alteration,no alteration,no alteration
321,skcm_tcga_pan_can_atlas_2018,TCGA-QB-A6FS-06,TCGA-QB-A6FS,1,"E2833K, P942S, G15178E, P8334S, G27039E, P5695S, S22570L, P13128S, G24279D, D14440N, S30358L","E2833K, P942S, G15178E, P8334S, G27039E, P5695S, S22570L, P13128S, G24279D, D14440N, S30358L",no alteration,no alteration,no alteration
322,skcm_tcga_pan_can_atlas_2018,TCGA-QB-AA9O-06,TCGA-QB-AA9O,1,"E12014K, R15580C, P7696L, X3158_splice, S33410F, R31082K, Y28063C, R27772K, G24228E, V24146A, K21504N, P15374S, K12979E, G6927R","E12014K, R15580C, P7696L, X3158_splice, S33410F, R31082K, Y28063C, R27772K, G24228E, V24146A, K21504N, P15374S, K12979E, G6927R",no alteration,no alteration,no alteration
323,skcm_tcga_pan_can_atlas_2018,TCGA-RP-A693-06,TCGA-RP-A693,1,"D24050N, E7688K, T3910A","D24050N, E7688K, T3910A",no alteration,no alteration,no alteration
324,skcm_tcga_pan_can_atlas_2018,TCGA-RP-A694-06,TCGA-RP-A694,1,"E652K, P6755L, R2083K, R15620Q, R4799*","E652K, P6755L, R2083K, R15620Q, R4799*",no alteration,no alteration,no alteration
325,skcm_tcga_pan_can_atlas_2018,TCGA-RP-A695-06,TCGA-RP-A695,1,"I16391N, G20482S","I16391N, G20482S",no alteration,no alteration,no alteration
326,skcm_tcga_pan_can_atlas_2018,TCGA-W3-A824-06,TCGA-W3-A824,1,"G2600E, D16864N, G5345S, P11305S, P10259S, K9228E, M7559I, P7477L, P882L","G2600E, D16864N, G5345S, P11305S, P10259S, K9228E, M7559I, P7477L, P882L",no alteration,no alteration,no alteration
327,skcm_tcga_pan_can_atlas_2018,TCGA-W3-A825-06,TCGA-W3-A825,1,"Q4179*, P2105L, R16810Q, E143K, R22227Q, V28129G, M19382I, E18644K, G13174R, G12498S, G12268E, S8223F, X6348_splice, E5854K, D2569N, E1802K","Q4179*, P2105L, R16810Q, E143K, R22227Q, V28129G, M19382I, E18644K, G13174R, G12498S, G12268E, S8223F, X6348_splice, E5854K, D2569N, E1802K",no alteration,no alteration,no alteration
328,skcm_tcga_pan_can_atlas_2018,TCGA-W3-A828-06,TCGA-W3-A828,1,"W8467*, W8467*, R31279Q, P16218S, V11222M, K11213I, E3464K, L2375F","W8467*, W8467*, R31279Q, P16218S, V11222M, K11213I, E3464K, L2375F",no alteration,no alteration,no alteration
329,skcm_tcga_pan_can_atlas_2018,TCGA-W3-AA1O-06,TCGA-W3-AA1O,1,"D5451N, P1602S, R139Q, R27176K, D8709N, E6830K, P6565L, L5782F","D5451N, P1602S, R139Q, R27176K, D8709N, E6830K, P6565L, L5782F",no alteration,no alteration,no alteration
330,skcm_tcga_pan_can_atlas_2018,TCGA-W3-AA1Q-06,TCGA-W3-AA1Q,1,"R21838Q, R1932W","R21838Q, R1932W",no alteration,no alteration,no alteration
331,skcm_tcga_pan_can_atlas_2018,TCGA-W3-AA1R-06,TCGA-W3-AA1R,1,"S21091L, D3734N, G6606E, R6731Q, E30357K, G7250E, R23603G, E23426K, X20017_splice, D19321N, D19072G, R15582L, E14306K, E12805K, H12737Q, V11648M, H10202Y, L7848F, E6990K, G3677E","S21091L, D3734N, G6606E, R6731Q, E30357K, G7250E, R23603G, E23426K, X20017_splice, D19321N, D19072G, R15582L, E14306K, E12805K, H12737Q, V11648M, H10202Y, L7848F, E6990K, G3677E",no alteration,no alteration,no alteration
332,skcm_tcga_pan_can_atlas_2018,TCGA-W3-AA1V-06,TCGA-W3-AA1V,1,"E2082K, G4895E, E33634K, D8392N, E9563K, S1249F, E26212K, G30531E, R1301K, E10194K, G5907R, E19957K, D5746N, P33238S, G30531R, M30508I, E30363K, V26727A, K22521E, D21821N, E20800D, R17937K, K13617*, M12932I, D9116N, L7687W, G6606R, I5642L, K3866T, G968R, S389N","E2082K, G4895E, E33634K, D8392N, E9563K, S1249F, E26212K, G30531E, R1301K, E10194K, G5907R, E19957K, D5746N, P33238S, G30531R, M30508I, E30363K, V26727A, K22521E, D21821N, E20800D, R17937K, K13617*, M12932I, D9116N, L7687W, G6606R, I5642L, K3866T, G968R, S389N",no alteration,no alteration,no alteration
333,skcm_tcga_pan_can_atlas_2018,TCGA-W3-AA1W-06,TCGA-W3-AA1W,1,"R25340W, D16446N, E11654K, Y3549C","R25340W, D16446N, E11654K, Y3549C",no alteration,no alteration,no alteration
334,skcm_tcga_pan_can_atlas_2018,TCGA-W3-AA21-06,TCGA-W3-AA21,1,"D27328N, A6801T, Q280*","D27328N, A6801T, Q280*",no alteration,no alteration,no alteration
335,skcm_tcga_pan_can_atlas_2018,TCGA-WE-A8K1-06,TCGA-WE-A8K1,1,"V30538E, W15258*","V30538E, W15258*",no alteration,no alteration,no alteration
336,skcm_tcga_pan_can_atlas_2018,TCGA-WE-A8K5-06,TCGA-WE-A8K5,1,"G6523E, S6024L, G8809E, R14267C, E20895K, E29837K, P26438S, R26028K, D25637N, S23529N, N18736D, E15651K, P12861S, D7021N, E6143K, E6081D, P3831L, L326F","G6523E, S6024L, G8809E, R14267C, E20895K, E29837K, P26438S, R26028K, D25637N, S23529N, N18736D, E15651K, P12861S, D7021N, E6143K, E6081D, P3831L, L326F",no alteration,no alteration,no alteration
337,skcm_tcga_pan_can_atlas_2018,TCGA-WE-A8K6-06,TCGA-WE-A8K6,1,"G28147R, R16852K, P14555L","G28147R, R16852K, P14555L",no alteration,no alteration,no alteration
338,skcm_tcga_pan_can_atlas_2018,TCGA-WE-A8ZN-06,TCGA-WE-A8ZN,1,"G26302E, T18663P","G26302E, T18663P",no alteration,no alteration,no alteration
339,skcm_tcga_pan_can_atlas_2018,TCGA-WE-A8ZQ-06,TCGA-WE-A8ZQ,1,"K15349R, S8480L, N1592S","K15349R, S8480L, N1592S",no alteration,no alteration,no alteration
340,skcm_tcga_pan_can_atlas_2018,TCGA-WE-A8ZT-06,TCGA-WE-A8ZT,1,"E16301K, S3900L","E16301K, S3900L",no alteration,no alteration,no alteration
341,skcm_tcga_pan_can_atlas_2018,TCGA-WE-A8ZX-06,TCGA-WE-A8ZX,1,"G6992E, R3224K, D25940N, T15255I, X11766_splice","G6992E, R3224K, D25940N, T15255I, X11766_splice",no alteration,no alteration,no alteration
342,skcm_tcga_pan_can_atlas_2018,TCGA-WE-A8ZY-06,TCGA-WE-A8ZY,1,"E12983K, R8180C, P3831S","E12983K, R8180C, P3831S",no alteration,no alteration,no alteration
343,skcm_tcga_pan_can_atlas_2018,TCGA-WE-AAA0-06,TCGA-WE-AAA0,1,"E541K, E2025K, P11234S, E9563K, E15959K, D20429N, V20125I, Q13978H, K12801*, G7868R, E6965K, A3890V, G2778S","E541K, E2025K, P11234S, E9563K, E15959K, D20429N, V20125I, Q13978H, K12801*, G7868R, E6965K, A3890V, G2778S",no alteration,no alteration,no alteration
344,skcm_tcga_pan_can_atlas_2018,TCGA-WE-AAA3-06,TCGA-WE-AAA3,1,"E32773K, E16209K, M15707I, E14483K, G9298E, W1528*","E32773K, E16209K, M15707I, E14483K, G9298E, W1528*",no alteration,no alteration,no alteration
345,skcm_tcga_pan_can_atlas_2018,TCGA-WE-AAA4-06,TCGA-WE-AAA4,1,E2277D,E2277D,no alteration,no alteration,no alteration
346,skcm_tcga_pan_can_atlas_2018,TCGA-YD-A89C-06,TCGA-YD-A89C,1,"E9563K, E6575K, E7407K, S5838F, D28705N, P25335S, E24892K, D22101N, E21565K, W19672*, G19154S, N19023Tfs*24, E17385K, R12431Q, M7636I, E2179V","E9563K, E6575K, E7407K, S5838F, D28705N, P25335S, E24892K, D22101N, E21565K, W19672*, G19154S, N19023Tfs*24, E17385K, R12431Q, M7636I, E2179V",no alteration,no alteration,no alteration
347,skcm_tcga_pan_can_atlas_2018,TCGA-YD-A9TA-06,TCGA-YD-A9TA,1,"E3275K, S153L, D15317N, E5476K, D781N, E26950K, D12817N, P9626S, A5780T, E4765K, V2495L, D2275N, P2129L, R2004K, S822F","E3275K, S153L, D15317N, E5476K, D781N, E26950K, D12817N, P9626S, A5780T, E4765K, V2495L, D2275N, P2129L, R2004K, S822F",no alteration,no alteration,no alteration
348,skcm_tcga_pan_can_atlas_2018,TCGA-YD-A9TB-06,TCGA-YD-A9TB,1,"G28162R, W23585*","G28162R, W23585*",no alteration,no alteration,no alteration
349,skcm_tcga_pan_can_atlas_2018,TCGA-YG-AA3O-06,TCGA-YG-AA3O,1,"E5912K, E11066K, E5325K, P13838S, K22675T, G16332E, Q6160*, G5125R, I1544T","E5912K, E11066K, E5325K, P13838S, K22675T, G16332E, Q6160*, G5125R, I1544T",no alteration,no alteration,no alteration
350,skcm_tcga_pan_can_atlas_2018,TCGA-Z2-A8RT-06,TCGA-Z2-A8RT,1,"R1890C, G8727E, G19040E, E9508K, Y27870F, D26710N, D26610H, E25866K, G21580E, D16080N, K15485Q, G14443E, E10365V, X8604_splice, M5104I, P4757L","R1890C, G8727E, G19040E, E9508K, Y27870F, D26710N, D26610H, E25866K, G21580E, D16080N, K15485Q, G14443E, E10365V, X8604_splice, M5104I, P4757L",no alteration,no alteration,no alteration
351,skcm_tcga_pan_can_atlas_2018,TCGA-Z2-AA3V-06,TCGA-Z2-AA3V,1,D15365N,D15365N,no alteration,no alteration,no alteration
352,skcm_tcga_pan_can_atlas_2018,TCGA-BF-A3DN-01,TCGA-BF-A3DN,0,no alteration,no alteration,not profiled,not profiled,no alteration
353,skcm_tcga_pan_can_atlas_2018,TCGA-D3-A1Q7-06,TCGA-D3-A1Q7,0,no alteration,no alteration,no alteration,no alteration,no alteration
354,skcm_tcga_pan_can_atlas_2018,TCGA-D3-A1Q9-06,TCGA-D3-A1Q9,0,no alteration,no alteration,no alteration,no alteration,no alteration
355,skcm_tcga_pan_can_atlas_2018,TCGA-D3-A2J9-06,TCGA-D3-A2J9,0,no alteration,no alteration,no alteration,no alteration,no alteration
356,skcm_tcga_pan_can_atlas_2018,TCGA-D3-A3C1-06,TCGA-D3-A3C1,0,no alteration,no alteration,no alteration,no alteration,no alteration
357,skcm_tcga_pan_can_atlas_2018,TCGA-D3-A3CC-06,TCGA-D3-A3CC,0,no alteration,no alteration,no alteration,no alteration,no alteration
358,skcm_tcga_pan_can_atlas_2018,TCGA-D3-A3CF-06,TCGA-D3-A3CF,0,no alteration,no alteration,no alteration,no alteration,no alteration
359,skcm_tcga_pan_can_atlas_2018,TCGA-D3-A3MO-06,TCGA-D3-A3MO,0,no alteration,no alteration,no alteration,no alteration,no alteration
360,skcm_tcga_pan_can_atlas_2018,TCGA-D3-A51F-06,TCGA-D3-A51F,0,no alteration,no alteration,no alteration,no alteration,no alteration
361,skcm_tcga_pan_can_atlas_2018,TCGA-D3-A51H-06,TCGA-D3-A51H,0,no alteration,no alteration,no alteration,no alteration,no alteration
362,skcm_tcga_pan_can_atlas_2018,TCGA-D3-A51K-06,TCGA-D3-A51K,0,no alteration,no alteration,no alteration,no alteration,no alteration
363,skcm_tcga_pan_can_atlas_2018,TCGA-D3-A51N-06,TCGA-D3-A51N,0,no alteration,no alteration,no alteration,no alteration,no alteration
364,skcm_tcga_pan_can_atlas_2018,TCGA-D3-A5GL-06,TCGA-D3-A5GL,0,no alteration,no alteration,no alteration,no alteration,no alteration
365,skcm_tcga_pan_can_atlas_2018,TCGA-D3-A5GT-01,TCGA-D3-A5GT,0,no alteration,no alteration,not profiled,not profiled,no alteration
366,skcm_tcga_pan_can_atlas_2018,TCGA-D3-A8GD-06,TCGA-D3-A8GD,0,no alteration,no alteration,no alteration,no alteration,no alteration
367,skcm_tcga_pan_can_atlas_2018,TCGA-D3-A8GE-06,TCGA-D3-A8GE,0,no alteration,no alteration,no alteration,no alteration,no alteration
368,skcm_tcga_pan_can_atlas_2018,TCGA-D9-A1X3-01,TCGA-D9-A1X3,0,not profiled,not profiled,not profiled,not profiled,not profiled
369,skcm_tcga_pan_can_atlas_2018,TCGA-D9-A4Z2-01,TCGA-D9-A4Z2,0,no alteration,no alteration,not profiled,not profiled,no alteration
370,skcm_tcga_pan_can_atlas_2018,TCGA-D9-A4Z3-01,TCGA-D9-A4Z3,0,no alteration,no alteration,not profiled,not profiled,no alteration
371,skcm_tcga_pan_can_atlas_2018,TCGA-D9-A4Z5-01,TCGA-D9-A4Z5,0,no alteration,no alteration,not profiled,not profiled,no alteration
372,skcm_tcga_pan_can_atlas_2018,TCGA-D9-A4Z6-01,TCGA-D9-A4Z6,0,not profiled,not profiled,not profiled,not profiled,not profiled
373,skcm_tcga_pan_can_atlas_2018,TCGA-D9-A6E9-06,TCGA-D9-A6E9,0,no alteration,no alteration,no alteration,no alteration,no alteration
374,skcm_tcga_pan_can_atlas_2018,TCGA-DA-A1I2-06,TCGA-DA-A1I2,0,no alteration,no alteration,no alteration,no alteration,no alteration
375,skcm_tcga_pan_can_atlas_2018,TCGA-DA-A3F2-06,TCGA-DA-A3F2,0,no alteration,not profiled,no alteration,no alteration,not profiled
376,skcm_tcga_pan_can_atlas_2018,TCGA-DA-A3F3-06,TCGA-DA-A3F3,0,no alteration,no alteration,no alteration,no alteration,no alteration
377,skcm_tcga_pan_can_atlas_2018,TCGA-EB-A3XE-01,TCGA-EB-A3XE,0,no alteration,no alteration,not profiled,not profiled,no alteration
378,skcm_tcga_pan_can_atlas_2018,TCGA-EB-A3XF-01,TCGA-EB-A3XF,0,no alteration,no alteration,not profiled,not profiled,no alteration
379,skcm_tcga_pan_can_atlas_2018,TCGA-EB-A42Z-01,TCGA-EB-A42Z,0,no alteration,no alteration,not profiled,not profiled,no alteration
380,skcm_tcga_pan_can_atlas_2018,TCGA-EB-A44N-01,TCGA-EB-A44N,0,no alteration,no alteration,not profiled,not profiled,no alteration
381,skcm_tcga_pan_can_atlas_2018,TCGA-EB-A44Q-06,TCGA-EB-A44Q,0,no alteration,no alteration,no alteration,no alteration,no alteration
382,skcm_tcga_pan_can_atlas_2018,TCGA-EB-A44R-06,TCGA-EB-A44R,0,no alteration,no alteration,no alteration,no alteration,no alteration
383,skcm_tcga_pan_can_atlas_2018,TCGA-EB-A4IQ-01,TCGA-EB-A4IQ,0,no alteration,no alteration,not profiled,not profiled,no alteration
384,skcm_tcga_pan_can_atlas_2018,TCGA-EB-A4OY-01,TCGA-EB-A4OY,0,no alteration,no alteration,not profiled,not profiled,no alteration
385,skcm_tcga_pan_can_atlas_2018,TCGA-EB-A4OZ-01,TCGA-EB-A4OZ,0,no alteration,no alteration,not profiled,not profiled,no alteration
386,skcm_tcga_pan_can_atlas_2018,TCGA-EB-A4P0-01,TCGA-EB-A4P0,0,no alteration,no alteration,not profiled,not profiled,no alteration
387,skcm_tcga_pan_can_atlas_2018,TCGA-EB-A57M-01,TCGA-EB-A57M,0,no alteration,no alteration,not profiled,not profiled,no alteration
388,skcm_tcga_pan_can_atlas_2018,TCGA-EB-A5KH-06,TCGA-EB-A5KH,0,no alteration,no alteration,no alteration,no alteration,no alteration
389,skcm_tcga_pan_can_atlas_2018,TCGA-EB-A5VU-01,TCGA-EB-A5VU,0,no alteration,no alteration,not profiled,not profiled,no alteration
390,skcm_tcga_pan_can_atlas_2018,TCGA-EB-A5VV-06,TCGA-EB-A5VV,0,no alteration,not profiled,no alteration,no alteration,not profiled
391,skcm_tcga_pan_can_atlas_2018,TCGA-EB-A6L9-06,TCGA-EB-A6L9,0,no alteration,no alteration,no alteration,no alteration,no alteration
392,skcm_tcga_pan_can_atlas_2018,TCGA-EE-A20B-06,TCGA-EE-A20B,0,no alteration,no alteration,no alteration,no alteration,no alteration
393,skcm_tcga_pan_can_atlas_2018,TCGA-EE-A20I-06,TCGA-EE-A20I,0,no alteration,no alteration,no alteration,no alteration,no alteration
394,skcm_tcga_pan_can_atlas_2018,TCGA-EE-A29T-06,TCGA-EE-A29T,0,no alteration,no alteration,no alteration,no alteration,no alteration
395,skcm_tcga_pan_can_atlas_2018,TCGA-EE-A29W-06,TCGA-EE-A29W,0,no alteration,no alteration,no alteration,no alteration,no alteration
396,skcm_tcga_pan_can_atlas_2018,TCGA-EE-A2A1-06,TCGA-EE-A2A1,0,no alteration,no alteration,no alteration,no alteration,no alteration
397,skcm_tcga_pan_can_atlas_2018,TCGA-EE-A2GL-06,TCGA-EE-A2GL,0,no alteration,no alteration,no alteration,no alteration,no alteration
398,skcm_tcga_pan_can_atlas_2018,TCGA-EE-A3J3-06,TCGA-EE-A3J3,0,no alteration,no alteration,no alteration,no alteration,no alteration
399,skcm_tcga_pan_can_atlas_2018,TCGA-EE-A3J4-06,TCGA-EE-A3J4,0,no alteration,no alteration,no alteration,no alteration,no alteration
400,skcm_tcga_pan_can_atlas_2018,TCGA-EE-A3JE-06,TCGA-EE-A3JE,0,no alteration,no alteration,no alteration,no alteration,no alteration
401,skcm_tcga_pan_can_atlas_2018,TCGA-EE-A3JH-06,TCGA-EE-A3JH,0,no alteration,no alteration,no alteration,no alteration,no alteration
402,skcm_tcga_pan_can_atlas_2018,TCGA-ER-A195-06,TCGA-ER-A195,0,no alteration,no alteration,no alteration,no alteration,no alteration
403,skcm_tcga_pan_can_atlas_2018,TCGA-ER-A197-06,TCGA-ER-A197,0,no alteration,no alteration,no alteration,no alteration,no alteration
404,skcm_tcga_pan_can_atlas_2018,TCGA-ER-A19A-06,TCGA-ER-A19A,0,no alteration,no alteration,no alteration,no alteration,no alteration
405,skcm_tcga_pan_can_atlas_2018,TCGA-ER-A19B-06,TCGA-ER-A19B,0,no alteration,no alteration,no alteration,no alteration,no alteration
406,skcm_tcga_pan_can_atlas_2018,TCGA-ER-A19K-01,TCGA-ER-A19K,0,no alteration,no alteration,not profiled,not profiled,no alteration
407,skcm_tcga_pan_can_atlas_2018,TCGA-ER-A19L-06,TCGA-ER-A19L,0,no alteration,no alteration,no alteration,no alteration,no alteration
408,skcm_tcga_pan_can_atlas_2018,TCGA-ER-A19S-06,TCGA-ER-A19S,0,no alteration,no alteration,no alteration,no alteration,no alteration
409,skcm_tcga_pan_can_atlas_2018,TCGA-ER-A19W-06,TCGA-ER-A19W,0,no alteration,no alteration,no alteration,no alteration,no alteration
410,skcm_tcga_pan_can_atlas_2018,TCGA-ER-A2NF-06,TCGA-ER-A2NF,0,no alteration,no alteration,no alteration,no alteration,no alteration
411,skcm_tcga_pan_can_atlas_2018,TCGA-ER-A2NF-01,TCGA-ER-A2NF,0,no alteration,no alteration,not profiled,not profiled,no alteration
412,skcm_tcga_pan_can_atlas_2018,TCGA-ER-A2NG-06,TCGA-ER-A2NG,0,no alteration,no alteration,no alteration,no alteration,no alteration
413,skcm_tcga_pan_can_atlas_2018,TCGA-ER-A3ES-06,TCGA-ER-A3ES,0,no alteration,no alteration,no alteration,no alteration,no alteration
414,skcm_tcga_pan_can_atlas_2018,TCGA-ER-A3ET-06,TCGA-ER-A3ET,0,no alteration,no alteration,no alteration,no alteration,no alteration
415,skcm_tcga_pan_can_atlas_2018,TCGA-ER-A3EV-06,TCGA-ER-A3EV,0,no alteration,no alteration,no alteration,no alteration,no alteration
416,skcm_tcga_pan_can_atlas_2018,TCGA-ER-A42H-01,TCGA-ER-A42H,0,no alteration,no alteration,not profiled,not profiled,no alteration
417,skcm_tcga_pan_can_atlas_2018,TCGA-ER-A42K-06,TCGA-ER-A42K,0,no alteration,no alteration,no alteration,no alteration,no alteration
418,skcm_tcga_pan_can_atlas_2018,TCGA-FR-A2OS-01,TCGA-FR-A2OS,0,no alteration,no alteration,not profiled,not profiled,no alteration
419,skcm_tcga_pan_can_atlas_2018,TCGA-FR-A69P-06,TCGA-FR-A69P,0,no alteration,no alteration,no alteration,no alteration,no alteration
420,skcm_tcga_pan_can_atlas_2018,TCGA-FR-A7U8-06,TCGA-FR-A7U8,0,no alteration,no alteration,no alteration,no alteration,no alteration
421,skcm_tcga_pan_can_atlas_2018,TCGA-FS-A1YW-06,TCGA-FS-A1YW,0,no alteration,no alteration,no alteration,no alteration,no alteration
422,skcm_tcga_pan_can_atlas_2018,TCGA-FS-A1YY-06,TCGA-FS-A1YY,0,no alteration,no alteration,no alteration,no alteration,no alteration
423,skcm_tcga_pan_can_atlas_2018,TCGA-FS-A1Z4-06,TCGA-FS-A1Z4,0,no alteration,no alteration,no alteration,no alteration,no alteration
424,skcm_tcga_pan_can_atlas_2018,TCGA-FS-A1ZH-06,TCGA-FS-A1ZH,0,no alteration,no alteration,no alteration,no alteration,no alteration
425,skcm_tcga_pan_can_atlas_2018,TCGA-FS-A1ZJ-06,TCGA-FS-A1ZJ,0,no alteration,no alteration,no alteration,no alteration,no alteration
426,skcm_tcga_pan_can_atlas_2018,TCGA-FS-A1ZT-06,TCGA-FS-A1ZT,0,no alteration,no alteration,no alteration,no alteration,no alteration
427,skcm_tcga_pan_can_atlas_2018,TCGA-FS-A1ZU-06,TCGA-FS-A1ZU,0,no alteration,no alteration,no alteration,no alteration,no alteration
428,skcm_tcga_pan_can_atlas_2018,TCGA-FS-A4F2-06,TCGA-FS-A4F2,0,no alteration,not profiled,no alteration,no alteration,not profiled
429,skcm_tcga_pan_can_atlas_2018,TCGA-FS-A4F4-06,TCGA-FS-A4F4,0,no alteration,no alteration,no alteration,no alteration,no alteration
430,skcm_tcga_pan_can_atlas_2018,TCGA-FS-A4FB-06,TCGA-FS-A4FB,0,no alteration,no alteration,no alteration,no alteration,no alteration
431,skcm_tcga_pan_can_atlas_2018,TCGA-FW-A3I3-06,TCGA-FW-A3I3,0,no alteration,no alteration,no alteration,no alteration,no alteration
432,skcm_tcga_pan_can_atlas_2018,TCGA-GF-A2C7-01,TCGA-GF-A2C7,0,no alteration,no alteration,not profiled,not profiled,no alteration
433,skcm_tcga_pan_can_atlas_2018,TCGA-GN-A267-06,TCGA-GN-A267,0,no alteration,no alteration,no alteration,no alteration,no alteration
434,skcm_tcga_pan_can_atlas_2018,TCGA-GN-A4U7-06,TCGA-GN-A4U7,0,no alteration,no alteration,no alteration,no alteration,no alteration
435,skcm_tcga_pan_can_atlas_2018,TCGA-GN-A4U9-06,TCGA-GN-A4U9,0,no alteration,no alteration,no alteration,no alteration,no alteration
436,skcm_tcga_pan_can_atlas_2018,TCGA-GN-A8LL-06,TCGA-GN-A8LL,0,no alteration,no alteration,no alteration,no alteration,no alteration
437,skcm_tcga_pan_can_atlas_2018,TCGA-HR-A2OG-01,TCGA-HR-A2OG,0,not profiled,not profiled,not profiled,not profiled,not profiled
438,skcm_tcga_pan_can_atlas_2018,TCGA-HR-A2OH-01,TCGA-HR-A2OH,0,not profiled,not profiled,not profiled,not profiled,not profiled
439,skcm_tcga_pan_can_atlas_2018,TCGA-RP-A690-06,TCGA-RP-A690,0,no alteration,no alteration,no alteration,no alteration,no alteration
440,skcm_tcga_pan_can_atlas_2018,TCGA-RP-A6K9-06,TCGA-RP-A6K9,0,no alteration,no alteration,no alteration,no alteration,no alteration
441,skcm_tcga_pan_can_atlas_2018,TCGA-WE-A8JZ-06,TCGA-WE-A8JZ,0,no alteration,no alteration,no alteration,no alteration,no alteration
442,skcm_tcga_pan_can_atlas_2018,TCGA-WE-A8ZM-06,TCGA-WE-A8ZM,0,no alteration,no alteration,no alteration,no alteration,no alteration
443,skcm_tcga_pan_can_atlas_2018,TCGA-WE-A8ZO-06,TCGA-WE-A8ZO,0,no alteration,no alteration,no alteration,no alteration,no alteration
444,skcm_tcga_pan_can_atlas_2018,TCGA-WE-AA9Y-06,TCGA-WE-AA9Y,0,no alteration,no alteration,no alteration,no alteration,no alteration
445,skcm_tcga_pan_can_atlas_2018,TCGA-XV-AB01-06,TCGA-XV-AB01,0,no alteration,not profiled,no alteration,no alteration,not profiled
446,skcm_tcga_pan_can_atlas_2018,TCGA-YG-AA3P-06,TCGA-YG-AA3P,0,no alteration,no alteration,no alteration,no alteration,no alteration
447,skcm_tcga_pan_can_atlas_2018,TCGA-Z2-AA3S-06,TCGA-Z2-AA3S,0,no alteration,no alteration,no alteration,no alteration,no alteration
