,Study ID,Sample ID,Patient ID,Altered,DNMT3A,DNMT3A: MUT,DNMT3A: AMP,DNMT3A: HOMDEL,DNMT3A: FUSION
0,laml_tcga_pan_can_atlas_2018,TCGA-AB-2863-03,TCGA-AB-2863,1,R882H (driver),R882H (driver),no alteration,no alteration,no alteration
1,laml_tcga_pan_can_atlas_2018,TCGA-AB-2955-03,TCGA-AB-2955,1,R882H (driver),R882H (driver),no alteration,no alteration,no alteration
2,laml_tcga_pan_can_atlas_2018,TCGA-AB-2825-03,TCGA-AB-2825,1,R882H (driver),R882H (driver),no alteration,no alteration,no alteration
3,laml_tcga_pan_can_atlas_2018,TCGA-AB-2861-03,TCGA-AB-2861,1,Q615* (driver),Q615* (driver),no alteration,no alteration,no alteration
4,laml_tcga_pan_can_atlas_2018,TCGA-AB-2965-03,TCGA-AB-2965,1,R882H (driver),R882H (driver),no alteration,no alteration,no alteration
5,laml_tcga_pan_can_atlas_2018,TCGA-AB-2833-03,TCGA-AB-2833,1,R882H (driver),R882H (driver),not profiled,not profiled,no alteration
6,laml_tcga_pan_can_atlas_2018,TCGA-AB-2934-03,TCGA-AB-2934,1,"R736H (driver), G646V (driver)","R736H (driver), G646V (driver)",no alteration,no alteration,no alteration
7,laml_tcga_pan_can_atlas_2018,TCGA-AB-2945-03,TCGA-AB-2945,1,R882H (driver),R882H (driver),no alteration,no alteration,no alteration
8,laml_tcga_pan_can_atlas_2018,TCGA-AB-2816-03,TCGA-AB-2816,1,R882C (driver),R882C (driver),no alteration,no alteration,no alteration
9,laml_tcga_pan_can_atlas_2018,TCGA-AB-2988-03,TCGA-AB-2988,1,F909C (driver),F909C (driver),no alteration,no alteration,no alteration
10,laml_tcga_pan_can_atlas_2018,TCGA-AB-2859-03,TCGA-AB-2859,1,R882H (driver),R882H (driver),no alteration,no alteration,no alteration
11,laml_tcga_pan_can_atlas_2018,TCGA-AB-2896-03,TCGA-AB-2896,1,R882H (driver),R882H (driver),no alteration,no alteration,no alteration
12,laml_tcga_pan_can_atlas_2018,TCGA-AB-2864-03,TCGA-AB-2864,1,R882H (driver),R882H (driver),no alteration,no alteration,no alteration
13,laml_tcga_pan_can_atlas_2018,TCGA-AB-2802-03,TCGA-AB-2802,1,R882C (driver),R882C (driver),not profiled,not profiled,no alteration
14,laml_tcga_pan_can_atlas_2018,TCGA-AB-2912-03,TCGA-AB-2912,1,R729W,R729W,no alteration,no alteration,no alteration
15,laml_tcga_pan_can_atlas_2018,TCGA-AB-2908-03,TCGA-AB-2908,1,R882C (driver),R882C (driver),no alteration,no alteration,no alteration
16,laml_tcga_pan_can_atlas_2018,TCGA-AB-2839-03,TCGA-AB-2839,1,Q515* (driver),Q515* (driver),no alteration,no alteration,no alteration
17,laml_tcga_pan_can_atlas_2018,TCGA-AB-2967-03,TCGA-AB-2967,1,E505* (driver),E505* (driver),no alteration,no alteration,no alteration
18,laml_tcga_pan_can_atlas_2018,TCGA-AB-2981-03,TCGA-AB-2981,1,R882C (driver),R882C (driver),not profiled,not profiled,no alteration
19,laml_tcga_pan_can_atlas_2018,TCGA-AB-2916-03,TCGA-AB-2916,1,R882C (driver),R882C (driver),no alteration,no alteration,no alteration
20,laml_tcga_pan_can_atlas_2018,TCGA-AB-2938-03,TCGA-AB-2938,1,M315* (driver),M315* (driver),no alteration,no alteration,no alteration
21,laml_tcga_pan_can_atlas_2018,TCGA-AB-2884-03,TCGA-AB-2884,1,R882H (driver),R882H (driver),no alteration,no alteration,no alteration
22,laml_tcga_pan_can_atlas_2018,TCGA-AB-2824-03,TCGA-AB-2824,1,R736H (driver),R736H (driver),no alteration,no alteration,no alteration
23,laml_tcga_pan_can_atlas_2018,TCGA-AB-2822-03,TCGA-AB-2822,1,X556_splice (driver),X556_splice (driver),no alteration,no alteration,no alteration
24,laml_tcga_pan_can_atlas_2018,TCGA-AB-2931-03,TCGA-AB-2931,1,R882C (driver),R882C (driver),no alteration,no alteration,no alteration
25,laml_tcga_pan_can_atlas_2018,TCGA-AB-2853-03,TCGA-AB-2853,1,R882H (driver),R882H (driver),no alteration,no alteration,no alteration
26,laml_tcga_pan_can_atlas_2018,TCGA-AB-2966-03,TCGA-AB-2966,1,"G590Vfs*61 (driver), HOMDEL (driver)",G590Vfs*61 (driver),HOMDEL (driver),HOMDEL (driver),no alteration
27,laml_tcga_pan_can_atlas_2018,TCGA-AB-2993-03,TCGA-AB-2993,1,L723Pfs*56 (driver),L723Pfs*56 (driver),no alteration,no alteration,no alteration
28,laml_tcga_pan_can_atlas_2018,TCGA-AB-2949-03,TCGA-AB-2949,1,R882H (driver),R882H (driver),no alteration,no alteration,no alteration
29,laml_tcga_pan_can_atlas_2018,TCGA-AB-2895-03,TCGA-AB-2895,1,R882H (driver),R882H (driver),no alteration,no alteration,no alteration
30,laml_tcga_pan_can_atlas_2018,TCGA-AB-2869-03,TCGA-AB-2869,1,Q485* (driver),Q485* (driver),no alteration,no alteration,no alteration
31,laml_tcga_pan_can_atlas_2018,TCGA-AB-2851-03,TCGA-AB-2851,1,E616Nfs*35 (driver),E616Nfs*35 (driver),no alteration,no alteration,no alteration
32,laml_tcga_pan_can_atlas_2018,TCGA-AB-2818-03,TCGA-AB-2818,1,R803S (driver),R803S (driver),no alteration,no alteration,no alteration
33,laml_tcga_pan_can_atlas_2018,TCGA-AB-2830-03,TCGA-AB-2830,1,R882P (driver),R882P (driver),no alteration,no alteration,no alteration
34,laml_tcga_pan_can_atlas_2018,TCGA-AB-2867-03,TCGA-AB-2867,1,"K829R (driver), K468R","K829R (driver), K468R",no alteration,no alteration,no alteration
35,laml_tcga_pan_can_atlas_2018,TCGA-AB-2974-03,TCGA-AB-2974,1,R882C (driver),R882C (driver),no alteration,no alteration,no alteration
36,laml_tcga_pan_can_atlas_2018,TCGA-AB-2987-03,TCGA-AB-2987,1,R882H (driver),R882H (driver),no alteration,no alteration,no alteration
37,laml_tcga_pan_can_atlas_2018,TCGA-AB-2887-03,TCGA-AB-2887,1,P718L,P718L,no alteration,no alteration,no alteration
38,laml_tcga_pan_can_atlas_2018,TCGA-AB-2809-03,TCGA-AB-2809,1,R882H (driver),R882H (driver),no alteration,no alteration,no alteration
39,laml_tcga_pan_can_atlas_2018,TCGA-AB-2898-03,TCGA-AB-2898,1,"X826_splice (driver), R792H","X826_splice (driver), R792H",no alteration,no alteration,no alteration
40,laml_tcga_pan_can_atlas_2018,TCGA-AB-2947-03,TCGA-AB-2947,1,R882H (driver),R882H (driver),no alteration,no alteration,no alteration
41,laml_tcga_pan_can_atlas_2018,TCGA-AB-2873-03,TCGA-AB-2873,1,R882H (driver),R882H (driver),no alteration,no alteration,no alteration
42,laml_tcga_pan_can_atlas_2018,TCGA-AB-2811-03,TCGA-AB-2811,1,R882H (driver),R882H (driver),no alteration,no alteration,no alteration
43,laml_tcga_pan_can_atlas_2018,TCGA-AB-2968-03,TCGA-AB-2968,1,"A741V (driver), E477* (driver)","A741V (driver), E477* (driver)",no alteration,no alteration,no alteration
44,laml_tcga_pan_can_atlas_2018,TCGA-AB-2919-03,TCGA-AB-2919,1,C497Y (driver),C497Y (driver),no alteration,no alteration,no alteration
45,laml_tcga_pan_can_atlas_2018,TCGA-AB-2969-03,TCGA-AB-2969,1,R882H (driver),R882H (driver),no alteration,no alteration,no alteration
46,laml_tcga_pan_can_atlas_2018,TCGA-AB-2925-03,TCGA-AB-2925,1,R882H (driver),R882H (driver),no alteration,no alteration,no alteration
47,laml_tcga_pan_can_atlas_2018,TCGA-AB-2928-03,TCGA-AB-2928,1,"R320* (driver), D781G (driver)","R320* (driver), D781G (driver)",no alteration,no alteration,no alteration
48,laml_tcga_pan_can_atlas_2018,TCGA-AB-2891-03,TCGA-AB-2891,1,"X617_splice (driver), R729Q","X617_splice (driver), R729Q",not profiled,not profiled,no alteration
49,laml_tcga_pan_can_atlas_2018,TCGA-AB-2975-03,TCGA-AB-2975,1,R882H (driver),R882H (driver),no alteration,no alteration,no alteration
50,laml_tcga_pan_can_atlas_2018,TCGA-AB-2989-03,TCGA-AB-2989,0,no alteration,no alteration,no alteration,no alteration,no alteration
51,laml_tcga_pan_can_atlas_2018,TCGA-AB-3008-03,TCGA-AB-3008,0,no alteration,no alteration,no alteration,no alteration,no alteration
52,laml_tcga_pan_can_atlas_2018,TCGA-AB-2844-03,TCGA-AB-2844,0,no alteration,no alteration,no alteration,no alteration,no alteration
53,laml_tcga_pan_can_atlas_2018,TCGA-AB-2897-03,TCGA-AB-2897,0,no alteration,no alteration,no alteration,no alteration,no alteration
54,laml_tcga_pan_can_atlas_2018,TCGA-AB-3012-03,TCGA-AB-3012,0,no alteration,no alteration,no alteration,no alteration,no alteration
55,laml_tcga_pan_can_atlas_2018,TCGA-AB-2837-03,TCGA-AB-2837,0,no alteration,no alteration,no alteration,no alteration,no alteration
56,laml_tcga_pan_can_atlas_2018,TCGA-AB-3006-03,TCGA-AB-3006,0,no alteration,no alteration,no alteration,no alteration,no alteration
57,laml_tcga_pan_can_atlas_2018,TCGA-AB-2990-03,TCGA-AB-2990,0,no alteration,no alteration,no alteration,no alteration,no alteration
58,laml_tcga_pan_can_atlas_2018,TCGA-AB-2865-03,TCGA-AB-2865,0,no alteration,no alteration,no alteration,no alteration,no alteration
59,laml_tcga_pan_can_atlas_2018,TCGA-AB-2878-03,TCGA-AB-2878,0,no alteration,no alteration,no alteration,no alteration,no alteration
60,laml_tcga_pan_can_atlas_2018,TCGA-AB-2886-03,TCGA-AB-2886,0,no alteration,no alteration,no alteration,no alteration,no alteration
61,laml_tcga_pan_can_atlas_2018,TCGA-AB-2954-03,TCGA-AB-2954,0,no alteration,no alteration,no alteration,no alteration,no alteration
62,laml_tcga_pan_can_atlas_2018,TCGA-AB-2932-03,TCGA-AB-2932,0,no alteration,no alteration,no alteration,no alteration,no alteration
63,laml_tcga_pan_can_atlas_2018,TCGA-AB-2877-03,TCGA-AB-2877,0,no alteration,no alteration,no alteration,no alteration,no alteration
64,laml_tcga_pan_can_atlas_2018,TCGA-AB-2854-03,TCGA-AB-2854,0,no alteration,no alteration,no alteration,no alteration,no alteration
65,laml_tcga_pan_can_atlas_2018,TCGA-AB-2983-03,TCGA-AB-2983,0,no alteration,no alteration,no alteration,no alteration,no alteration
66,laml_tcga_pan_can_atlas_2018,TCGA-AB-2871-03,TCGA-AB-2871,0,no alteration,no alteration,no alteration,no alteration,no alteration
67,laml_tcga_pan_can_atlas_2018,TCGA-AB-2858-03,TCGA-AB-2858,0,no alteration,no alteration,no alteration,no alteration,no alteration
68,laml_tcga_pan_can_atlas_2018,TCGA-AB-2831-03,TCGA-AB-2831,0,no alteration,no alteration,no alteration,no alteration,no alteration
69,laml_tcga_pan_can_atlas_2018,TCGA-AB-3002-03,TCGA-AB-3002,0,no alteration,no alteration,no alteration,no alteration,no alteration
70,laml_tcga_pan_can_atlas_2018,TCGA-AB-2807-03,TCGA-AB-2807,0,no alteration,no alteration,no alteration,no alteration,no alteration
71,laml_tcga_pan_can_atlas_2018,TCGA-AB-2940-03,TCGA-AB-2940,0,no alteration,no alteration,no alteration,no alteration,no alteration
72,laml_tcga_pan_can_atlas_2018,TCGA-AB-2909-03,TCGA-AB-2909,0,no alteration,no alteration,no alteration,no alteration,no alteration
73,laml_tcga_pan_can_atlas_2018,TCGA-AB-2815-03,TCGA-AB-2815,0,no alteration,no alteration,no alteration,no alteration,no alteration
74,laml_tcga_pan_can_atlas_2018,TCGA-AB-2973-03,TCGA-AB-2973,0,no alteration,no alteration,no alteration,no alteration,no alteration
75,laml_tcga_pan_can_atlas_2018,TCGA-AB-2905-03,TCGA-AB-2905,0,no alteration,no alteration,no alteration,no alteration,no alteration
76,laml_tcga_pan_can_atlas_2018,TCGA-AB-2922-03,TCGA-AB-2922,0,no alteration,no alteration,no alteration,no alteration,no alteration
77,laml_tcga_pan_can_atlas_2018,TCGA-AB-2868-03,TCGA-AB-2868,0,no alteration,no alteration,no alteration,no alteration,no alteration
78,laml_tcga_pan_can_atlas_2018,TCGA-AB-2813-03,TCGA-AB-2813,0,no alteration,no alteration,no alteration,no alteration,no alteration
79,laml_tcga_pan_can_atlas_2018,TCGA-AB-2889-03,TCGA-AB-2889,0,no alteration,no alteration,no alteration,no alteration,no alteration
80,laml_tcga_pan_can_atlas_2018,TCGA-AB-2829-03,TCGA-AB-2829,0,no alteration,no alteration,no alteration,no alteration,no alteration
81,laml_tcga_pan_can_atlas_2018,TCGA-AB-2901-03,TCGA-AB-2901,0,no alteration,no alteration,no alteration,no alteration,no alteration
82,laml_tcga_pan_can_atlas_2018,TCGA-AB-2841-03,TCGA-AB-2841,0,no alteration,no alteration,no alteration,no alteration,no alteration
83,laml_tcga_pan_can_atlas_2018,TCGA-AB-2999-03,TCGA-AB-2999,0,no alteration,no alteration,no alteration,no alteration,no alteration
84,laml_tcga_pan_can_atlas_2018,TCGA-AB-2845-03,TCGA-AB-2845,0,no alteration,no alteration,no alteration,no alteration,no alteration
85,laml_tcga_pan_can_atlas_2018,TCGA-AB-3009-03,TCGA-AB-3009,0,no alteration,no alteration,no alteration,no alteration,no alteration
86,laml_tcga_pan_can_atlas_2018,TCGA-AB-2920-03,TCGA-AB-2920,0,no alteration,no alteration,no alteration,no alteration,no alteration
87,laml_tcga_pan_can_atlas_2018,TCGA-AB-2914-03,TCGA-AB-2914,0,no alteration,no alteration,no alteration,no alteration,no alteration
88,laml_tcga_pan_can_atlas_2018,TCGA-AB-2950-03,TCGA-AB-2950,0,no alteration,no alteration,no alteration,no alteration,no alteration
89,laml_tcga_pan_can_atlas_2018,TCGA-AB-2977-03,TCGA-AB-2977,0,no alteration,no alteration,no alteration,no alteration,no alteration
90,laml_tcga_pan_can_atlas_2018,TCGA-AB-2930-03,TCGA-AB-2930,0,no alteration,no alteration,no alteration,no alteration,no alteration
91,laml_tcga_pan_can_atlas_2018,TCGA-AB-2956-03,TCGA-AB-2956,0,no alteration,no alteration,no alteration,no alteration,no alteration
92,laml_tcga_pan_can_atlas_2018,TCGA-AB-2985-03,TCGA-AB-2985,0,no alteration,no alteration,no alteration,no alteration,no alteration
93,laml_tcga_pan_can_atlas_2018,TCGA-AB-2855-03,TCGA-AB-2855,0,no alteration,no alteration,no alteration,no alteration,no alteration
94,laml_tcga_pan_can_atlas_2018,TCGA-AB-2918-03,TCGA-AB-2918,0,no alteration,no alteration,not profiled,not profiled,no alteration
95,laml_tcga_pan_can_atlas_2018,TCGA-AB-2821-03,TCGA-AB-2821,0,no alteration,no alteration,no alteration,no alteration,no alteration
96,laml_tcga_pan_can_atlas_2018,TCGA-AB-3005-03,TCGA-AB-3005,0,no alteration,no alteration,no alteration,no alteration,no alteration
97,laml_tcga_pan_can_atlas_2018,TCGA-AB-2893-03,TCGA-AB-2893,0,no alteration,no alteration,no alteration,no alteration,no alteration
98,laml_tcga_pan_can_atlas_2018,TCGA-AB-2994-03,TCGA-AB-2994,0,no alteration,no alteration,no alteration,no alteration,no alteration
99,laml_tcga_pan_can_atlas_2018,TCGA-AB-2936-03,TCGA-AB-2936,0,no alteration,no alteration,no alteration,no alteration,no alteration
100,laml_tcga_pan_can_atlas_2018,TCGA-AB-2963-03,TCGA-AB-2963,0,no alteration,no alteration,no alteration,no alteration,no alteration
101,laml_tcga_pan_can_atlas_2018,TCGA-AB-2935-03,TCGA-AB-2935,0,no alteration,no alteration,no alteration,no alteration,no alteration
102,laml_tcga_pan_can_atlas_2018,TCGA-AB-2804-03,TCGA-AB-2804,0,no alteration,no alteration,no alteration,no alteration,no alteration
103,laml_tcga_pan_can_atlas_2018,TCGA-AB-2870-03,TCGA-AB-2870,0,no alteration,no alteration,no alteration,no alteration,no alteration
104,laml_tcga_pan_can_atlas_2018,TCGA-AB-2882-03,TCGA-AB-2882,0,no alteration,no alteration,no alteration,no alteration,no alteration
105,laml_tcga_pan_can_atlas_2018,TCGA-AB-2944-03,TCGA-AB-2944,0,no alteration,no alteration,no alteration,no alteration,no alteration
106,laml_tcga_pan_can_atlas_2018,TCGA-AB-2875-03,TCGA-AB-2875,0,no alteration,no alteration,no alteration,no alteration,no alteration
107,laml_tcga_pan_can_atlas_2018,TCGA-AB-2843-03,TCGA-AB-2843,0,no alteration,no alteration,not profiled,not profiled,no alteration
108,laml_tcga_pan_can_atlas_2018,TCGA-AB-2904-03,TCGA-AB-2904,0,no alteration,no alteration,no alteration,no alteration,no alteration
109,laml_tcga_pan_can_atlas_2018,TCGA-AB-2835-03,TCGA-AB-2835,0,no alteration,no alteration,no alteration,no alteration,no alteration
110,laml_tcga_pan_can_atlas_2018,TCGA-AB-3000-03,TCGA-AB-3000,0,no alteration,no alteration,no alteration,no alteration,no alteration
111,laml_tcga_pan_can_atlas_2018,TCGA-AB-2992-03,TCGA-AB-2992,0,no alteration,no alteration,no alteration,no alteration,no alteration
112,laml_tcga_pan_can_atlas_2018,TCGA-AB-2812-03,TCGA-AB-2812,0,no alteration,no alteration,no alteration,no alteration,no alteration
113,laml_tcga_pan_can_atlas_2018,TCGA-AB-2972-03,TCGA-AB-2972,0,no alteration,no alteration,no alteration,no alteration,no alteration
114,laml_tcga_pan_can_atlas_2018,TCGA-AB-2900-03,TCGA-AB-2900,0,no alteration,no alteration,no alteration,no alteration,no alteration
115,laml_tcga_pan_can_atlas_2018,TCGA-AB-2894-03,TCGA-AB-2894,0,no alteration,no alteration,no alteration,no alteration,no alteration
116,laml_tcga_pan_can_atlas_2018,TCGA-AB-2942-03,TCGA-AB-2942,0,no alteration,no alteration,no alteration,no alteration,no alteration
117,laml_tcga_pan_can_atlas_2018,TCGA-AB-2828-03,TCGA-AB-2828,0,no alteration,no alteration,no alteration,no alteration,no alteration
118,laml_tcga_pan_can_atlas_2018,TCGA-AB-2998-03,TCGA-AB-2998,0,no alteration,no alteration,no alteration,no alteration,no alteration
119,laml_tcga_pan_can_atlas_2018,TCGA-AB-2946-03,TCGA-AB-2946,0,no alteration,no alteration,no alteration,no alteration,no alteration
120,laml_tcga_pan_can_atlas_2018,TCGA-AB-2927-03,TCGA-AB-2927,0,no alteration,no alteration,no alteration,no alteration,no alteration
121,laml_tcga_pan_can_atlas_2018,TCGA-AB-2890-03,TCGA-AB-2890,0,no alteration,no alteration,no alteration,no alteration,no alteration
122,laml_tcga_pan_can_atlas_2018,TCGA-AB-2827-03,TCGA-AB-2827,0,no alteration,no alteration,no alteration,no alteration,no alteration
123,laml_tcga_pan_can_atlas_2018,TCGA-AB-2892-03,TCGA-AB-2892,0,no alteration,no alteration,no alteration,no alteration,no alteration
124,laml_tcga_pan_can_atlas_2018,TCGA-AB-2810-03,TCGA-AB-2810,0,no alteration,no alteration,no alteration,no alteration,no alteration
125,laml_tcga_pan_can_atlas_2018,TCGA-AB-2860-03,TCGA-AB-2860,0,no alteration,no alteration,no alteration,no alteration,no alteration
126,laml_tcga_pan_can_atlas_2018,TCGA-AB-2847-03,TCGA-AB-2847,0,no alteration,no alteration,not profiled,not profiled,no alteration
127,laml_tcga_pan_can_atlas_2018,TCGA-AB-2976-03,TCGA-AB-2976,0,no alteration,no alteration,no alteration,no alteration,no alteration
128,laml_tcga_pan_can_atlas_2018,TCGA-AB-2986-03,TCGA-AB-2986,0,no alteration,no alteration,no alteration,no alteration,no alteration
129,laml_tcga_pan_can_atlas_2018,TCGA-AB-2866-03,TCGA-AB-2866,0,no alteration,no alteration,no alteration,no alteration,no alteration
130,laml_tcga_pan_can_atlas_2018,TCGA-AB-2984-03,TCGA-AB-2984,0,no alteration,no alteration,no alteration,no alteration,no alteration
131,laml_tcga_pan_can_atlas_2018,TCGA-AB-2924-03,TCGA-AB-2924,0,no alteration,no alteration,no alteration,no alteration,no alteration
132,laml_tcga_pan_can_atlas_2018,TCGA-AB-2978-03,TCGA-AB-2978,0,no alteration,no alteration,no alteration,no alteration,no alteration
133,laml_tcga_pan_can_atlas_2018,TCGA-AB-2910-03,TCGA-AB-2910,0,no alteration,no alteration,no alteration,no alteration,no alteration
134,laml_tcga_pan_can_atlas_2018,TCGA-AB-3011-03,TCGA-AB-3011,0,no alteration,no alteration,no alteration,no alteration,no alteration
135,laml_tcga_pan_can_atlas_2018,TCGA-AB-2913-03,TCGA-AB-2913,0,no alteration,no alteration,no alteration,no alteration,no alteration
136,laml_tcga_pan_can_atlas_2018,TCGA-AB-2957-03,TCGA-AB-2957,0,no alteration,no alteration,no alteration,no alteration,no alteration
137,laml_tcga_pan_can_atlas_2018,TCGA-AB-2806-03,TCGA-AB-2806,0,no alteration,no alteration,no alteration,no alteration,no alteration
138,laml_tcga_pan_can_atlas_2018,TCGA-AB-2952-03,TCGA-AB-2952,0,no alteration,no alteration,no alteration,no alteration,no alteration
139,laml_tcga_pan_can_atlas_2018,TCGA-AB-2906-03,TCGA-AB-2906,0,no alteration,no alteration,no alteration,no alteration,no alteration
140,laml_tcga_pan_can_atlas_2018,TCGA-AB-2805-03,TCGA-AB-2805,0,no alteration,no alteration,no alteration,no alteration,no alteration
141,laml_tcga_pan_can_atlas_2018,TCGA-AB-2838-03,TCGA-AB-2838,0,no alteration,no alteration,no alteration,no alteration,no alteration
142,laml_tcga_pan_can_atlas_2018,TCGA-AB-2874-03,TCGA-AB-2874,0,no alteration,no alteration,no alteration,no alteration,no alteration
143,laml_tcga_pan_can_atlas_2018,TCGA-AB-2857-03,TCGA-AB-2857,0,no alteration,no alteration,no alteration,no alteration,no alteration
144,laml_tcga_pan_can_atlas_2018,TCGA-AB-2980-03,TCGA-AB-2980,0,no alteration,no alteration,no alteration,no alteration,no alteration
145,laml_tcga_pan_can_atlas_2018,TCGA-AB-2834-03,TCGA-AB-2834,0,no alteration,no alteration,no alteration,no alteration,no alteration
146,laml_tcga_pan_can_atlas_2018,TCGA-AB-2939-03,TCGA-AB-2939,0,no alteration,no alteration,no alteration,no alteration,no alteration
147,laml_tcga_pan_can_atlas_2018,TCGA-AB-2842-03,TCGA-AB-2842,0,no alteration,no alteration,no alteration,no alteration,no alteration
148,laml_tcga_pan_can_atlas_2018,TCGA-AB-2899-03,TCGA-AB-2899,0,no alteration,no alteration,no alteration,no alteration,no alteration
149,laml_tcga_pan_can_atlas_2018,TCGA-AB-2808-03,TCGA-AB-2808,0,no alteration,no alteration,no alteration,no alteration,no alteration
150,laml_tcga_pan_can_atlas_2018,TCGA-AB-2872-03,TCGA-AB-2872,0,no alteration,no alteration,no alteration,no alteration,no alteration
151,laml_tcga_pan_can_atlas_2018,TCGA-AB-2885-03,TCGA-AB-2885,0,no alteration,no alteration,no alteration,no alteration,no alteration
152,laml_tcga_pan_can_atlas_2018,TCGA-AB-2933-03,TCGA-AB-2933,0,no alteration,no alteration,no alteration,no alteration,no alteration
153,laml_tcga_pan_can_atlas_2018,TCGA-AB-2943-03,TCGA-AB-2943,0,no alteration,no alteration,no alteration,no alteration,no alteration
154,laml_tcga_pan_can_atlas_2018,TCGA-AB-2921-03,TCGA-AB-2921,0,no alteration,no alteration,no alteration,no alteration,no alteration
155,laml_tcga_pan_can_atlas_2018,TCGA-AB-2876-03,TCGA-AB-2876,0,no alteration,no alteration,not profiled,not profiled,no alteration
156,laml_tcga_pan_can_atlas_2018,TCGA-AB-2911-03,TCGA-AB-2911,0,no alteration,no alteration,no alteration,no alteration,no alteration
157,laml_tcga_pan_can_atlas_2018,TCGA-AB-2996-03,TCGA-AB-2996,0,no alteration,no alteration,no alteration,no alteration,no alteration
158,laml_tcga_pan_can_atlas_2018,TCGA-AB-2929-03,TCGA-AB-2929,0,no alteration,no alteration,no alteration,no alteration,no alteration
159,laml_tcga_pan_can_atlas_2018,TCGA-AB-2814-03,TCGA-AB-2814,0,no alteration,no alteration,no alteration,no alteration,no alteration
160,laml_tcga_pan_can_atlas_2018,TCGA-AB-2846-03,TCGA-AB-2846,0,no alteration,no alteration,no alteration,no alteration,no alteration
161,laml_tcga_pan_can_atlas_2018,TCGA-AB-2979-03,TCGA-AB-2979,0,no alteration,no alteration,not profiled,not profiled,no alteration
162,laml_tcga_pan_can_atlas_2018,TCGA-AB-2880-03,TCGA-AB-2880,0,no alteration,no alteration,no alteration,no alteration,no alteration
163,laml_tcga_pan_can_atlas_2018,TCGA-AB-2848-03,TCGA-AB-2848,0,no alteration,no alteration,no alteration,no alteration,no alteration
164,laml_tcga_pan_can_atlas_2018,TCGA-AB-3001-03,TCGA-AB-3001,0,no alteration,no alteration,no alteration,no alteration,no alteration
165,laml_tcga_pan_can_atlas_2018,TCGA-AB-2820-03,TCGA-AB-2820,0,no alteration,no alteration,no alteration,no alteration,no alteration
166,laml_tcga_pan_can_atlas_2018,TCGA-AB-2926-03,TCGA-AB-2926,0,no alteration,no alteration,no alteration,no alteration,no alteration
167,laml_tcga_pan_can_atlas_2018,TCGA-AB-2970-03,TCGA-AB-2970,0,no alteration,no alteration,no alteration,no alteration,no alteration
168,laml_tcga_pan_can_atlas_2018,TCGA-AB-2823-03,TCGA-AB-2823,0,no alteration,no alteration,no alteration,no alteration,no alteration
169,laml_tcga_pan_can_atlas_2018,TCGA-AB-2917-03,TCGA-AB-2917,0,no alteration,no alteration,no alteration,no alteration,no alteration
170,laml_tcga_pan_can_atlas_2018,TCGA-AB-2826-03,TCGA-AB-2826,0,no alteration,no alteration,no alteration,no alteration,no alteration
171,laml_tcga_pan_can_atlas_2018,TCGA-AB-2862-03,TCGA-AB-2862,0,no alteration,no alteration,no alteration,no alteration,no alteration
172,laml_tcga_pan_can_atlas_2018,TCGA-AB-2836-03,TCGA-AB-2836,0,no alteration,no alteration,no alteration,no alteration,no alteration
173,laml_tcga_pan_can_atlas_2018,TCGA-AB-2991-03,TCGA-AB-2991,0,no alteration,no alteration,no alteration,no alteration,no alteration
174,laml_tcga_pan_can_atlas_2018,TCGA-AB-2856-03,TCGA-AB-2856,0,no alteration,no alteration,no alteration,no alteration,no alteration
175,laml_tcga_pan_can_atlas_2018,TCGA-AB-2959-03,TCGA-AB-2959,0,no alteration,no alteration,no alteration,no alteration,no alteration
176,laml_tcga_pan_can_atlas_2018,TCGA-AB-2907-03,TCGA-AB-2907,0,no alteration,no alteration,no alteration,no alteration,no alteration
177,laml_tcga_pan_can_atlas_2018,TCGA-AB-3007-03,TCGA-AB-3007,0,no alteration,no alteration,no alteration,no alteration,no alteration
178,laml_tcga_pan_can_atlas_2018,TCGA-AB-2948-03,TCGA-AB-2948,0,no alteration,no alteration,no alteration,no alteration,no alteration
179,laml_tcga_pan_can_atlas_2018,TCGA-AB-2879-03,TCGA-AB-2879,0,no alteration,no alteration,no alteration,no alteration,no alteration
180,laml_tcga_pan_can_atlas_2018,TCGA-AB-2995-03,TCGA-AB-2995,0,no alteration,no alteration,no alteration,no alteration,no alteration
181,laml_tcga_pan_can_atlas_2018,TCGA-AB-2997-03,TCGA-AB-2997,0,no alteration,no alteration,no alteration,no alteration,no alteration
182,laml_tcga_pan_can_atlas_2018,TCGA-AB-2915-03,TCGA-AB-2915,0,no alteration,no alteration,no alteration,no alteration,no alteration
183,laml_tcga_pan_can_atlas_2018,TCGA-AB-2964-03,TCGA-AB-2964,0,no alteration,no alteration,no alteration,no alteration,no alteration
184,laml_tcga_pan_can_atlas_2018,TCGA-AB-2982-03,TCGA-AB-2982,0,no alteration,no alteration,no alteration,no alteration,no alteration
185,laml_tcga_pan_can_atlas_2018,TCGA-AB-2883-03,TCGA-AB-2883,0,no alteration,no alteration,no alteration,no alteration,no alteration
186,laml_tcga_pan_can_atlas_2018,TCGA-AB-2941-03,TCGA-AB-2941,0,no alteration,no alteration,no alteration,no alteration,no alteration
187,laml_tcga_pan_can_atlas_2018,TCGA-AB-2881-03,TCGA-AB-2881,0,no alteration,no alteration,no alteration,no alteration,no alteration
188,laml_tcga_pan_can_atlas_2018,TCGA-AB-2803-03,TCGA-AB-2803,0,no alteration,no alteration,no alteration,no alteration,no alteration
189,laml_tcga_pan_can_atlas_2018,TCGA-AB-2832-03,TCGA-AB-2832,0,no alteration,no alteration,no alteration,no alteration,no alteration
190,laml_tcga_pan_can_atlas_2018,TCGA-AB-2903-03,TCGA-AB-2903,0,no alteration,no alteration,no alteration,no alteration,no alteration
191,laml_tcga_pan_can_atlas_2018,TCGA-AB-2937-03,TCGA-AB-2937,0,no alteration,no alteration,no alteration,no alteration,no alteration
192,laml_tcga_pan_can_atlas_2018,TCGA-AB-2819-03,TCGA-AB-2819,0,no alteration,no alteration,no alteration,no alteration,no alteration
193,laml_tcga_pan_can_atlas_2018,TCGA-AB-2849-03,TCGA-AB-2849,0,no alteration,no alteration,no alteration,no alteration,no alteration
194,laml_tcga_pan_can_atlas_2018,TCGA-AB-2817-03,TCGA-AB-2817,0,no alteration,no alteration,no alteration,no alteration,no alteration
195,laml_tcga_pan_can_atlas_2018,TCGA-AB-2923-03,TCGA-AB-2923,0,no alteration,no alteration,no alteration,no alteration,no alteration
196,laml_tcga_pan_can_atlas_2018,TCGA-AB-2888-03,TCGA-AB-2888,0,no alteration,no alteration,no alteration,no alteration,no alteration
197,laml_tcga_pan_can_atlas_2018,TCGA-AB-2850-03,TCGA-AB-2850,0,no alteration,no alteration,no alteration,no alteration,no alteration
198,laml_tcga_pan_can_atlas_2018,TCGA-AB-2971-03,TCGA-AB-2971,0,no alteration,no alteration,no alteration,no alteration,no alteration
199,laml_tcga_pan_can_atlas_2018,TCGA-AB-2840-03,TCGA-AB-2840,0,no alteration,no alteration,no alteration,no alteration,no alteration
