,Study ID,Sample ID,Patient ID,Altered,KMT2D,KMT2D: MUT,KMT2D: AMP,KMT2D: HOMDEL,KMT2D: FUSION
0,dlbc_tcga_pan_can_atlas_2018,TCGA-FA-A4BB-01,TCGA-FA-A4BB,1,Q3796* (driver),Q3796* (driver),no alteration,no alteration,no alteration
1,dlbc_tcga_pan_can_atlas_2018,TCGA-FA-A7DS-01,TCGA-FA-A7DS,1,"S4034Qfs*15 (driver), HOMDEL (driver)",S4034Qfs*15 (driver),HOMDEL (driver),HOMDEL (driver),no alteration
2,dlbc_tcga_pan_can_atlas_2018,TCGA-FA-A82F-01,TCGA-FA-A82F,1,L3880Dfs*131 (driver),L3880Dfs*131 (driver),no alteration,no alteration,no alteration
3,dlbc_tcga_pan_can_atlas_2018,TCGA-FA-A86F-01,TCGA-FA-A86F,1,"G1946Rfs*11 (driver), Q3934* (driver)","G1946Rfs*11 (driver), Q3934* (driver)",no alteration,no alteration,no alteration
4,dlbc_tcga_pan_can_atlas_2018,TCGA-FF-8042-01,TCGA-FF-8042,1,"A1390Gfs*42 (driver), H5475Q, S5476Y","A1390Gfs*42 (driver), H5475Q, S5476Y",no alteration,no alteration,no alteration
5,dlbc_tcga_pan_can_atlas_2018,TCGA-FF-8043-01,TCGA-FF-8043,1,"S807Ffs*5 (driver), AMP",S807Ffs*5 (driver),AMP,AMP,no alteration
6,dlbc_tcga_pan_can_atlas_2018,TCGA-FF-8047-01,TCGA-FF-8047,1,G4847V,G4847V,no alteration,no alteration,no alteration
7,dlbc_tcga_pan_can_atlas_2018,TCGA-FF-A7CR-01,TCGA-FF-A7CR,1,Q2014* (driver),Q2014* (driver),no alteration,no alteration,no alteration
8,dlbc_tcga_pan_can_atlas_2018,TCGA-FF-A7CW-01,TCGA-FF-A7CW,1,Q2174* (driver),Q2174* (driver),no alteration,no alteration,no alteration
9,dlbc_tcga_pan_can_atlas_2018,TCGA-GR-A4D9-01,TCGA-GR-A4D9,1,Q2898* (driver),Q2898* (driver),no alteration,no alteration,no alteration
10,dlbc_tcga_pan_can_atlas_2018,TCGA-GS-A9TQ-01,TCGA-GS-A9TQ,1,"X3503_splice (driver), C5109R","X3503_splice (driver), C5109R",no alteration,no alteration,no alteration
11,dlbc_tcga_pan_can_atlas_2018,TCGA-GS-A9TY-01,TCGA-GS-A9TY,1,Q3722* (driver),Q3722* (driver),no alteration,no alteration,no alteration
12,dlbc_tcga_pan_can_atlas_2018,TCGA-RQ-A68N-01,TCGA-RQ-A68N,1,AMP,no alteration,AMP,AMP,no alteration
13,dlbc_tcga_pan_can_atlas_2018,TCGA-FA-8693-01,TCGA-FA-8693,0,no alteration,no alteration,no alteration,no alteration,no alteration
14,dlbc_tcga_pan_can_atlas_2018,TCGA-FA-A4XK-01,TCGA-FA-A4XK,0,no alteration,no alteration,no alteration,no alteration,no alteration
15,dlbc_tcga_pan_can_atlas_2018,TCGA-FA-A6HN-01,TCGA-FA-A6HN,0,no alteration,no alteration,no alteration,no alteration,no alteration
16,dlbc_tcga_pan_can_atlas_2018,TCGA-FA-A6HO-01,TCGA-FA-A6HO,0,no alteration,no alteration,no alteration,no alteration,no alteration
17,dlbc_tcga_pan_can_atlas_2018,TCGA-FA-A7Q1-01,TCGA-FA-A7Q1,0,no alteration,no alteration,no alteration,no alteration,no alteration
18,dlbc_tcga_pan_can_atlas_2018,TCGA-FF-8041-01,TCGA-FF-8041,0,no alteration,no alteration,no alteration,no alteration,no alteration
19,dlbc_tcga_pan_can_atlas_2018,TCGA-FF-8046-01,TCGA-FF-8046,0,no alteration,no alteration,no alteration,no alteration,no alteration
20,dlbc_tcga_pan_can_atlas_2018,TCGA-FF-8061-01,TCGA-FF-8061,0,no alteration,no alteration,no alteration,no alteration,no alteration
21,dlbc_tcga_pan_can_atlas_2018,TCGA-FF-8062-01,TCGA-FF-8062,0,no alteration,not profiled,no alteration,no alteration,not profiled
22,dlbc_tcga_pan_can_atlas_2018,TCGA-FF-A7CQ-01,TCGA-FF-A7CQ,0,no alteration,no alteration,no alteration,no alteration,no alteration
23,dlbc_tcga_pan_can_atlas_2018,TCGA-FF-A7CX-01,TCGA-FF-A7CX,0,no alteration,no alteration,no alteration,no alteration,no alteration
24,dlbc_tcga_pan_can_atlas_2018,TCGA-FM-8000-01,TCGA-FM-8000,0,no alteration,not profiled,no alteration,no alteration,not profiled
25,dlbc_tcga_pan_can_atlas_2018,TCGA-G8-6324-01,TCGA-G8-6324,0,no alteration,not profiled,no alteration,no alteration,not profiled
26,dlbc_tcga_pan_can_atlas_2018,TCGA-G8-6325-01,TCGA-G8-6325,0,no alteration,no alteration,no alteration,no alteration,no alteration
27,dlbc_tcga_pan_can_atlas_2018,TCGA-G8-6326-01,TCGA-G8-6326,0,no alteration,no alteration,no alteration,no alteration,no alteration
28,dlbc_tcga_pan_can_atlas_2018,TCGA-G8-6906-01,TCGA-G8-6906,0,no alteration,no alteration,no alteration,no alteration,no alteration
29,dlbc_tcga_pan_can_atlas_2018,TCGA-G8-6907-01,TCGA-G8-6907,0,no alteration,not profiled,no alteration,no alteration,not profiled
30,dlbc_tcga_pan_can_atlas_2018,TCGA-G8-6909-01,TCGA-G8-6909,0,no alteration,no alteration,no alteration,no alteration,no alteration
31,dlbc_tcga_pan_can_atlas_2018,TCGA-G8-6914-01,TCGA-G8-6914,0,no alteration,not profiled,no alteration,no alteration,not profiled
32,dlbc_tcga_pan_can_atlas_2018,TCGA-GR-7351-01,TCGA-GR-7351,0,no alteration,not profiled,no alteration,no alteration,not profiled
33,dlbc_tcga_pan_can_atlas_2018,TCGA-GR-7353-01,TCGA-GR-7353,0,no alteration,not profiled,no alteration,no alteration,not profiled
34,dlbc_tcga_pan_can_atlas_2018,TCGA-GR-A4D4-01,TCGA-GR-A4D4,0,no alteration,no alteration,no alteration,no alteration,no alteration
35,dlbc_tcga_pan_can_atlas_2018,TCGA-GR-A4D5-01,TCGA-GR-A4D5,0,no alteration,no alteration,no alteration,no alteration,no alteration
36,dlbc_tcga_pan_can_atlas_2018,TCGA-GR-A4D6-01,TCGA-GR-A4D6,0,no alteration,no alteration,no alteration,no alteration,no alteration
37,dlbc_tcga_pan_can_atlas_2018,TCGA-GS-A9TT-01,TCGA-GS-A9TT,0,no alteration,no alteration,no alteration,no alteration,no alteration
38,dlbc_tcga_pan_can_atlas_2018,TCGA-GS-A9TU-01,TCGA-GS-A9TU,0,no alteration,no alteration,no alteration,no alteration,no alteration
39,dlbc_tcga_pan_can_atlas_2018,TCGA-GS-A9TV-01,TCGA-GS-A9TV,0,no alteration,no alteration,no alteration,no alteration,no alteration
40,dlbc_tcga_pan_can_atlas_2018,TCGA-GS-A9TW-01,TCGA-GS-A9TW,0,no alteration,no alteration,no alteration,no alteration,no alteration
41,dlbc_tcga_pan_can_atlas_2018,TCGA-GS-A9TX-01,TCGA-GS-A9TX,0,no alteration,no alteration,no alteration,no alteration,no alteration
42,dlbc_tcga_pan_can_atlas_2018,TCGA-GS-A9TZ-01,TCGA-GS-A9TZ,0,no alteration,no alteration,no alteration,no alteration,no alteration
43,dlbc_tcga_pan_can_atlas_2018,TCGA-GS-A9U3-01,TCGA-GS-A9U3,0,no alteration,no alteration,no alteration,no alteration,no alteration
44,dlbc_tcga_pan_can_atlas_2018,TCGA-GS-A9U4-01,TCGA-GS-A9U4,0,no alteration,no alteration,no alteration,no alteration,no alteration
45,dlbc_tcga_pan_can_atlas_2018,TCGA-RQ-A6JB-01,TCGA-RQ-A6JB,0,no alteration,no alteration,no alteration,no alteration,no alteration
46,dlbc_tcga_pan_can_atlas_2018,TCGA-RQ-AAAT-01,TCGA-RQ-AAAT,0,no alteration,no alteration,no alteration,no alteration,no alteration
47,dlbc_tcga_pan_can_atlas_2018,TCGA-VB-A8QN-01,TCGA-VB-A8QN,0,no alteration,no alteration,no alteration,no alteration,no alteration
