,Study ID,Sample ID,Patient ID,Altered,PBRM1,PBRM1: MUT,PBRM1: AMP,PBRM1: HOMDEL,PBRM1: FUSION
0,kirc_tcga_pan_can_atlas_2018,TCGA-A3-3311-01,TCGA-A3-3311,1,C1208W,C1208W,no alteration,no alteration,no alteration
1,kirc_tcga_pan_can_atlas_2018,TCGA-A3-3316-01,TCGA-A3-3316,1,V1398Lfs*34 (driver),V1398Lfs*34 (driver),no alteration,no alteration,no alteration
2,kirc_tcga_pan_can_atlas_2018,TCGA-A3-3320-01,TCGA-A3-3320,1,K640* (driver),K640* (driver),no alteration,no alteration,no alteration
3,kirc_tcga_pan_can_atlas_2018,TCGA-A3-3322-01,TCGA-A3-3322,1,E1197Kfs*5 (driver),E1197Kfs*5 (driver),no alteration,no alteration,no alteration
4,kirc_tcga_pan_can_atlas_2018,TCGA-A3-3323-01,TCGA-A3-3323,1,X238_splice (driver),X238_splice (driver),no alteration,no alteration,no alteration
5,kirc_tcga_pan_can_atlas_2018,TCGA-A3-3326-01,TCGA-A3-3326,1,X1310_splice (driver),X1310_splice (driver),no alteration,no alteration,no alteration
6,kirc_tcga_pan_can_atlas_2018,TCGA-A3-3331-01,TCGA-A3-3331,1,"X363_splice (driver), X363_splice (driver), L886R","X363_splice (driver), X363_splice (driver), L886R",no alteration,no alteration,no alteration
7,kirc_tcga_pan_can_atlas_2018,TCGA-A3-3346-01,TCGA-A3-3346,1,K1268Nfs*20 (driver),K1268Nfs*20 (driver),no alteration,no alteration,no alteration
8,kirc_tcga_pan_can_atlas_2018,TCGA-A3-3347-01,TCGA-A3-3347,1,F546Wfs*22 (driver),F546Wfs*22 (driver),no alteration,no alteration,no alteration
9,kirc_tcga_pan_can_atlas_2018,TCGA-A3-3362-01,TCGA-A3-3362,1,G626V,G626V,no alteration,no alteration,no alteration
10,kirc_tcga_pan_can_atlas_2018,TCGA-A3-3365-01,TCGA-A3-3365,1,T172Qfs*2 (driver),T172Qfs*2 (driver),no alteration,no alteration,no alteration
11,kirc_tcga_pan_can_atlas_2018,TCGA-A3-3367-01,TCGA-A3-3367,1,M586T,M586T,no alteration,no alteration,no alteration
12,kirc_tcga_pan_can_atlas_2018,TCGA-A3-3373-01,TCGA-A3-3373,1,K243* (driver),K243* (driver),no alteration,no alteration,no alteration
13,kirc_tcga_pan_can_atlas_2018,TCGA-A3-3378-01,TCGA-A3-3378,1,N325Ifs*37 (driver),N325Ifs*37 (driver),no alteration,no alteration,no alteration
14,kirc_tcga_pan_can_atlas_2018,TCGA-A3-3382-01,TCGA-A3-3382,1,Q481* (driver),Q481* (driver),no alteration,no alteration,no alteration
15,kirc_tcga_pan_can_atlas_2018,TCGA-A3-3383-01,TCGA-A3-3383,1,N110Ifs*3 (driver),N110Ifs*3 (driver),no alteration,no alteration,no alteration
16,kirc_tcga_pan_can_atlas_2018,TCGA-A3-3387-01,TCGA-A3-3387,1,Q779* (driver),Q779* (driver),no alteration,no alteration,no alteration
17,kirc_tcga_pan_can_atlas_2018,TCGA-A3-A6NJ-01,TCGA-A3-A6NJ,1,F1191Yfs*3 (driver),F1191Yfs*3 (driver),no alteration,no alteration,no alteration
18,kirc_tcga_pan_can_atlas_2018,TCGA-A3-A6NN-01,TCGA-A3-A6NN,1,K909Nfs*6 (driver),K909Nfs*6 (driver),no alteration,no alteration,no alteration
19,kirc_tcga_pan_can_atlas_2018,TCGA-A3-A8OU-01,TCGA-A3-A8OU,1,D748Mfs*27 (driver),D748Mfs*27 (driver),no alteration,no alteration,no alteration
20,kirc_tcga_pan_can_atlas_2018,TCGA-A3-A8OV-01,TCGA-A3-A8OV,1,I587T,I587T,no alteration,no alteration,no alteration
21,kirc_tcga_pan_can_atlas_2018,TCGA-AK-3430-01,TCGA-AK-3430,1,F116Sfs*58 (driver),F116Sfs*58 (driver),no alteration,no alteration,no alteration
22,kirc_tcga_pan_can_atlas_2018,TCGA-AK-3455-01,TCGA-AK-3455,1,PBRM1-NT5DC2 fusion,no alteration,no alteration,no alteration,PBRM1-NT5DC2 fusion
23,kirc_tcga_pan_can_atlas_2018,TCGA-AK-3458-01,TCGA-AK-3458,1,F1076Lfs*58 (driver),F1076Lfs*58 (driver),no alteration,no alteration,no alteration
24,kirc_tcga_pan_can_atlas_2018,TCGA-B0-4697-01,TCGA-B0-4697,1,HOMDEL (driver),not profiled,HOMDEL (driver),HOMDEL (driver),not profiled
25,kirc_tcga_pan_can_atlas_2018,TCGA-B0-4706-01,TCGA-B0-4706,1,S1255_K1257delins* (driver),S1255_K1257delins* (driver),no alteration,no alteration,no alteration
26,kirc_tcga_pan_can_atlas_2018,TCGA-B0-4712-01,TCGA-B0-4712,1,X332_splice (driver),X332_splice (driver),no alteration,no alteration,no alteration
27,kirc_tcga_pan_can_atlas_2018,TCGA-B0-4811-01,TCGA-B0-4811,1,S652Ifs*13 (driver),S652Ifs*13 (driver),no alteration,no alteration,no alteration
28,kirc_tcga_pan_can_atlas_2018,TCGA-B0-4815-01,TCGA-B0-4815,1,S371* (driver),S371* (driver),no alteration,no alteration,no alteration
29,kirc_tcga_pan_can_atlas_2018,TCGA-B0-4816-01,TCGA-B0-4816,1,R876L,R876L,no alteration,no alteration,no alteration
30,kirc_tcga_pan_can_atlas_2018,TCGA-B0-4818-01,TCGA-B0-4818,1,"S859* (driver), E860K","S859* (driver), E860K",no alteration,no alteration,no alteration
31,kirc_tcga_pan_can_atlas_2018,TCGA-B0-4842-01,TCGA-B0-4842,1,R1027* (driver),R1027* (driver),no alteration,no alteration,no alteration
32,kirc_tcga_pan_can_atlas_2018,TCGA-B0-4852-01,TCGA-B0-4852,1,H976Lfs*32 (driver),H976Lfs*32 (driver),no alteration,no alteration,no alteration
33,kirc_tcga_pan_can_atlas_2018,TCGA-B0-5081-01,TCGA-B0-5081,1,"E1538* (driver), P1110Lfs*24 (driver)","E1538* (driver), P1110Lfs*24 (driver)",no alteration,no alteration,no alteration
34,kirc_tcga_pan_can_atlas_2018,TCGA-B0-5085-01,TCGA-B0-5085,1,R690* (driver),R690* (driver),no alteration,no alteration,no alteration
35,kirc_tcga_pan_can_atlas_2018,TCGA-B0-5094-01,TCGA-B0-5094,1,P1384Rfs*48 (driver),P1384Rfs*48 (driver),no alteration,no alteration,no alteration
36,kirc_tcga_pan_can_atlas_2018,TCGA-B0-5096-01,TCGA-B0-5096,1,M586K,M586K,no alteration,no alteration,no alteration
37,kirc_tcga_pan_can_atlas_2018,TCGA-B0-5104-01,TCGA-B0-5104,1,K874_I875delinsN,K874_I875delinsN,no alteration,no alteration,no alteration
38,kirc_tcga_pan_can_atlas_2018,TCGA-B0-5107-01,TCGA-B0-5107,1,X332_splice (driver),X332_splice (driver),no alteration,no alteration,no alteration
39,kirc_tcga_pan_can_atlas_2018,TCGA-B0-5110-01,TCGA-B0-5110,1,D1351Lfs*18 (driver),D1351Lfs*18 (driver),no alteration,no alteration,no alteration
40,kirc_tcga_pan_can_atlas_2018,TCGA-B0-5115-01,TCGA-B0-5115,1,E457* (driver),E457* (driver),no alteration,no alteration,no alteration
41,kirc_tcga_pan_can_atlas_2018,TCGA-B0-5116-01,TCGA-B0-5116,1,R836Lfs*12 (driver),R836Lfs*12 (driver),no alteration,no alteration,no alteration
42,kirc_tcga_pan_can_atlas_2018,TCGA-B0-5119-01,TCGA-B0-5119,1,K619Ifs*11 (driver),K619Ifs*11 (driver),no alteration,no alteration,no alteration
43,kirc_tcga_pan_can_atlas_2018,TCGA-B0-5120-01,TCGA-B0-5120,1,Y134Ifs*2 (driver),Y134Ifs*2 (driver),no alteration,no alteration,no alteration
44,kirc_tcga_pan_can_atlas_2018,TCGA-B0-5121-01,TCGA-B0-5121,1,Y417Ifs*3 (driver),Y417Ifs*3 (driver),no alteration,no alteration,no alteration
45,kirc_tcga_pan_can_atlas_2018,TCGA-B0-5399-01,TCGA-B0-5399,1,E368* (driver),E368* (driver),no alteration,no alteration,no alteration
46,kirc_tcga_pan_can_atlas_2018,TCGA-B0-5690-01,TCGA-B0-5690,1,X1430_splice (driver),X1430_splice (driver),no alteration,no alteration,no alteration
47,kirc_tcga_pan_can_atlas_2018,TCGA-B0-5693-01,TCGA-B0-5693,1,L617Ffs*25 (driver),L617Ffs*25 (driver),no alteration,no alteration,no alteration
48,kirc_tcga_pan_can_atlas_2018,TCGA-B0-5694-01,TCGA-B0-5694,1,Q209* (driver),Q209* (driver),no alteration,no alteration,no alteration
49,kirc_tcga_pan_can_atlas_2018,TCGA-B0-5695-01,TCGA-B0-5695,1,X239_splice (driver),X239_splice (driver),no alteration,no alteration,no alteration
50,kirc_tcga_pan_can_atlas_2018,TCGA-B0-5696-01,TCGA-B0-5696,1,"N832Ifs*23 (driver), HOMDEL (driver)",N832Ifs*23 (driver),HOMDEL (driver),HOMDEL (driver),no alteration
51,kirc_tcga_pan_can_atlas_2018,TCGA-B0-5698-01,TCGA-B0-5698,1,E1197Kfs*5 (driver),E1197Kfs*5 (driver),no alteration,no alteration,no alteration
52,kirc_tcga_pan_can_atlas_2018,TCGA-B0-5699-01,TCGA-B0-5699,1,L614V,L614V,no alteration,no alteration,no alteration
53,kirc_tcga_pan_can_atlas_2018,TCGA-B0-5705-01,TCGA-B0-5705,1,I571Mfs*16 (driver),I571Mfs*16 (driver),no alteration,no alteration,no alteration
54,kirc_tcga_pan_can_atlas_2018,TCGA-B0-5710-01,TCGA-B0-5710,1,D748Mfs*27 (driver),D748Mfs*27 (driver),no alteration,no alteration,no alteration
55,kirc_tcga_pan_can_atlas_2018,TCGA-B0-5711-01,TCGA-B0-5711,1,Y666* (driver),Y666* (driver),no alteration,no alteration,no alteration
56,kirc_tcga_pan_can_atlas_2018,TCGA-B0-5712-01,TCGA-B0-5712,1,N517Hfs*15 (driver),N517Hfs*15 (driver),no alteration,no alteration,no alteration
57,kirc_tcga_pan_can_atlas_2018,TCGA-B0-5713-01,TCGA-B0-5713,1,I279Nfs*8 (driver),I279Nfs*8 (driver),no alteration,no alteration,no alteration
58,kirc_tcga_pan_can_atlas_2018,TCGA-B0-5812-01,TCGA-B0-5812,1,D59Mfs*33 (driver),D59Mfs*33 (driver),no alteration,no alteration,no alteration
59,kirc_tcga_pan_can_atlas_2018,TCGA-B2-4099-01,TCGA-B2-4099,1,P1068Hfs*59 (driver),P1068Hfs*59 (driver),no alteration,no alteration,no alteration
60,kirc_tcga_pan_can_atlas_2018,TCGA-B2-4101-01,TCGA-B2-4101,1,V194Cfs*11 (driver),V194Cfs*11 (driver),no alteration,no alteration,no alteration
61,kirc_tcga_pan_can_atlas_2018,TCGA-B2-5639-01,TCGA-B2-5639,1,Y697* (driver),Y697* (driver),no alteration,no alteration,no alteration
62,kirc_tcga_pan_can_atlas_2018,TCGA-B4-5377-01,TCGA-B4-5377,1,X177_splice (driver),X177_splice (driver),no alteration,no alteration,no alteration
63,kirc_tcga_pan_can_atlas_2018,TCGA-B4-5832-01,TCGA-B4-5832,1,"Q869Sfs*6 (driver), P42L","Q869Sfs*6 (driver), P42L",no alteration,no alteration,no alteration
64,kirc_tcga_pan_can_atlas_2018,TCGA-B4-5836-01,TCGA-B4-5836,1,E1107* (driver),E1107* (driver),no alteration,no alteration,no alteration
65,kirc_tcga_pan_can_atlas_2018,TCGA-B4-5844-01,TCGA-B4-5844,1,X215_splice (driver),X215_splice (driver),no alteration,no alteration,no alteration
66,kirc_tcga_pan_can_atlas_2018,TCGA-B8-4148-01,TCGA-B8-4148,1,Y580C,Y580C,no alteration,no alteration,no alteration
67,kirc_tcga_pan_can_atlas_2018,TCGA-B8-4151-01,TCGA-B8-4151,1,C50Afs*45 (driver),C50Afs*45 (driver),no alteration,no alteration,no alteration
68,kirc_tcga_pan_can_atlas_2018,TCGA-B8-4153-01,TCGA-B8-4153,1,HOMDEL (driver),no alteration,HOMDEL (driver),HOMDEL (driver),no alteration
69,kirc_tcga_pan_can_atlas_2018,TCGA-B8-4154-01,TCGA-B8-4154,1,I252R,I252R,no alteration,no alteration,no alteration
70,kirc_tcga_pan_can_atlas_2018,TCGA-B8-4620-01,TCGA-B8-4620,1,Y834Tfs*21 (driver),Y834Tfs*21 (driver),no alteration,no alteration,no alteration
71,kirc_tcga_pan_can_atlas_2018,TCGA-B8-5158-01,TCGA-B8-5158,1,X272_splice (driver),X272_splice (driver),no alteration,no alteration,no alteration
72,kirc_tcga_pan_can_atlas_2018,TCGA-B8-A54G-01,TCGA-B8-A54G,1,X1267_splice (driver),X1267_splice (driver),no alteration,no alteration,no alteration
73,kirc_tcga_pan_can_atlas_2018,TCGA-B8-A54J-01,TCGA-B8-A54J,1,X47_splice (driver),X47_splice (driver),no alteration,no alteration,no alteration
74,kirc_tcga_pan_can_atlas_2018,TCGA-BP-4161-01,TCGA-BP-4161,1,"*1583Nfs*64 (driver), X128_splice (driver)","*1583Nfs*64 (driver), X128_splice (driver)",no alteration,no alteration,no alteration
75,kirc_tcga_pan_can_atlas_2018,TCGA-BP-4164-01,TCGA-BP-4164,1,Q1463* (driver),Q1463* (driver),no alteration,no alteration,no alteration
76,kirc_tcga_pan_can_atlas_2018,TCGA-BP-4337-01,TCGA-BP-4337,1,HOMDEL (driver),not profiled,HOMDEL (driver),HOMDEL (driver),not profiled
77,kirc_tcga_pan_can_atlas_2018,TCGA-BP-4801-01,TCGA-BP-4801,1,X176_splice (driver),X176_splice (driver),no alteration,no alteration,no alteration
78,kirc_tcga_pan_can_atlas_2018,TCGA-BP-4960-01,TCGA-BP-4960,1,K638Nfs*4 (driver),K638Nfs*4 (driver),no alteration,no alteration,no alteration
79,kirc_tcga_pan_can_atlas_2018,TCGA-BP-4964-01,TCGA-BP-4964,1,N601K,N601K,no alteration,no alteration,no alteration
80,kirc_tcga_pan_can_atlas_2018,TCGA-BP-4973-01,TCGA-BP-4973,1,I709T,I709T,no alteration,no alteration,no alteration
81,kirc_tcga_pan_can_atlas_2018,TCGA-BP-4975-01,TCGA-BP-4975,1,S995* (driver),S995* (driver),no alteration,no alteration,no alteration
82,kirc_tcga_pan_can_atlas_2018,TCGA-BP-4981-01,TCGA-BP-4981,1,Q481Rfs*19 (driver),Q481Rfs*19 (driver),no alteration,no alteration,no alteration
83,kirc_tcga_pan_can_atlas_2018,TCGA-BP-4982-01,TCGA-BP-4982,1,K96* (driver),K96* (driver),no alteration,no alteration,no alteration
84,kirc_tcga_pan_can_atlas_2018,TCGA-BP-4985-01,TCGA-BP-4985,1,E981* (driver),E981* (driver),no alteration,no alteration,no alteration
85,kirc_tcga_pan_can_atlas_2018,TCGA-BP-4987-01,TCGA-BP-4987,1,R58* (driver),R58* (driver),no alteration,no alteration,no alteration
86,kirc_tcga_pan_can_atlas_2018,TCGA-BP-4989-01,TCGA-BP-4989,1,E1178Afs*2 (driver),E1178Afs*2 (driver),no alteration,no alteration,no alteration
87,kirc_tcga_pan_can_atlas_2018,TCGA-BP-4993-01,TCGA-BP-4993,1,R850* (driver),R850* (driver),no alteration,no alteration,no alteration
88,kirc_tcga_pan_can_atlas_2018,TCGA-BP-5168-01,TCGA-BP-5168,1,K930Rfs*78 (driver),K930Rfs*78 (driver),no alteration,no alteration,no alteration
89,kirc_tcga_pan_can_atlas_2018,TCGA-BP-5169-01,TCGA-BP-5169,1,Y1376* (driver),Y1376* (driver),no alteration,no alteration,no alteration
90,kirc_tcga_pan_can_atlas_2018,TCGA-BP-5170-01,TCGA-BP-5170,1,Q422* (driver),Q422* (driver),no alteration,no alteration,no alteration
91,kirc_tcga_pan_can_atlas_2018,TCGA-BP-5176-01,TCGA-BP-5176,1,K283Rfs*3 (driver),K283Rfs*3 (driver),no alteration,no alteration,no alteration
92,kirc_tcga_pan_can_atlas_2018,TCGA-BP-5180-01,TCGA-BP-5180,1,Q869* (driver),Q869* (driver),no alteration,no alteration,no alteration
93,kirc_tcga_pan_can_atlas_2018,TCGA-BP-5183-01,TCGA-BP-5183,1,E572* (driver),E572* (driver),no alteration,no alteration,no alteration
94,kirc_tcga_pan_can_atlas_2018,TCGA-BP-5184-01,TCGA-BP-5184,1,G1136Afs*57 (driver),G1136Afs*57 (driver),no alteration,no alteration,no alteration
95,kirc_tcga_pan_can_atlas_2018,TCGA-BP-5185-01,TCGA-BP-5185,1,F1487Lfs*2 (driver),F1487Lfs*2 (driver),no alteration,no alteration,no alteration
96,kirc_tcga_pan_can_atlas_2018,TCGA-BP-5186-01,TCGA-BP-5186,1,T1177K,T1177K,no alteration,no alteration,no alteration
97,kirc_tcga_pan_can_atlas_2018,TCGA-BP-5187-01,TCGA-BP-5187,1,R710* (driver),R710* (driver),no alteration,no alteration,no alteration
98,kirc_tcga_pan_can_atlas_2018,TCGA-BP-5189-01,TCGA-BP-5189,1,T1363Qfs*17 (driver),T1363Qfs*17 (driver),no alteration,no alteration,no alteration
99,kirc_tcga_pan_can_atlas_2018,TCGA-BP-5190-01,TCGA-BP-5190,1,Y600Ifs*42 (driver),Y600Ifs*42 (driver),no alteration,no alteration,no alteration
100,kirc_tcga_pan_can_atlas_2018,TCGA-BP-5191-01,TCGA-BP-5191,1,HOMDEL (driver),no alteration,HOMDEL (driver),HOMDEL (driver),no alteration
101,kirc_tcga_pan_can_atlas_2018,TCGA-BP-5194-01,TCGA-BP-5194,1,D115Sfs*57 (driver),D115Sfs*57 (driver),no alteration,no alteration,no alteration
102,kirc_tcga_pan_can_atlas_2018,TCGA-BP-5195-01,TCGA-BP-5195,1,Q170* (driver),Q170* (driver),no alteration,no alteration,no alteration
103,kirc_tcga_pan_can_atlas_2018,TCGA-BP-5198-01,TCGA-BP-5198,1,I977Rfs*4 (driver),I977Rfs*4 (driver),no alteration,no alteration,no alteration
104,kirc_tcga_pan_can_atlas_2018,TCGA-BP-5200-01,TCGA-BP-5200,1,Y718C,Y718C,no alteration,no alteration,no alteration
105,kirc_tcga_pan_can_atlas_2018,TCGA-CJ-4634-01,TCGA-CJ-4634,1,N528I,N528I,no alteration,no alteration,no alteration
106,kirc_tcga_pan_can_atlas_2018,TCGA-CJ-4639-01,TCGA-CJ-4639,1,HOMDEL (driver),no alteration,HOMDEL (driver),HOMDEL (driver),no alteration
107,kirc_tcga_pan_can_atlas_2018,TCGA-CJ-4643-01,TCGA-CJ-4643,1,L112_T113insQ,L112_T113insQ,no alteration,no alteration,no alteration
108,kirc_tcga_pan_can_atlas_2018,TCGA-CJ-4644-01,TCGA-CJ-4644,1,X79_splice (driver),X79_splice (driver),no alteration,no alteration,no alteration
109,kirc_tcga_pan_can_atlas_2018,TCGA-CJ-4897-01,TCGA-CJ-4897,1,HOMDEL (driver),not profiled,HOMDEL (driver),HOMDEL (driver),not profiled
110,kirc_tcga_pan_can_atlas_2018,TCGA-CJ-4901-01,TCGA-CJ-4901,1,HOMDEL (driver),no alteration,HOMDEL (driver),HOMDEL (driver),no alteration
111,kirc_tcga_pan_can_atlas_2018,TCGA-CJ-4903-01,TCGA-CJ-4903,1,E846* (driver),E846* (driver),no alteration,no alteration,no alteration
112,kirc_tcga_pan_can_atlas_2018,TCGA-CJ-4905-01,TCGA-CJ-4905,1,S39Ffs*4 (driver),S39Ffs*4 (driver),no alteration,no alteration,no alteration
113,kirc_tcga_pan_can_atlas_2018,TCGA-CJ-4908-01,TCGA-CJ-4908,1,K485* (driver),K485* (driver),no alteration,no alteration,no alteration
114,kirc_tcga_pan_can_atlas_2018,TCGA-CJ-4913-01,TCGA-CJ-4913,1,"E1189Rfs*6 (driver), E991* (driver)","E1189Rfs*6 (driver), E991* (driver)",no alteration,no alteration,no alteration
115,kirc_tcga_pan_can_atlas_2018,TCGA-CJ-4916-01,TCGA-CJ-4916,1,N1101Gfs*15 (driver),N1101Gfs*15 (driver),no alteration,no alteration,no alteration
116,kirc_tcga_pan_can_atlas_2018,TCGA-CJ-4920-01,TCGA-CJ-4920,1,A581Efs*19 (driver),A581Efs*19 (driver),no alteration,no alteration,no alteration
117,kirc_tcga_pan_can_atlas_2018,TCGA-CJ-4923-01,TCGA-CJ-4923,1,R1563P,R1563P,no alteration,no alteration,no alteration
118,kirc_tcga_pan_can_atlas_2018,TCGA-CJ-5671-01,TCGA-CJ-5671,1,N122Kfs*47 (driver),N122Kfs*47 (driver),no alteration,no alteration,no alteration
119,kirc_tcga_pan_can_atlas_2018,TCGA-CJ-5675-01,TCGA-CJ-5675,1,S1500Qfs*5 (driver),S1500Qfs*5 (driver),no alteration,no alteration,no alteration
120,kirc_tcga_pan_can_atlas_2018,TCGA-CJ-5676-01,TCGA-CJ-5676,1,Q1273* (driver),Q1273* (driver),no alteration,no alteration,no alteration
121,kirc_tcga_pan_can_atlas_2018,TCGA-CJ-5678-01,TCGA-CJ-5678,1,A1079Gfs*3 (driver),A1079Gfs*3 (driver),no alteration,no alteration,no alteration
122,kirc_tcga_pan_can_atlas_2018,TCGA-CJ-5679-01,TCGA-CJ-5679,1,L1457Wfs*32 (driver),L1457Wfs*32 (driver),no alteration,no alteration,no alteration
123,kirc_tcga_pan_can_atlas_2018,TCGA-CJ-5681-01,TCGA-CJ-5681,1,HOMDEL (driver),no alteration,HOMDEL (driver),HOMDEL (driver),no alteration
124,kirc_tcga_pan_can_atlas_2018,TCGA-CJ-5682-01,TCGA-CJ-5682,1,E1262D,E1262D,no alteration,no alteration,no alteration
125,kirc_tcga_pan_can_atlas_2018,TCGA-CJ-5683-01,TCGA-CJ-5683,1,E1580Kfs*67 (driver),E1580Kfs*67 (driver),no alteration,no alteration,no alteration
126,kirc_tcga_pan_can_atlas_2018,TCGA-CJ-5684-01,TCGA-CJ-5684,1,R1160* (driver),R1160* (driver),no alteration,no alteration,no alteration
127,kirc_tcga_pan_can_atlas_2018,TCGA-CJ-6027-01,TCGA-CJ-6027,1,L448Wfs*5 (driver),L448Wfs*5 (driver),no alteration,no alteration,no alteration
128,kirc_tcga_pan_can_atlas_2018,TCGA-CJ-6028-01,TCGA-CJ-6028,1,HOMDEL (driver),no alteration,HOMDEL (driver),HOMDEL (driver),no alteration
129,kirc_tcga_pan_can_atlas_2018,TCGA-CJ-6030-01,TCGA-CJ-6030,1,D142Gfs*9 (driver),D142Gfs*9 (driver),no alteration,no alteration,no alteration
130,kirc_tcga_pan_can_atlas_2018,TCGA-CJ-6033-01,TCGA-CJ-6033,1,X1153_splice (driver),X1153_splice (driver),no alteration,no alteration,no alteration
131,kirc_tcga_pan_can_atlas_2018,TCGA-CW-5580-01,TCGA-CW-5580,1,P1427Hfs*5 (driver),P1427Hfs*5 (driver),no alteration,no alteration,no alteration
132,kirc_tcga_pan_can_atlas_2018,TCGA-CW-5591-01,TCGA-CW-5591,1,HOMDEL (driver),no alteration,HOMDEL (driver),HOMDEL (driver),no alteration
133,kirc_tcga_pan_can_atlas_2018,TCGA-CW-6093-01,TCGA-CW-6093,1,X239_splice (driver),X239_splice (driver),no alteration,no alteration,no alteration
134,kirc_tcga_pan_can_atlas_2018,TCGA-CZ-4853-01,TCGA-CZ-4853,1,L618H,L618H,no alteration,no alteration,no alteration
135,kirc_tcga_pan_can_atlas_2018,TCGA-CZ-5451-01,TCGA-CZ-5451,1,N663Mfs*7 (driver),N663Mfs*7 (driver),no alteration,no alteration,no alteration
136,kirc_tcga_pan_can_atlas_2018,TCGA-CZ-5453-01,TCGA-CZ-5453,1,R332Vfs*30 (driver),R332Vfs*30 (driver),no alteration,no alteration,no alteration
137,kirc_tcga_pan_can_atlas_2018,TCGA-CZ-5454-01,TCGA-CZ-5454,1,E160* (driver),E160* (driver),no alteration,no alteration,no alteration
138,kirc_tcga_pan_can_atlas_2018,TCGA-CZ-5455-01,TCGA-CZ-5455,1,R921* (driver),R921* (driver),no alteration,no alteration,no alteration
139,kirc_tcga_pan_can_atlas_2018,TCGA-CZ-5456-01,TCGA-CZ-5456,1,Q1404Sfs*28 (driver),Q1404Sfs*28 (driver),no alteration,no alteration,no alteration
140,kirc_tcga_pan_can_atlas_2018,TCGA-CZ-5460-01,TCGA-CZ-5460,1,"Q1453Nfs*37 (driver), HOMDEL (driver)",Q1453Nfs*37 (driver),HOMDEL (driver),HOMDEL (driver),no alteration
141,kirc_tcga_pan_can_atlas_2018,TCGA-CZ-5461-01,TCGA-CZ-5461,1,X47_splice (driver),X47_splice (driver),no alteration,no alteration,no alteration
142,kirc_tcga_pan_can_atlas_2018,TCGA-CZ-5464-01,TCGA-CZ-5464,1,HOMDEL (driver),not profiled,HOMDEL (driver),HOMDEL (driver),not profiled
143,kirc_tcga_pan_can_atlas_2018,TCGA-CZ-5465-01,TCGA-CZ-5465,1,E160Kfs*14 (driver),E160Kfs*14 (driver),no alteration,no alteration,no alteration
144,kirc_tcga_pan_can_atlas_2018,TCGA-CZ-5466-01,TCGA-CZ-5466,1,S788* (driver),S788* (driver),no alteration,no alteration,no alteration
145,kirc_tcga_pan_can_atlas_2018,TCGA-CZ-5470-01,TCGA-CZ-5470,1,I1172Ffs*21 (driver),I1172Ffs*21 (driver),no alteration,no alteration,no alteration
146,kirc_tcga_pan_can_atlas_2018,TCGA-CZ-5982-01,TCGA-CZ-5982,1,Y1236* (driver),Y1236* (driver),no alteration,no alteration,no alteration
147,kirc_tcga_pan_can_atlas_2018,TCGA-CZ-5986-01,TCGA-CZ-5986,1,Q209Rfs*15 (driver),Q209Rfs*15 (driver),no alteration,no alteration,no alteration
148,kirc_tcga_pan_can_atlas_2018,TCGA-CZ-5987-01,TCGA-CZ-5987,1,V44Cfs*9 (driver),V44Cfs*9 (driver),no alteration,no alteration,no alteration
149,kirc_tcga_pan_can_atlas_2018,TCGA-CZ-5989-01,TCGA-CZ-5989,1,V1210Cfs*34 (driver),V1210Cfs*34 (driver),no alteration,no alteration,no alteration
150,kirc_tcga_pan_can_atlas_2018,TCGA-DV-5566-01,TCGA-DV-5566,1,Q188* (driver),Q188* (driver),no alteration,no alteration,no alteration
151,kirc_tcga_pan_can_atlas_2018,TCGA-EU-5904-01,TCGA-EU-5904,1,HOMDEL (driver),no alteration,HOMDEL (driver),HOMDEL (driver),no alteration
152,kirc_tcga_pan_can_atlas_2018,TCGA-EU-5907-01,TCGA-EU-5907,1,S502* (driver),S502* (driver),no alteration,no alteration,no alteration
153,kirc_tcga_pan_can_atlas_2018,TCGA-G6-A8L6-01,TCGA-G6-A8L6,1,Y409Tfs*29 (driver),Y409Tfs*29 (driver),no alteration,no alteration,no alteration
154,kirc_tcga_pan_can_atlas_2018,TCGA-G6-A8L7-01,TCGA-G6-A8L7,1,I1048Lfs*86 (driver),I1048Lfs*86 (driver),no alteration,no alteration,no alteration
155,kirc_tcga_pan_can_atlas_2018,TCGA-G6-A8L8-01,TCGA-G6-A8L8,1,Q719* (driver),Q719* (driver),no alteration,no alteration,no alteration
156,kirc_tcga_pan_can_atlas_2018,TCGA-GK-A6C7-01,TCGA-GK-A6C7,1,N574Y,N574Y,no alteration,no alteration,no alteration
157,kirc_tcga_pan_can_atlas_2018,TCGA-MM-A564-01,TCGA-MM-A564,1,Q869* (driver),Q869* (driver),no alteration,no alteration,no alteration
158,kirc_tcga_pan_can_atlas_2018,TCGA-3Z-A93Z-01,TCGA-3Z-A93Z,0,no alteration,no alteration,no alteration,no alteration,no alteration
159,kirc_tcga_pan_can_atlas_2018,TCGA-6D-AA2E-01,TCGA-6D-AA2E,0,no alteration,no alteration,no alteration,no alteration,no alteration
160,kirc_tcga_pan_can_atlas_2018,TCGA-A3-3306-01,TCGA-A3-3306,0,no alteration,no alteration,no alteration,no alteration,no alteration
161,kirc_tcga_pan_can_atlas_2018,TCGA-A3-3307-01,TCGA-A3-3307,0,no alteration,no alteration,no alteration,no alteration,no alteration
162,kirc_tcga_pan_can_atlas_2018,TCGA-A3-3308-01,TCGA-A3-3308,0,no alteration,no alteration,no alteration,no alteration,no alteration
163,kirc_tcga_pan_can_atlas_2018,TCGA-A3-3313-01,TCGA-A3-3313,0,no alteration,no alteration,no alteration,no alteration,no alteration
164,kirc_tcga_pan_can_atlas_2018,TCGA-A3-3317-01,TCGA-A3-3317,0,no alteration,no alteration,no alteration,no alteration,no alteration
165,kirc_tcga_pan_can_atlas_2018,TCGA-A3-3319-01,TCGA-A3-3319,0,no alteration,no alteration,no alteration,no alteration,no alteration
166,kirc_tcga_pan_can_atlas_2018,TCGA-A3-3324-01,TCGA-A3-3324,0,no alteration,not profiled,no alteration,no alteration,not profiled
167,kirc_tcga_pan_can_atlas_2018,TCGA-A3-3325-01,TCGA-A3-3325,0,no alteration,no alteration,no alteration,no alteration,no alteration
168,kirc_tcga_pan_can_atlas_2018,TCGA-A3-3335-01,TCGA-A3-3335,0,no alteration,no alteration,no alteration,no alteration,no alteration
169,kirc_tcga_pan_can_atlas_2018,TCGA-A3-3343-01,TCGA-A3-3343,0,no alteration,not profiled,no alteration,no alteration,not profiled
170,kirc_tcga_pan_can_atlas_2018,TCGA-A3-3349-01,TCGA-A3-3349,0,no alteration,no alteration,no alteration,no alteration,no alteration
171,kirc_tcga_pan_can_atlas_2018,TCGA-A3-3351-01,TCGA-A3-3351,0,no alteration,not profiled,no alteration,no alteration,not profiled
172,kirc_tcga_pan_can_atlas_2018,TCGA-A3-3352-01,TCGA-A3-3352,0,no alteration,not profiled,no alteration,no alteration,not profiled
173,kirc_tcga_pan_can_atlas_2018,TCGA-A3-3357-01,TCGA-A3-3357,0,no alteration,no alteration,no alteration,no alteration,no alteration
174,kirc_tcga_pan_can_atlas_2018,TCGA-A3-3358-01,TCGA-A3-3358,0,no alteration,no alteration,no alteration,no alteration,no alteration
175,kirc_tcga_pan_can_atlas_2018,TCGA-A3-3359-01,TCGA-A3-3359,0,no alteration,not profiled,no alteration,no alteration,not profiled
176,kirc_tcga_pan_can_atlas_2018,TCGA-A3-3363-01,TCGA-A3-3363,0,no alteration,no alteration,no alteration,no alteration,no alteration
177,kirc_tcga_pan_can_atlas_2018,TCGA-A3-3370-01,TCGA-A3-3370,0,no alteration,no alteration,no alteration,no alteration,no alteration
178,kirc_tcga_pan_can_atlas_2018,TCGA-A3-3372-01,TCGA-A3-3372,0,no alteration,not profiled,no alteration,no alteration,not profiled
179,kirc_tcga_pan_can_atlas_2018,TCGA-A3-3374-01,TCGA-A3-3374,0,no alteration,no alteration,no alteration,no alteration,no alteration
180,kirc_tcga_pan_can_atlas_2018,TCGA-A3-3376-01,TCGA-A3-3376,0,no alteration,no alteration,no alteration,no alteration,no alteration
181,kirc_tcga_pan_can_atlas_2018,TCGA-A3-3380-01,TCGA-A3-3380,0,no alteration,no alteration,no alteration,no alteration,no alteration
182,kirc_tcga_pan_can_atlas_2018,TCGA-A3-3385-01,TCGA-A3-3385,0,no alteration,no alteration,no alteration,no alteration,no alteration
183,kirc_tcga_pan_can_atlas_2018,TCGA-A3-A6NI-01,TCGA-A3-A6NI,0,no alteration,no alteration,no alteration,no alteration,no alteration
184,kirc_tcga_pan_can_atlas_2018,TCGA-A3-A6NL-01,TCGA-A3-A6NL,0,no alteration,no alteration,no alteration,no alteration,no alteration
185,kirc_tcga_pan_can_atlas_2018,TCGA-A3-A8CQ-01,TCGA-A3-A8CQ,0,no alteration,no alteration,no alteration,no alteration,no alteration
186,kirc_tcga_pan_can_atlas_2018,TCGA-A3-A8OW-01,TCGA-A3-A8OW,0,no alteration,no alteration,no alteration,no alteration,no alteration
187,kirc_tcga_pan_can_atlas_2018,TCGA-A3-A8OX-01,TCGA-A3-A8OX,0,no alteration,no alteration,no alteration,no alteration,no alteration
188,kirc_tcga_pan_can_atlas_2018,TCGA-AK-3426-01,TCGA-AK-3426,0,no alteration,no alteration,no alteration,no alteration,no alteration
189,kirc_tcga_pan_can_atlas_2018,TCGA-AK-3427-01,TCGA-AK-3427,0,no alteration,no alteration,no alteration,no alteration,no alteration
190,kirc_tcga_pan_can_atlas_2018,TCGA-AK-3428-01,TCGA-AK-3428,0,no alteration,no alteration,no alteration,no alteration,no alteration
191,kirc_tcga_pan_can_atlas_2018,TCGA-AK-3429-01,TCGA-AK-3429,0,no alteration,no alteration,no alteration,no alteration,no alteration
192,kirc_tcga_pan_can_atlas_2018,TCGA-AK-3431-01,TCGA-AK-3431,0,no alteration,not profiled,no alteration,no alteration,not profiled
193,kirc_tcga_pan_can_atlas_2018,TCGA-AK-3433-01,TCGA-AK-3433,0,no alteration,not profiled,no alteration,no alteration,not profiled
194,kirc_tcga_pan_can_atlas_2018,TCGA-AK-3434-01,TCGA-AK-3434,0,no alteration,not profiled,no alteration,no alteration,not profiled
195,kirc_tcga_pan_can_atlas_2018,TCGA-AK-3436-01,TCGA-AK-3436,0,no alteration,no alteration,no alteration,no alteration,no alteration
196,kirc_tcga_pan_can_atlas_2018,TCGA-AK-3440-01,TCGA-AK-3440,0,no alteration,no alteration,no alteration,no alteration,no alteration
197,kirc_tcga_pan_can_atlas_2018,TCGA-AK-3443-01,TCGA-AK-3443,0,no alteration,no alteration,no alteration,no alteration,no alteration
198,kirc_tcga_pan_can_atlas_2018,TCGA-AK-3444-01,TCGA-AK-3444,0,no alteration,no alteration,no alteration,no alteration,no alteration
199,kirc_tcga_pan_can_atlas_2018,TCGA-AK-3445-01,TCGA-AK-3445,0,no alteration,no alteration,no alteration,no alteration,no alteration
200,kirc_tcga_pan_can_atlas_2018,TCGA-AK-3447-01,TCGA-AK-3447,0,no alteration,not profiled,no alteration,no alteration,not profiled
201,kirc_tcga_pan_can_atlas_2018,TCGA-AK-3450-01,TCGA-AK-3450,0,no alteration,not profiled,no alteration,no alteration,not profiled
202,kirc_tcga_pan_can_atlas_2018,TCGA-AK-3451-01,TCGA-AK-3451,0,no alteration,no alteration,no alteration,no alteration,no alteration
203,kirc_tcga_pan_can_atlas_2018,TCGA-AK-3453-01,TCGA-AK-3453,0,no alteration,no alteration,no alteration,no alteration,no alteration
204,kirc_tcga_pan_can_atlas_2018,TCGA-AK-3454-01,TCGA-AK-3454,0,no alteration,not profiled,no alteration,no alteration,not profiled
205,kirc_tcga_pan_can_atlas_2018,TCGA-AK-3456-01,TCGA-AK-3456,0,no alteration,no alteration,no alteration,no alteration,no alteration
206,kirc_tcga_pan_can_atlas_2018,TCGA-AK-3460-01,TCGA-AK-3460,0,no alteration,not profiled,no alteration,no alteration,not profiled
207,kirc_tcga_pan_can_atlas_2018,TCGA-AK-3461-01,TCGA-AK-3461,0,no alteration,not profiled,no alteration,no alteration,not profiled
208,kirc_tcga_pan_can_atlas_2018,TCGA-AK-3465-01,TCGA-AK-3465,0,no alteration,no alteration,no alteration,no alteration,no alteration
209,kirc_tcga_pan_can_atlas_2018,TCGA-AS-3777-01,TCGA-AS-3777,0,no alteration,no alteration,no alteration,no alteration,no alteration
210,kirc_tcga_pan_can_atlas_2018,TCGA-AS-3778-01,TCGA-AS-3778,0,no alteration,no alteration,no alteration,no alteration,no alteration
211,kirc_tcga_pan_can_atlas_2018,TCGA-B0-4688-01,TCGA-B0-4688,0,no alteration,no alteration,no alteration,no alteration,no alteration
212,kirc_tcga_pan_can_atlas_2018,TCGA-B0-4690-01,TCGA-B0-4690,0,no alteration,no alteration,no alteration,no alteration,no alteration
213,kirc_tcga_pan_can_atlas_2018,TCGA-B0-4691-01,TCGA-B0-4691,0,no alteration,no alteration,no alteration,no alteration,no alteration
214,kirc_tcga_pan_can_atlas_2018,TCGA-B0-4693-01,TCGA-B0-4693,0,no alteration,not profiled,no alteration,no alteration,not profiled
215,kirc_tcga_pan_can_atlas_2018,TCGA-B0-4694-01,TCGA-B0-4694,0,no alteration,not profiled,no alteration,no alteration,not profiled
216,kirc_tcga_pan_can_atlas_2018,TCGA-B0-4696-01,TCGA-B0-4696,0,no alteration,no alteration,no alteration,no alteration,no alteration
217,kirc_tcga_pan_can_atlas_2018,TCGA-B0-4698-01,TCGA-B0-4698,0,no alteration,no alteration,no alteration,no alteration,no alteration
218,kirc_tcga_pan_can_atlas_2018,TCGA-B0-4699-01,TCGA-B0-4699,0,no alteration,no alteration,no alteration,no alteration,no alteration
219,kirc_tcga_pan_can_atlas_2018,TCGA-B0-4700-01,TCGA-B0-4700,0,no alteration,no alteration,no alteration,no alteration,no alteration
220,kirc_tcga_pan_can_atlas_2018,TCGA-B0-4701-01,TCGA-B0-4701,0,no alteration,no alteration,no alteration,no alteration,no alteration
221,kirc_tcga_pan_can_atlas_2018,TCGA-B0-4703-01,TCGA-B0-4703,0,no alteration,not profiled,no alteration,no alteration,not profiled
222,kirc_tcga_pan_can_atlas_2018,TCGA-B0-4707-01,TCGA-B0-4707,0,no alteration,not profiled,no alteration,no alteration,not profiled
223,kirc_tcga_pan_can_atlas_2018,TCGA-B0-4710-01,TCGA-B0-4710,0,no alteration,no alteration,no alteration,no alteration,no alteration
224,kirc_tcga_pan_can_atlas_2018,TCGA-B0-4713-01,TCGA-B0-4713,0,no alteration,not profiled,no alteration,no alteration,not profiled
225,kirc_tcga_pan_can_atlas_2018,TCGA-B0-4714-01,TCGA-B0-4714,0,no alteration,no alteration,no alteration,no alteration,no alteration
226,kirc_tcga_pan_can_atlas_2018,TCGA-B0-4718-01,TCGA-B0-4718,0,no alteration,not profiled,no alteration,no alteration,not profiled
227,kirc_tcga_pan_can_atlas_2018,TCGA-B0-4810-01,TCGA-B0-4810,0,no alteration,no alteration,no alteration,no alteration,no alteration
228,kirc_tcga_pan_can_atlas_2018,TCGA-B0-4813-01,TCGA-B0-4813,0,no alteration,not profiled,no alteration,no alteration,not profiled
229,kirc_tcga_pan_can_atlas_2018,TCGA-B0-4814-01,TCGA-B0-4814,0,no alteration,not profiled,no alteration,no alteration,not profiled
230,kirc_tcga_pan_can_atlas_2018,TCGA-B0-4817-01,TCGA-B0-4817,0,no alteration,not profiled,no alteration,no alteration,not profiled
231,kirc_tcga_pan_can_atlas_2018,TCGA-B0-4819-01,TCGA-B0-4819,0,no alteration,no alteration,no alteration,no alteration,no alteration
232,kirc_tcga_pan_can_atlas_2018,TCGA-B0-4821-01,TCGA-B0-4821,0,no alteration,no alteration,no alteration,no alteration,no alteration
233,kirc_tcga_pan_can_atlas_2018,TCGA-B0-4822-01,TCGA-B0-4822,0,no alteration,no alteration,no alteration,no alteration,no alteration
234,kirc_tcga_pan_can_atlas_2018,TCGA-B0-4823-01,TCGA-B0-4823,0,no alteration,no alteration,no alteration,no alteration,no alteration
235,kirc_tcga_pan_can_atlas_2018,TCGA-B0-4824-01,TCGA-B0-4824,0,no alteration,not profiled,no alteration,no alteration,not profiled
236,kirc_tcga_pan_can_atlas_2018,TCGA-B0-4827-01,TCGA-B0-4827,0,no alteration,no alteration,no alteration,no alteration,no alteration
237,kirc_tcga_pan_can_atlas_2018,TCGA-B0-4828-01,TCGA-B0-4828,0,no alteration,not profiled,no alteration,no alteration,not profiled
238,kirc_tcga_pan_can_atlas_2018,TCGA-B0-4833-01,TCGA-B0-4833,0,no alteration,not profiled,no alteration,no alteration,not profiled
239,kirc_tcga_pan_can_atlas_2018,TCGA-B0-4834-01,TCGA-B0-4834,0,no alteration,not profiled,no alteration,no alteration,not profiled
240,kirc_tcga_pan_can_atlas_2018,TCGA-B0-4836-01,TCGA-B0-4836,0,no alteration,no alteration,no alteration,no alteration,no alteration
241,kirc_tcga_pan_can_atlas_2018,TCGA-B0-4837-01,TCGA-B0-4837,0,no alteration,not profiled,no alteration,no alteration,not profiled
242,kirc_tcga_pan_can_atlas_2018,TCGA-B0-4838-01,TCGA-B0-4838,0,no alteration,not profiled,no alteration,no alteration,not profiled
243,kirc_tcga_pan_can_atlas_2018,TCGA-B0-4839-01,TCGA-B0-4839,0,no alteration,not profiled,no alteration,no alteration,not profiled
244,kirc_tcga_pan_can_atlas_2018,TCGA-B0-4841-01,TCGA-B0-4841,0,no alteration,not profiled,no alteration,no alteration,not profiled
245,kirc_tcga_pan_can_atlas_2018,TCGA-B0-4843-01,TCGA-B0-4843,0,no alteration,not profiled,no alteration,no alteration,not profiled
246,kirc_tcga_pan_can_atlas_2018,TCGA-B0-4844-01,TCGA-B0-4844,0,no alteration,no alteration,no alteration,no alteration,no alteration
247,kirc_tcga_pan_can_atlas_2018,TCGA-B0-4845-01,TCGA-B0-4845,0,no alteration,not profiled,no alteration,no alteration,not profiled
248,kirc_tcga_pan_can_atlas_2018,TCGA-B0-4846-01,TCGA-B0-4846,0,no alteration,not profiled,no alteration,no alteration,not profiled
249,kirc_tcga_pan_can_atlas_2018,TCGA-B0-4847-01,TCGA-B0-4847,0,no alteration,not profiled,no alteration,no alteration,not profiled
250,kirc_tcga_pan_can_atlas_2018,TCGA-B0-4848-01,TCGA-B0-4848,0,no alteration,not profiled,no alteration,no alteration,not profiled
251,kirc_tcga_pan_can_atlas_2018,TCGA-B0-4849-01,TCGA-B0-4849,0,no alteration,no alteration,no alteration,no alteration,no alteration
252,kirc_tcga_pan_can_atlas_2018,TCGA-B0-4945-01,TCGA-B0-4945,0,no alteration,no alteration,no alteration,no alteration,no alteration
253,kirc_tcga_pan_can_atlas_2018,TCGA-B0-5075-01,TCGA-B0-5075,0,no alteration,no alteration,no alteration,no alteration,no alteration
254,kirc_tcga_pan_can_atlas_2018,TCGA-B0-5077-01,TCGA-B0-5077,0,no alteration,no alteration,no alteration,no alteration,no alteration
255,kirc_tcga_pan_can_atlas_2018,TCGA-B0-5080-01,TCGA-B0-5080,0,no alteration,no alteration,no alteration,no alteration,no alteration
256,kirc_tcga_pan_can_atlas_2018,TCGA-B0-5083-01,TCGA-B0-5083,0,no alteration,no alteration,not profiled,not profiled,no alteration
257,kirc_tcga_pan_can_atlas_2018,TCGA-B0-5084-01,TCGA-B0-5084,0,no alteration,no alteration,no alteration,no alteration,no alteration
258,kirc_tcga_pan_can_atlas_2018,TCGA-B0-5088-01,TCGA-B0-5088,0,no alteration,no alteration,no alteration,no alteration,no alteration
259,kirc_tcga_pan_can_atlas_2018,TCGA-B0-5092-01,TCGA-B0-5092,0,no alteration,no alteration,no alteration,no alteration,no alteration
260,kirc_tcga_pan_can_atlas_2018,TCGA-B0-5095-01,TCGA-B0-5095,0,no alteration,no alteration,no alteration,no alteration,no alteration
261,kirc_tcga_pan_can_atlas_2018,TCGA-B0-5097-01,TCGA-B0-5097,0,no alteration,no alteration,no alteration,no alteration,no alteration
262,kirc_tcga_pan_can_atlas_2018,TCGA-B0-5098-01,TCGA-B0-5098,0,no alteration,no alteration,no alteration,no alteration,no alteration
263,kirc_tcga_pan_can_atlas_2018,TCGA-B0-5099-01,TCGA-B0-5099,0,no alteration,no alteration,no alteration,no alteration,no alteration
264,kirc_tcga_pan_can_atlas_2018,TCGA-B0-5100-01,TCGA-B0-5100,0,no alteration,no alteration,no alteration,no alteration,no alteration
265,kirc_tcga_pan_can_atlas_2018,TCGA-B0-5102-01,TCGA-B0-5102,0,no alteration,no alteration,no alteration,no alteration,no alteration
266,kirc_tcga_pan_can_atlas_2018,TCGA-B0-5106-01,TCGA-B0-5106,0,no alteration,no alteration,no alteration,no alteration,no alteration
267,kirc_tcga_pan_can_atlas_2018,TCGA-B0-5108-01,TCGA-B0-5108,0,no alteration,no alteration,no alteration,no alteration,no alteration
268,kirc_tcga_pan_can_atlas_2018,TCGA-B0-5109-01,TCGA-B0-5109,0,no alteration,no alteration,no alteration,no alteration,no alteration
269,kirc_tcga_pan_can_atlas_2018,TCGA-B0-5113-01,TCGA-B0-5113,0,no alteration,no alteration,no alteration,no alteration,no alteration
270,kirc_tcga_pan_can_atlas_2018,TCGA-B0-5117-01,TCGA-B0-5117,0,no alteration,no alteration,no alteration,no alteration,no alteration
271,kirc_tcga_pan_can_atlas_2018,TCGA-B0-5400-01,TCGA-B0-5400,0,no alteration,no alteration,no alteration,no alteration,no alteration
272,kirc_tcga_pan_can_atlas_2018,TCGA-B0-5402-01,TCGA-B0-5402,0,no alteration,no alteration,no alteration,no alteration,no alteration
273,kirc_tcga_pan_can_atlas_2018,TCGA-B0-5691-01,TCGA-B0-5691,0,no alteration,no alteration,no alteration,no alteration,no alteration
274,kirc_tcga_pan_can_atlas_2018,TCGA-B0-5692-01,TCGA-B0-5692,0,no alteration,no alteration,no alteration,no alteration,no alteration
275,kirc_tcga_pan_can_atlas_2018,TCGA-B0-5697-01,TCGA-B0-5697,0,no alteration,no alteration,no alteration,no alteration,no alteration
276,kirc_tcga_pan_can_atlas_2018,TCGA-B0-5701-01,TCGA-B0-5701,0,no alteration,no alteration,no alteration,no alteration,no alteration
277,kirc_tcga_pan_can_atlas_2018,TCGA-B0-5702-01,TCGA-B0-5702,0,no alteration,no alteration,no alteration,no alteration,no alteration
278,kirc_tcga_pan_can_atlas_2018,TCGA-B0-5703-01,TCGA-B0-5703,0,no alteration,no alteration,no alteration,no alteration,no alteration
279,kirc_tcga_pan_can_atlas_2018,TCGA-B0-5706-01,TCGA-B0-5706,0,no alteration,no alteration,no alteration,no alteration,no alteration
280,kirc_tcga_pan_can_atlas_2018,TCGA-B0-5707-01,TCGA-B0-5707,0,no alteration,no alteration,not profiled,not profiled,no alteration
281,kirc_tcga_pan_can_atlas_2018,TCGA-B0-5709-01,TCGA-B0-5709,0,no alteration,no alteration,no alteration,no alteration,no alteration
282,kirc_tcga_pan_can_atlas_2018,TCGA-B2-3923-01,TCGA-B2-3923,0,no alteration,no alteration,no alteration,no alteration,no alteration
283,kirc_tcga_pan_can_atlas_2018,TCGA-B2-3924-01,TCGA-B2-3924,0,no alteration,no alteration,no alteration,no alteration,no alteration
284,kirc_tcga_pan_can_atlas_2018,TCGA-B2-4098-01,TCGA-B2-4098,0,no alteration,no alteration,no alteration,no alteration,no alteration
285,kirc_tcga_pan_can_atlas_2018,TCGA-B2-4102-01,TCGA-B2-4102,0,no alteration,no alteration,no alteration,no alteration,no alteration
286,kirc_tcga_pan_can_atlas_2018,TCGA-B2-5633-01,TCGA-B2-5633,0,no alteration,no alteration,no alteration,no alteration,no alteration
287,kirc_tcga_pan_can_atlas_2018,TCGA-B2-5635-01,TCGA-B2-5635,0,no alteration,no alteration,no alteration,no alteration,no alteration
288,kirc_tcga_pan_can_atlas_2018,TCGA-B2-5641-01,TCGA-B2-5641,0,no alteration,no alteration,no alteration,no alteration,no alteration
289,kirc_tcga_pan_can_atlas_2018,TCGA-B2-A4SR-01,TCGA-B2-A4SR,0,no alteration,no alteration,no alteration,no alteration,no alteration
290,kirc_tcga_pan_can_atlas_2018,TCGA-B4-5378-01,TCGA-B4-5378,0,no alteration,not profiled,no alteration,no alteration,not profiled
291,kirc_tcga_pan_can_atlas_2018,TCGA-B4-5834-01,TCGA-B4-5834,0,no alteration,no alteration,no alteration,no alteration,no alteration
292,kirc_tcga_pan_can_atlas_2018,TCGA-B4-5835-01,TCGA-B4-5835,0,no alteration,no alteration,no alteration,no alteration,no alteration
293,kirc_tcga_pan_can_atlas_2018,TCGA-B4-5838-01,TCGA-B4-5838,0,no alteration,no alteration,no alteration,no alteration,no alteration
294,kirc_tcga_pan_can_atlas_2018,TCGA-B4-5843-01,TCGA-B4-5843,0,no alteration,no alteration,no alteration,no alteration,no alteration
295,kirc_tcga_pan_can_atlas_2018,TCGA-B8-4143-01,TCGA-B8-4143,0,no alteration,no alteration,no alteration,no alteration,no alteration
296,kirc_tcga_pan_can_atlas_2018,TCGA-B8-4146-01,TCGA-B8-4146,0,no alteration,no alteration,no alteration,no alteration,no alteration
297,kirc_tcga_pan_can_atlas_2018,TCGA-B8-4619-01,TCGA-B8-4619,0,no alteration,no alteration,no alteration,no alteration,no alteration
298,kirc_tcga_pan_can_atlas_2018,TCGA-B8-4621-01,TCGA-B8-4621,0,no alteration,no alteration,no alteration,no alteration,no alteration
299,kirc_tcga_pan_can_atlas_2018,TCGA-B8-4622-01,TCGA-B8-4622,0,no alteration,not profiled,no alteration,no alteration,not profiled
300,kirc_tcga_pan_can_atlas_2018,TCGA-B8-5159-01,TCGA-B8-5159,0,no alteration,no alteration,no alteration,no alteration,no alteration
301,kirc_tcga_pan_can_atlas_2018,TCGA-B8-5162-01,TCGA-B8-5162,0,no alteration,no alteration,no alteration,no alteration,no alteration
302,kirc_tcga_pan_can_atlas_2018,TCGA-B8-5163-01,TCGA-B8-5163,0,no alteration,no alteration,no alteration,no alteration,no alteration
303,kirc_tcga_pan_can_atlas_2018,TCGA-B8-5164-01,TCGA-B8-5164,0,no alteration,no alteration,no alteration,no alteration,no alteration
304,kirc_tcga_pan_can_atlas_2018,TCGA-B8-5165-01,TCGA-B8-5165,0,no alteration,no alteration,no alteration,no alteration,no alteration
305,kirc_tcga_pan_can_atlas_2018,TCGA-B8-5545-01,TCGA-B8-5545,0,no alteration,no alteration,no alteration,no alteration,no alteration
306,kirc_tcga_pan_can_atlas_2018,TCGA-B8-5546-01,TCGA-B8-5546,0,no alteration,no alteration,no alteration,no alteration,no alteration
307,kirc_tcga_pan_can_atlas_2018,TCGA-B8-5549-01,TCGA-B8-5549,0,no alteration,no alteration,no alteration,no alteration,no alteration
308,kirc_tcga_pan_can_atlas_2018,TCGA-B8-5550-01,TCGA-B8-5550,0,no alteration,no alteration,no alteration,no alteration,no alteration
309,kirc_tcga_pan_can_atlas_2018,TCGA-B8-5551-01,TCGA-B8-5551,0,no alteration,no alteration,no alteration,no alteration,no alteration
310,kirc_tcga_pan_can_atlas_2018,TCGA-B8-5552-01,TCGA-B8-5552,0,no alteration,no alteration,no alteration,no alteration,no alteration
311,kirc_tcga_pan_can_atlas_2018,TCGA-B8-5553-01,TCGA-B8-5553,0,no alteration,no alteration,no alteration,no alteration,no alteration
312,kirc_tcga_pan_can_atlas_2018,TCGA-B8-A54D-01,TCGA-B8-A54D,0,no alteration,no alteration,no alteration,no alteration,no alteration
313,kirc_tcga_pan_can_atlas_2018,TCGA-B8-A54E-01,TCGA-B8-A54E,0,no alteration,no alteration,no alteration,no alteration,no alteration
314,kirc_tcga_pan_can_atlas_2018,TCGA-B8-A54F-01,TCGA-B8-A54F,0,no alteration,no alteration,no alteration,no alteration,no alteration
315,kirc_tcga_pan_can_atlas_2018,TCGA-B8-A54H-01,TCGA-B8-A54H,0,no alteration,no alteration,no alteration,no alteration,no alteration
316,kirc_tcga_pan_can_atlas_2018,TCGA-B8-A54I-01,TCGA-B8-A54I,0,no alteration,no alteration,no alteration,no alteration,no alteration
317,kirc_tcga_pan_can_atlas_2018,TCGA-B8-A7U6-01,TCGA-B8-A7U6,0,no alteration,no alteration,no alteration,no alteration,no alteration
318,kirc_tcga_pan_can_atlas_2018,TCGA-B8-A8YJ-01,TCGA-B8-A8YJ,0,no alteration,no alteration,no alteration,no alteration,no alteration
319,kirc_tcga_pan_can_atlas_2018,TCGA-BP-4158-01,TCGA-BP-4158,0,no alteration,not profiled,no alteration,no alteration,not profiled
320,kirc_tcga_pan_can_atlas_2018,TCGA-BP-4159-01,TCGA-BP-4159,0,no alteration,not profiled,no alteration,no alteration,not profiled
321,kirc_tcga_pan_can_atlas_2018,TCGA-BP-4160-01,TCGA-BP-4160,0,no alteration,not profiled,no alteration,no alteration,not profiled
322,kirc_tcga_pan_can_atlas_2018,TCGA-BP-4162-01,TCGA-BP-4162,0,no alteration,no alteration,no alteration,no alteration,no alteration
323,kirc_tcga_pan_can_atlas_2018,TCGA-BP-4163-01,TCGA-BP-4163,0,no alteration,no alteration,no alteration,no alteration,no alteration
324,kirc_tcga_pan_can_atlas_2018,TCGA-BP-4165-01,TCGA-BP-4165,0,no alteration,not profiled,no alteration,no alteration,not profiled
325,kirc_tcga_pan_can_atlas_2018,TCGA-BP-4166-01,TCGA-BP-4166,0,no alteration,not profiled,no alteration,no alteration,not profiled
326,kirc_tcga_pan_can_atlas_2018,TCGA-BP-4167-01,TCGA-BP-4167,0,no alteration,no alteration,no alteration,no alteration,no alteration
327,kirc_tcga_pan_can_atlas_2018,TCGA-BP-4169-01,TCGA-BP-4169,0,no alteration,not profiled,no alteration,no alteration,not profiled
328,kirc_tcga_pan_can_atlas_2018,TCGA-BP-4170-01,TCGA-BP-4170,0,no alteration,not profiled,no alteration,no alteration,not profiled
329,kirc_tcga_pan_can_atlas_2018,TCGA-BP-4173-01,TCGA-BP-4173,0,no alteration,no alteration,no alteration,no alteration,no alteration
330,kirc_tcga_pan_can_atlas_2018,TCGA-BP-4174-01,TCGA-BP-4174,0,no alteration,not profiled,no alteration,no alteration,not profiled
331,kirc_tcga_pan_can_atlas_2018,TCGA-BP-4176-01,TCGA-BP-4176,0,no alteration,not profiled,no alteration,no alteration,not profiled
332,kirc_tcga_pan_can_atlas_2018,TCGA-BP-4177-01,TCGA-BP-4177,0,no alteration,no alteration,no alteration,no alteration,no alteration
333,kirc_tcga_pan_can_atlas_2018,TCGA-BP-4325-01,TCGA-BP-4325,0,no alteration,not profiled,no alteration,no alteration,not profiled
334,kirc_tcga_pan_can_atlas_2018,TCGA-BP-4326-01,TCGA-BP-4326,0,no alteration,not profiled,no alteration,no alteration,not profiled
335,kirc_tcga_pan_can_atlas_2018,TCGA-BP-4327-01,TCGA-BP-4327,0,no alteration,not profiled,no alteration,no alteration,not profiled
336,kirc_tcga_pan_can_atlas_2018,TCGA-BP-4329-01,TCGA-BP-4329,0,no alteration,not profiled,no alteration,no alteration,not profiled
337,kirc_tcga_pan_can_atlas_2018,TCGA-BP-4330-01,TCGA-BP-4330,0,no alteration,not profiled,no alteration,no alteration,not profiled
338,kirc_tcga_pan_can_atlas_2018,TCGA-BP-4332-01,TCGA-BP-4332,0,no alteration,not profiled,no alteration,no alteration,not profiled
339,kirc_tcga_pan_can_atlas_2018,TCGA-BP-4334-01,TCGA-BP-4334,0,no alteration,not profiled,no alteration,no alteration,not profiled
340,kirc_tcga_pan_can_atlas_2018,TCGA-BP-4335-01,TCGA-BP-4335,0,no alteration,not profiled,no alteration,no alteration,not profiled
341,kirc_tcga_pan_can_atlas_2018,TCGA-BP-4338-01,TCGA-BP-4338,0,no alteration,not profiled,no alteration,no alteration,not profiled
342,kirc_tcga_pan_can_atlas_2018,TCGA-BP-4340-01,TCGA-BP-4340,0,no alteration,not profiled,no alteration,no alteration,not profiled
343,kirc_tcga_pan_can_atlas_2018,TCGA-BP-4341-01,TCGA-BP-4341,0,no alteration,not profiled,no alteration,no alteration,not profiled
344,kirc_tcga_pan_can_atlas_2018,TCGA-BP-4343-01,TCGA-BP-4343,0,no alteration,no alteration,no alteration,no alteration,no alteration
345,kirc_tcga_pan_can_atlas_2018,TCGA-BP-4345-01,TCGA-BP-4345,0,not profiled,not profiled,not profiled,not profiled,not profiled
346,kirc_tcga_pan_can_atlas_2018,TCGA-BP-4346-01,TCGA-BP-4346,0,no alteration,no alteration,no alteration,no alteration,no alteration
347,kirc_tcga_pan_can_atlas_2018,TCGA-BP-4347-01,TCGA-BP-4347,0,no alteration,not profiled,no alteration,no alteration,not profiled
348,kirc_tcga_pan_can_atlas_2018,TCGA-BP-4349-01,TCGA-BP-4349,0,no alteration,not profiled,no alteration,no alteration,not profiled
349,kirc_tcga_pan_can_atlas_2018,TCGA-BP-4351-01,TCGA-BP-4351,0,no alteration,not profiled,no alteration,no alteration,not profiled
350,kirc_tcga_pan_can_atlas_2018,TCGA-BP-4352-01,TCGA-BP-4352,0,no alteration,no alteration,no alteration,no alteration,no alteration
351,kirc_tcga_pan_can_atlas_2018,TCGA-BP-4354-01,TCGA-BP-4354,0,no alteration,no alteration,no alteration,no alteration,no alteration
352,kirc_tcga_pan_can_atlas_2018,TCGA-BP-4355-01,TCGA-BP-4355,0,no alteration,not profiled,no alteration,no alteration,not profiled
353,kirc_tcga_pan_can_atlas_2018,TCGA-BP-4756-01,TCGA-BP-4756,0,no alteration,no alteration,no alteration,no alteration,no alteration
354,kirc_tcga_pan_can_atlas_2018,TCGA-BP-4758-01,TCGA-BP-4758,0,no alteration,no alteration,no alteration,no alteration,no alteration
355,kirc_tcga_pan_can_atlas_2018,TCGA-BP-4759-01,TCGA-BP-4759,0,no alteration,not profiled,no alteration,no alteration,not profiled
356,kirc_tcga_pan_can_atlas_2018,TCGA-BP-4760-01,TCGA-BP-4760,0,no alteration,no alteration,no alteration,no alteration,no alteration
357,kirc_tcga_pan_can_atlas_2018,TCGA-BP-4761-01,TCGA-BP-4761,0,no alteration,no alteration,no alteration,no alteration,no alteration
358,kirc_tcga_pan_can_atlas_2018,TCGA-BP-4762-01,TCGA-BP-4762,0,no alteration,not profiled,no alteration,no alteration,not profiled
359,kirc_tcga_pan_can_atlas_2018,TCGA-BP-4763-01,TCGA-BP-4763,0,no alteration,not profiled,no alteration,no alteration,not profiled
360,kirc_tcga_pan_can_atlas_2018,TCGA-BP-4765-01,TCGA-BP-4765,0,no alteration,not profiled,no alteration,no alteration,not profiled
361,kirc_tcga_pan_can_atlas_2018,TCGA-BP-4766-01,TCGA-BP-4766,0,no alteration,not profiled,no alteration,no alteration,not profiled
362,kirc_tcga_pan_can_atlas_2018,TCGA-BP-4768-01,TCGA-BP-4768,0,no alteration,not profiled,no alteration,no alteration,not profiled
363,kirc_tcga_pan_can_atlas_2018,TCGA-BP-4769-01,TCGA-BP-4769,0,no alteration,not profiled,no alteration,no alteration,not profiled
364,kirc_tcga_pan_can_atlas_2018,TCGA-BP-4770-01,TCGA-BP-4770,0,no alteration,no alteration,no alteration,no alteration,no alteration
365,kirc_tcga_pan_can_atlas_2018,TCGA-BP-4771-01,TCGA-BP-4771,0,no alteration,not profiled,no alteration,no alteration,not profiled
366,kirc_tcga_pan_can_atlas_2018,TCGA-BP-4774-01,TCGA-BP-4774,0,no alteration,no alteration,no alteration,no alteration,no alteration
367,kirc_tcga_pan_can_atlas_2018,TCGA-BP-4775-01,TCGA-BP-4775,0,no alteration,not profiled,no alteration,no alteration,not profiled
368,kirc_tcga_pan_can_atlas_2018,TCGA-BP-4776-01,TCGA-BP-4776,0,no alteration,not profiled,no alteration,no alteration,not profiled
369,kirc_tcga_pan_can_atlas_2018,TCGA-BP-4777-01,TCGA-BP-4777,0,no alteration,not profiled,no alteration,no alteration,not profiled
370,kirc_tcga_pan_can_atlas_2018,TCGA-BP-4781-01,TCGA-BP-4781,0,no alteration,no alteration,no alteration,no alteration,no alteration
371,kirc_tcga_pan_can_atlas_2018,TCGA-BP-4782-01,TCGA-BP-4782,0,no alteration,no alteration,no alteration,no alteration,no alteration
372,kirc_tcga_pan_can_atlas_2018,TCGA-BP-4784-01,TCGA-BP-4784,0,no alteration,not profiled,no alteration,no alteration,not profiled
373,kirc_tcga_pan_can_atlas_2018,TCGA-BP-4787-01,TCGA-BP-4787,0,no alteration,no alteration,no alteration,no alteration,no alteration
374,kirc_tcga_pan_can_atlas_2018,TCGA-BP-4789-01,TCGA-BP-4789,0,no alteration,not profiled,no alteration,no alteration,not profiled
375,kirc_tcga_pan_can_atlas_2018,TCGA-BP-4790-01,TCGA-BP-4790,0,no alteration,no alteration,no alteration,no alteration,no alteration
376,kirc_tcga_pan_can_atlas_2018,TCGA-BP-4795-01,TCGA-BP-4795,0,no alteration,no alteration,no alteration,no alteration,no alteration
377,kirc_tcga_pan_can_atlas_2018,TCGA-BP-4797-01,TCGA-BP-4797,0,no alteration,not profiled,no alteration,no alteration,not profiled
378,kirc_tcga_pan_can_atlas_2018,TCGA-BP-4798-01,TCGA-BP-4798,0,no alteration,no alteration,no alteration,no alteration,no alteration
379,kirc_tcga_pan_can_atlas_2018,TCGA-BP-4799-01,TCGA-BP-4799,0,no alteration,not profiled,no alteration,no alteration,not profiled
380,kirc_tcga_pan_can_atlas_2018,TCGA-BP-4803-01,TCGA-BP-4803,0,no alteration,not profiled,no alteration,no alteration,not profiled
381,kirc_tcga_pan_can_atlas_2018,TCGA-BP-4804-01,TCGA-BP-4804,0,no alteration,not profiled,no alteration,no alteration,not profiled
382,kirc_tcga_pan_can_atlas_2018,TCGA-BP-4807-01,TCGA-BP-4807,0,no alteration,not profiled,no alteration,no alteration,not profiled
383,kirc_tcga_pan_can_atlas_2018,TCGA-BP-4959-01,TCGA-BP-4959,0,no alteration,not profiled,no alteration,no alteration,not profiled
384,kirc_tcga_pan_can_atlas_2018,TCGA-BP-4961-01,TCGA-BP-4961,0,no alteration,no alteration,no alteration,no alteration,no alteration
385,kirc_tcga_pan_can_atlas_2018,TCGA-BP-4962-01,TCGA-BP-4962,0,no alteration,no alteration,no alteration,no alteration,no alteration
386,kirc_tcga_pan_can_atlas_2018,TCGA-BP-4963-01,TCGA-BP-4963,0,no alteration,no alteration,no alteration,no alteration,no alteration
387,kirc_tcga_pan_can_atlas_2018,TCGA-BP-4965-01,TCGA-BP-4965,0,no alteration,no alteration,no alteration,no alteration,no alteration
388,kirc_tcga_pan_can_atlas_2018,TCGA-BP-4967-01,TCGA-BP-4967,0,no alteration,no alteration,no alteration,no alteration,no alteration
389,kirc_tcga_pan_can_atlas_2018,TCGA-BP-4968-01,TCGA-BP-4968,0,no alteration,no alteration,no alteration,no alteration,no alteration
390,kirc_tcga_pan_can_atlas_2018,TCGA-BP-4969-01,TCGA-BP-4969,0,no alteration,not profiled,no alteration,no alteration,not profiled
391,kirc_tcga_pan_can_atlas_2018,TCGA-BP-4970-01,TCGA-BP-4970,0,no alteration,no alteration,no alteration,no alteration,no alteration
392,kirc_tcga_pan_can_atlas_2018,TCGA-BP-4971-01,TCGA-BP-4971,0,no alteration,no alteration,no alteration,no alteration,no alteration
393,kirc_tcga_pan_can_atlas_2018,TCGA-BP-4972-01,TCGA-BP-4972,0,no alteration,no alteration,no alteration,no alteration,no alteration
394,kirc_tcga_pan_can_atlas_2018,TCGA-BP-4974-01,TCGA-BP-4974,0,no alteration,no alteration,no alteration,no alteration,no alteration
395,kirc_tcga_pan_can_atlas_2018,TCGA-BP-4977-01,TCGA-BP-4977,0,no alteration,no alteration,no alteration,no alteration,no alteration
396,kirc_tcga_pan_can_atlas_2018,TCGA-BP-4983-01,TCGA-BP-4983,0,no alteration,no alteration,no alteration,no alteration,no alteration
397,kirc_tcga_pan_can_atlas_2018,TCGA-BP-4991-01,TCGA-BP-4991,0,no alteration,no alteration,no alteration,no alteration,no alteration
398,kirc_tcga_pan_can_atlas_2018,TCGA-BP-4992-01,TCGA-BP-4992,0,no alteration,no alteration,no alteration,no alteration,no alteration
399,kirc_tcga_pan_can_atlas_2018,TCGA-BP-4994-01,TCGA-BP-4994,0,no alteration,no alteration,no alteration,no alteration,no alteration
400,kirc_tcga_pan_can_atlas_2018,TCGA-BP-4998-01,TCGA-BP-4998,0,no alteration,no alteration,no alteration,no alteration,no alteration
401,kirc_tcga_pan_can_atlas_2018,TCGA-BP-4999-01,TCGA-BP-4999,0,no alteration,no alteration,no alteration,no alteration,no alteration
402,kirc_tcga_pan_can_atlas_2018,TCGA-BP-5000-01,TCGA-BP-5000,0,no alteration,no alteration,no alteration,no alteration,no alteration
403,kirc_tcga_pan_can_atlas_2018,TCGA-BP-5001-01,TCGA-BP-5001,0,no alteration,no alteration,no alteration,no alteration,no alteration
404,kirc_tcga_pan_can_atlas_2018,TCGA-BP-5004-01,TCGA-BP-5004,0,no alteration,no alteration,no alteration,no alteration,no alteration
405,kirc_tcga_pan_can_atlas_2018,TCGA-BP-5007-01,TCGA-BP-5007,0,no alteration,no alteration,no alteration,no alteration,no alteration
406,kirc_tcga_pan_can_atlas_2018,TCGA-BP-5008-01,TCGA-BP-5008,0,no alteration,no alteration,no alteration,no alteration,no alteration
407,kirc_tcga_pan_can_atlas_2018,TCGA-BP-5010-01,TCGA-BP-5010,0,no alteration,no alteration,no alteration,no alteration,no alteration
408,kirc_tcga_pan_can_atlas_2018,TCGA-BP-5173-01,TCGA-BP-5173,0,no alteration,no alteration,no alteration,no alteration,no alteration
409,kirc_tcga_pan_can_atlas_2018,TCGA-BP-5174-01,TCGA-BP-5174,0,no alteration,no alteration,no alteration,no alteration,no alteration
410,kirc_tcga_pan_can_atlas_2018,TCGA-BP-5175-01,TCGA-BP-5175,0,no alteration,no alteration,no alteration,no alteration,no alteration
411,kirc_tcga_pan_can_atlas_2018,TCGA-BP-5177-01,TCGA-BP-5177,0,no alteration,no alteration,no alteration,no alteration,no alteration
412,kirc_tcga_pan_can_atlas_2018,TCGA-BP-5178-01,TCGA-BP-5178,0,no alteration,no alteration,no alteration,no alteration,no alteration
413,kirc_tcga_pan_can_atlas_2018,TCGA-BP-5182-01,TCGA-BP-5182,0,no alteration,no alteration,no alteration,no alteration,no alteration
414,kirc_tcga_pan_can_atlas_2018,TCGA-BP-5192-01,TCGA-BP-5192,0,no alteration,no alteration,no alteration,no alteration,no alteration
415,kirc_tcga_pan_can_atlas_2018,TCGA-BP-5196-01,TCGA-BP-5196,0,no alteration,no alteration,no alteration,no alteration,no alteration
416,kirc_tcga_pan_can_atlas_2018,TCGA-BP-5201-01,TCGA-BP-5201,0,no alteration,no alteration,no alteration,no alteration,no alteration
417,kirc_tcga_pan_can_atlas_2018,TCGA-BP-5202-01,TCGA-BP-5202,0,no alteration,no alteration,no alteration,no alteration,no alteration
418,kirc_tcga_pan_can_atlas_2018,TCGA-CJ-4635-01,TCGA-CJ-4635,0,no alteration,not profiled,no alteration,no alteration,not profiled
419,kirc_tcga_pan_can_atlas_2018,TCGA-CJ-4636-01,TCGA-CJ-4636,0,no alteration,no alteration,no alteration,no alteration,no alteration
420,kirc_tcga_pan_can_atlas_2018,TCGA-CJ-4637-01,TCGA-CJ-4637,0,no alteration,no alteration,no alteration,no alteration,no alteration
421,kirc_tcga_pan_can_atlas_2018,TCGA-CJ-4638-01,TCGA-CJ-4638,0,no alteration,no alteration,no alteration,no alteration,no alteration
422,kirc_tcga_pan_can_atlas_2018,TCGA-CJ-4640-01,TCGA-CJ-4640,0,no alteration,no alteration,no alteration,no alteration,no alteration
423,kirc_tcga_pan_can_atlas_2018,TCGA-CJ-4641-01,TCGA-CJ-4641,0,no alteration,no alteration,no alteration,no alteration,no alteration
424,kirc_tcga_pan_can_atlas_2018,TCGA-CJ-4868-01,TCGA-CJ-4868,0,no alteration,no alteration,no alteration,no alteration,no alteration
425,kirc_tcga_pan_can_atlas_2018,TCGA-CJ-4869-01,TCGA-CJ-4869,0,no alteration,no alteration,no alteration,no alteration,no alteration
426,kirc_tcga_pan_can_atlas_2018,TCGA-CJ-4870-01,TCGA-CJ-4870,0,no alteration,not profiled,no alteration,no alteration,not profiled
427,kirc_tcga_pan_can_atlas_2018,TCGA-CJ-4871-01,TCGA-CJ-4871,0,no alteration,not profiled,no alteration,no alteration,not profiled
428,kirc_tcga_pan_can_atlas_2018,TCGA-CJ-4872-01,TCGA-CJ-4872,0,no alteration,not profiled,no alteration,no alteration,not profiled
429,kirc_tcga_pan_can_atlas_2018,TCGA-CJ-4873-01,TCGA-CJ-4873,0,no alteration,not profiled,no alteration,no alteration,not profiled
430,kirc_tcga_pan_can_atlas_2018,TCGA-CJ-4874-01,TCGA-CJ-4874,0,no alteration,not profiled,no alteration,no alteration,not profiled
431,kirc_tcga_pan_can_atlas_2018,TCGA-CJ-4875-01,TCGA-CJ-4875,0,no alteration,not profiled,no alteration,no alteration,not profiled
432,kirc_tcga_pan_can_atlas_2018,TCGA-CJ-4876-01,TCGA-CJ-4876,0,no alteration,not profiled,no alteration,no alteration,not profiled
433,kirc_tcga_pan_can_atlas_2018,TCGA-CJ-4878-01,TCGA-CJ-4878,0,no alteration,no alteration,no alteration,no alteration,no alteration
434,kirc_tcga_pan_can_atlas_2018,TCGA-CJ-4881-01,TCGA-CJ-4881,0,no alteration,not profiled,no alteration,no alteration,not profiled
435,kirc_tcga_pan_can_atlas_2018,TCGA-CJ-4882-01,TCGA-CJ-4882,0,no alteration,no alteration,no alteration,no alteration,no alteration
436,kirc_tcga_pan_can_atlas_2018,TCGA-CJ-4884-01,TCGA-CJ-4884,0,no alteration,no alteration,no alteration,no alteration,no alteration
437,kirc_tcga_pan_can_atlas_2018,TCGA-CJ-4885-01,TCGA-CJ-4885,0,no alteration,not profiled,no alteration,no alteration,not profiled
438,kirc_tcga_pan_can_atlas_2018,TCGA-CJ-4886-01,TCGA-CJ-4886,0,no alteration,no alteration,no alteration,no alteration,no alteration
439,kirc_tcga_pan_can_atlas_2018,TCGA-CJ-4887-01,TCGA-CJ-4887,0,no alteration,not profiled,no alteration,no alteration,not profiled
440,kirc_tcga_pan_can_atlas_2018,TCGA-CJ-4888-01,TCGA-CJ-4888,0,no alteration,not profiled,no alteration,no alteration,not profiled
441,kirc_tcga_pan_can_atlas_2018,TCGA-CJ-4889-01,TCGA-CJ-4889,0,no alteration,not profiled,no alteration,no alteration,not profiled
442,kirc_tcga_pan_can_atlas_2018,TCGA-CJ-4890-01,TCGA-CJ-4890,0,no alteration,not profiled,no alteration,no alteration,not profiled
443,kirc_tcga_pan_can_atlas_2018,TCGA-CJ-4891-01,TCGA-CJ-4891,0,no alteration,not profiled,no alteration,no alteration,not profiled
444,kirc_tcga_pan_can_atlas_2018,TCGA-CJ-4892-01,TCGA-CJ-4892,0,no alteration,not profiled,no alteration,no alteration,not profiled
445,kirc_tcga_pan_can_atlas_2018,TCGA-CJ-4893-01,TCGA-CJ-4893,0,no alteration,no alteration,no alteration,no alteration,no alteration
446,kirc_tcga_pan_can_atlas_2018,TCGA-CJ-4894-01,TCGA-CJ-4894,0,no alteration,not profiled,no alteration,no alteration,not profiled
447,kirc_tcga_pan_can_atlas_2018,TCGA-CJ-4895-01,TCGA-CJ-4895,0,no alteration,no alteration,no alteration,no alteration,no alteration
448,kirc_tcga_pan_can_atlas_2018,TCGA-CJ-4899-01,TCGA-CJ-4899,0,no alteration,no alteration,no alteration,no alteration,no alteration
449,kirc_tcga_pan_can_atlas_2018,TCGA-CJ-4900-01,TCGA-CJ-4900,0,no alteration,no alteration,no alteration,no alteration,no alteration
450,kirc_tcga_pan_can_atlas_2018,TCGA-CJ-4902-01,TCGA-CJ-4902,0,no alteration,no alteration,no alteration,no alteration,no alteration
451,kirc_tcga_pan_can_atlas_2018,TCGA-CJ-4904-01,TCGA-CJ-4904,0,no alteration,no alteration,no alteration,no alteration,no alteration
452,kirc_tcga_pan_can_atlas_2018,TCGA-CJ-4907-01,TCGA-CJ-4907,0,no alteration,no alteration,no alteration,no alteration,no alteration
453,kirc_tcga_pan_can_atlas_2018,TCGA-CJ-4912-01,TCGA-CJ-4912,0,no alteration,no alteration,no alteration,no alteration,no alteration
454,kirc_tcga_pan_can_atlas_2018,TCGA-CJ-4918-01,TCGA-CJ-4918,0,no alteration,no alteration,no alteration,no alteration,no alteration
455,kirc_tcga_pan_can_atlas_2018,TCGA-CJ-5672-01,TCGA-CJ-5672,0,no alteration,no alteration,no alteration,no alteration,no alteration
456,kirc_tcga_pan_can_atlas_2018,TCGA-CJ-5677-01,TCGA-CJ-5677,0,no alteration,no alteration,no alteration,no alteration,no alteration
457,kirc_tcga_pan_can_atlas_2018,TCGA-CJ-5680-01,TCGA-CJ-5680,0,no alteration,no alteration,no alteration,no alteration,no alteration
458,kirc_tcga_pan_can_atlas_2018,TCGA-CJ-5686-01,TCGA-CJ-5686,0,no alteration,no alteration,no alteration,no alteration,no alteration
459,kirc_tcga_pan_can_atlas_2018,TCGA-CJ-5689-01,TCGA-CJ-5689,0,no alteration,no alteration,no alteration,no alteration,no alteration
460,kirc_tcga_pan_can_atlas_2018,TCGA-CJ-6031-01,TCGA-CJ-6031,0,no alteration,no alteration,no alteration,no alteration,no alteration
461,kirc_tcga_pan_can_atlas_2018,TCGA-CJ-6032-01,TCGA-CJ-6032,0,no alteration,no alteration,no alteration,no alteration,no alteration
462,kirc_tcga_pan_can_atlas_2018,TCGA-CW-5581-01,TCGA-CW-5581,0,no alteration,no alteration,no alteration,no alteration,no alteration
463,kirc_tcga_pan_can_atlas_2018,TCGA-CW-5583-01,TCGA-CW-5583,0,no alteration,no alteration,no alteration,no alteration,no alteration
464,kirc_tcga_pan_can_atlas_2018,TCGA-CW-5584-01,TCGA-CW-5584,0,no alteration,no alteration,no alteration,no alteration,no alteration
465,kirc_tcga_pan_can_atlas_2018,TCGA-CW-5585-01,TCGA-CW-5585,0,no alteration,no alteration,no alteration,no alteration,no alteration
466,kirc_tcga_pan_can_atlas_2018,TCGA-CW-5587-01,TCGA-CW-5587,0,no alteration,no alteration,no alteration,no alteration,no alteration
467,kirc_tcga_pan_can_atlas_2018,TCGA-CW-5588-01,TCGA-CW-5588,0,no alteration,no alteration,no alteration,no alteration,no alteration
468,kirc_tcga_pan_can_atlas_2018,TCGA-CW-5589-01,TCGA-CW-5589,0,no alteration,no alteration,no alteration,no alteration,no alteration
469,kirc_tcga_pan_can_atlas_2018,TCGA-CW-6087-01,TCGA-CW-6087,0,no alteration,no alteration,no alteration,no alteration,no alteration
470,kirc_tcga_pan_can_atlas_2018,TCGA-CW-6088-01,TCGA-CW-6088,0,no alteration,not profiled,no alteration,no alteration,not profiled
471,kirc_tcga_pan_can_atlas_2018,TCGA-CW-6090-01,TCGA-CW-6090,0,no alteration,no alteration,no alteration,no alteration,no alteration
472,kirc_tcga_pan_can_atlas_2018,TCGA-CW-6097-01,TCGA-CW-6097,0,no alteration,no alteration,no alteration,no alteration,no alteration
473,kirc_tcga_pan_can_atlas_2018,TCGA-CZ-4854-01,TCGA-CZ-4854,0,no alteration,no alteration,no alteration,no alteration,no alteration
474,kirc_tcga_pan_can_atlas_2018,TCGA-CZ-4856-01,TCGA-CZ-4856,0,no alteration,no alteration,no alteration,no alteration,no alteration
475,kirc_tcga_pan_can_atlas_2018,TCGA-CZ-4857-01,TCGA-CZ-4857,0,no alteration,not profiled,no alteration,no alteration,not profiled
476,kirc_tcga_pan_can_atlas_2018,TCGA-CZ-4858-01,TCGA-CZ-4858,0,no alteration,not profiled,no alteration,no alteration,not profiled
477,kirc_tcga_pan_can_atlas_2018,TCGA-CZ-4859-01,TCGA-CZ-4859,0,no alteration,no alteration,no alteration,no alteration,no alteration
478,kirc_tcga_pan_can_atlas_2018,TCGA-CZ-4860-01,TCGA-CZ-4860,0,no alteration,no alteration,no alteration,no alteration,no alteration
479,kirc_tcga_pan_can_atlas_2018,TCGA-CZ-4861-01,TCGA-CZ-4861,0,no alteration,no alteration,no alteration,no alteration,no alteration
480,kirc_tcga_pan_can_atlas_2018,TCGA-CZ-4862-01,TCGA-CZ-4862,0,no alteration,not profiled,no alteration,no alteration,not profiled
481,kirc_tcga_pan_can_atlas_2018,TCGA-CZ-4863-01,TCGA-CZ-4863,0,no alteration,no alteration,no alteration,no alteration,no alteration
482,kirc_tcga_pan_can_atlas_2018,TCGA-CZ-4864-01,TCGA-CZ-4864,0,no alteration,no alteration,no alteration,no alteration,no alteration
483,kirc_tcga_pan_can_atlas_2018,TCGA-CZ-4866-01,TCGA-CZ-4866,0,no alteration,no alteration,no alteration,no alteration,no alteration
484,kirc_tcga_pan_can_atlas_2018,TCGA-CZ-5452-01,TCGA-CZ-5452,0,no alteration,no alteration,no alteration,no alteration,no alteration
485,kirc_tcga_pan_can_atlas_2018,TCGA-CZ-5457-01,TCGA-CZ-5457,0,no alteration,no alteration,no alteration,no alteration,no alteration
486,kirc_tcga_pan_can_atlas_2018,TCGA-CZ-5458-01,TCGA-CZ-5458,0,no alteration,no alteration,no alteration,no alteration,no alteration
487,kirc_tcga_pan_can_atlas_2018,TCGA-CZ-5459-01,TCGA-CZ-5459,0,no alteration,no alteration,no alteration,no alteration,no alteration
488,kirc_tcga_pan_can_atlas_2018,TCGA-CZ-5462-01,TCGA-CZ-5462,0,no alteration,no alteration,no alteration,no alteration,no alteration
489,kirc_tcga_pan_can_atlas_2018,TCGA-CZ-5463-01,TCGA-CZ-5463,0,no alteration,no alteration,no alteration,no alteration,no alteration
490,kirc_tcga_pan_can_atlas_2018,TCGA-CZ-5467-01,TCGA-CZ-5467,0,no alteration,no alteration,no alteration,no alteration,no alteration
491,kirc_tcga_pan_can_atlas_2018,TCGA-CZ-5468-01,TCGA-CZ-5468,0,no alteration,no alteration,no alteration,no alteration,no alteration
492,kirc_tcga_pan_can_atlas_2018,TCGA-CZ-5469-01,TCGA-CZ-5469,0,no alteration,no alteration,no alteration,no alteration,no alteration
493,kirc_tcga_pan_can_atlas_2018,TCGA-CZ-5984-01,TCGA-CZ-5984,0,no alteration,no alteration,no alteration,no alteration,no alteration
494,kirc_tcga_pan_can_atlas_2018,TCGA-CZ-5985-01,TCGA-CZ-5985,0,no alteration,no alteration,no alteration,no alteration,no alteration
495,kirc_tcga_pan_can_atlas_2018,TCGA-CZ-5988-01,TCGA-CZ-5988,0,no alteration,no alteration,no alteration,no alteration,no alteration
496,kirc_tcga_pan_can_atlas_2018,TCGA-DV-5565-01,TCGA-DV-5565,0,no alteration,no alteration,no alteration,no alteration,no alteration
497,kirc_tcga_pan_can_atlas_2018,TCGA-DV-5567-01,TCGA-DV-5567,0,no alteration,no alteration,no alteration,no alteration,no alteration
498,kirc_tcga_pan_can_atlas_2018,TCGA-DV-5569-01,TCGA-DV-5569,0,no alteration,not profiled,no alteration,no alteration,not profiled
499,kirc_tcga_pan_can_atlas_2018,TCGA-DV-5574-01,TCGA-DV-5574,0,no alteration,not profiled,no alteration,no alteration,not profiled
500,kirc_tcga_pan_can_atlas_2018,TCGA-DV-5575-01,TCGA-DV-5575,0,no alteration,no alteration,no alteration,no alteration,no alteration
501,kirc_tcga_pan_can_atlas_2018,TCGA-DV-5576-01,TCGA-DV-5576,0,no alteration,no alteration,no alteration,no alteration,no alteration
502,kirc_tcga_pan_can_atlas_2018,TCGA-DV-A4VX-01,TCGA-DV-A4VX,0,no alteration,no alteration,no alteration,no alteration,no alteration
503,kirc_tcga_pan_can_atlas_2018,TCGA-DV-A4VZ-01,TCGA-DV-A4VZ,0,no alteration,no alteration,no alteration,no alteration,no alteration
504,kirc_tcga_pan_can_atlas_2018,TCGA-DV-A4W0-01,TCGA-DV-A4W0,0,no alteration,no alteration,no alteration,no alteration,no alteration
505,kirc_tcga_pan_can_atlas_2018,TCGA-EU-5905-01,TCGA-EU-5905,0,no alteration,no alteration,no alteration,no alteration,no alteration
506,kirc_tcga_pan_can_atlas_2018,TCGA-EU-5906-01,TCGA-EU-5906,0,no alteration,no alteration,no alteration,no alteration,no alteration
507,kirc_tcga_pan_can_atlas_2018,TCGA-G6-A5PC-01,TCGA-G6-A5PC,0,no alteration,no alteration,no alteration,no alteration,no alteration
508,kirc_tcga_pan_can_atlas_2018,TCGA-MM-A563-01,TCGA-MM-A563,0,no alteration,no alteration,no alteration,no alteration,no alteration
509,kirc_tcga_pan_can_atlas_2018,TCGA-MM-A84U-01,TCGA-MM-A84U,0,no alteration,no alteration,no alteration,no alteration,no alteration
510,kirc_tcga_pan_can_atlas_2018,TCGA-MW-A4EC-01,TCGA-MW-A4EC,0,no alteration,no alteration,no alteration,no alteration,no alteration
511,kirc_tcga_pan_can_atlas_2018,TCGA-T7-A92I-01,TCGA-T7-A92I,0,no alteration,no alteration,no alteration,no alteration,no alteration
