,Study ID,Sample ID,Patient ID,Altered,GNA11,GNA11: MUT,GNA11: AMP,GNA11: HOMDEL,GNA11: FUSION
0,uvm_tcga_pan_can_atlas_2018,TCGA-V4-A9EQ-01,TCGA-V4-A9EQ,1,Q209L (driver),Q209L (driver),no alteration,no alteration,no alteration
1,uvm_tcga_pan_can_atlas_2018,TCGA-V3-A9ZY-01,TCGA-V3-A9ZY,1,Q209L (driver),Q209L (driver),no alteration,no alteration,no alteration
2,uvm_tcga_pan_can_atlas_2018,TCGA-V4-A9EU-01,TCGA-V4-A9EU,1,Q209L (driver),Q209L (driver),no alteration,no alteration,no alteration
3,uvm_tcga_pan_can_atlas_2018,TCGA-V4-A9F7-01,TCGA-V4-A9F7,1,Q209L (driver),Q209L (driver),no alteration,no alteration,no alteration
4,uvm_tcga_pan_can_atlas_2018,TCGA-WC-A884-01,TCGA-WC-A884,1,Q209L (driver),Q209L (driver),no alteration,no alteration,no alteration
5,uvm_tcga_pan_can_atlas_2018,TCGA-V4-A9EJ-01,TCGA-V4-A9EJ,1,Q209L (driver),Q209L (driver),no alteration,no alteration,no alteration
6,uvm_tcga_pan_can_atlas_2018,TCGA-VD-AA8T-01,TCGA-VD-AA8T,1,Q209L (driver),Q209L (driver),no alteration,no alteration,no alteration
7,uvm_tcga_pan_can_atlas_2018,TCGA-V4-A9ET-01,TCGA-V4-A9ET,1,Q209L (driver),Q209L (driver),no alteration,no alteration,no alteration
8,uvm_tcga_pan_can_atlas_2018,TCGA-VD-A8KL-01,TCGA-VD-A8KL,1,Q209L (driver),Q209L (driver),no alteration,no alteration,no alteration
9,uvm_tcga_pan_can_atlas_2018,TCGA-VD-AA8R-01,TCGA-VD-AA8R,1,Q209L (driver),Q209L (driver),no alteration,no alteration,no alteration
10,uvm_tcga_pan_can_atlas_2018,TCGA-WC-A88A-01,TCGA-WC-A88A,1,Q209L (driver),Q209L (driver),no alteration,no alteration,no alteration
11,uvm_tcga_pan_can_atlas_2018,TCGA-WC-A882-01,TCGA-WC-A882,1,Q209L (driver),Q209L (driver),no alteration,no alteration,no alteration
12,uvm_tcga_pan_can_atlas_2018,TCGA-V4-A9EI-01,TCGA-V4-A9EI,1,Q209L (driver),Q209L (driver),no alteration,no alteration,no alteration
13,uvm_tcga_pan_can_atlas_2018,TCGA-VD-AA8M-01,TCGA-VD-AA8M,1,AMP,no alteration,AMP,AMP,no alteration
14,uvm_tcga_pan_can_atlas_2018,TCGA-VD-A8KA-01,TCGA-VD-A8KA,1,Q209L (driver),Q209L (driver),no alteration,no alteration,no alteration
15,uvm_tcga_pan_can_atlas_2018,TCGA-V3-A9ZX-01,TCGA-V3-A9ZX,1,Q209L (driver),Q209L (driver),no alteration,no alteration,no alteration
16,uvm_tcga_pan_can_atlas_2018,TCGA-YZ-A980-01,TCGA-YZ-A980,1,Q209L (driver),Q209L (driver),no alteration,no alteration,no alteration
17,uvm_tcga_pan_can_atlas_2018,TCGA-RZ-AB0B-01,TCGA-RZ-AB0B,1,Q209L (driver),Q209L (driver),no alteration,no alteration,no alteration
18,uvm_tcga_pan_can_atlas_2018,TCGA-WC-AA9A-01,TCGA-WC-AA9A,1,Q209L (driver),Q209L (driver),no alteration,no alteration,no alteration
19,uvm_tcga_pan_can_atlas_2018,TCGA-WC-A881-01,TCGA-WC-A881,1,Q209L (driver),Q209L (driver),no alteration,no alteration,no alteration
20,uvm_tcga_pan_can_atlas_2018,TCGA-V4-A9EF-01,TCGA-V4-A9EF,1,Q209L (driver),Q209L (driver),no alteration,no alteration,no alteration
21,uvm_tcga_pan_can_atlas_2018,TCGA-WC-A888-01,TCGA-WC-A888,1,Q209L (driver),Q209L (driver),no alteration,no alteration,no alteration
22,uvm_tcga_pan_can_atlas_2018,TCGA-WC-A87Y-01,TCGA-WC-A87Y,1,Q209L (driver),Q209L (driver),no alteration,no alteration,no alteration
23,uvm_tcga_pan_can_atlas_2018,TCGA-VD-A8KH-01,TCGA-VD-A8KH,1,Q209L (driver),Q209L (driver),no alteration,no alteration,no alteration
24,uvm_tcga_pan_can_atlas_2018,TCGA-V4-A9EV-01,TCGA-V4-A9EV,1,Q209L (driver),Q209L (driver),no alteration,no alteration,no alteration
25,uvm_tcga_pan_can_atlas_2018,TCGA-V4-A9F5-01,TCGA-V4-A9F5,1,Q209L (driver),Q209L (driver),no alteration,no alteration,no alteration
26,uvm_tcga_pan_can_atlas_2018,TCGA-WC-A87W-01,TCGA-WC-A87W,1,Q209L (driver),Q209L (driver),no alteration,no alteration,no alteration
27,uvm_tcga_pan_can_atlas_2018,TCGA-YZ-A985-01,TCGA-YZ-A985,1,R183C (driver),R183C (driver),no alteration,no alteration,no alteration
28,uvm_tcga_pan_can_atlas_2018,TCGA-V4-A9E8-01,TCGA-V4-A9E8,1,Q209L (driver),Q209L (driver),no alteration,no alteration,no alteration
29,uvm_tcga_pan_can_atlas_2018,TCGA-WC-AA9E-01,TCGA-WC-AA9E,1,R166H,R166H,no alteration,no alteration,no alteration
30,uvm_tcga_pan_can_atlas_2018,TCGA-V4-A9EH-01,TCGA-V4-A9EH,1,Q209L (driver),Q209L (driver),no alteration,no alteration,no alteration
31,uvm_tcga_pan_can_atlas_2018,TCGA-VD-A8KF-01,TCGA-VD-A8KF,1,Q209L (driver),Q209L (driver),no alteration,no alteration,no alteration
32,uvm_tcga_pan_can_atlas_2018,TCGA-VD-A8KG-01,TCGA-VD-A8KG,1,Q209L (driver),Q209L (driver),no alteration,no alteration,no alteration
33,uvm_tcga_pan_can_atlas_2018,TCGA-VD-AA8N-01,TCGA-VD-AA8N,1,Q209L (driver),Q209L (driver),no alteration,no alteration,no alteration
34,uvm_tcga_pan_can_atlas_2018,TCGA-VD-A8K8-01,TCGA-VD-A8K8,1,Q209L (driver),Q209L (driver),no alteration,no alteration,no alteration
35,uvm_tcga_pan_can_atlas_2018,TCGA-V4-A9F3-01,TCGA-V4-A9F3,1,Q209L (driver),Q209L (driver),no alteration,no alteration,no alteration
36,uvm_tcga_pan_can_atlas_2018,TCGA-VD-AA8P-01,TCGA-VD-AA8P,1,Q209L (driver),Q209L (driver),no alteration,no alteration,no alteration
37,uvm_tcga_pan_can_atlas_2018,TCGA-V4-A9F8-01,TCGA-V4-A9F8,0,no alteration,no alteration,no alteration,no alteration,no alteration
38,uvm_tcga_pan_can_atlas_2018,TCGA-V4-A9EE-01,TCGA-V4-A9EE,0,no alteration,no alteration,no alteration,no alteration,no alteration
39,uvm_tcga_pan_can_atlas_2018,TCGA-YZ-A983-01,TCGA-YZ-A983,0,no alteration,no alteration,no alteration,no alteration,no alteration
40,uvm_tcga_pan_can_atlas_2018,TCGA-WC-A87U-01,TCGA-WC-A87U,0,no alteration,no alteration,no alteration,no alteration,no alteration
41,uvm_tcga_pan_can_atlas_2018,TCGA-VD-AA8O-01,TCGA-VD-AA8O,0,no alteration,no alteration,no alteration,no alteration,no alteration
42,uvm_tcga_pan_can_atlas_2018,TCGA-VD-A8KO-01,TCGA-VD-A8KO,0,no alteration,no alteration,no alteration,no alteration,no alteration
43,uvm_tcga_pan_can_atlas_2018,TCGA-VD-A8KK-01,TCGA-VD-A8KK,0,no alteration,no alteration,no alteration,no alteration,no alteration
44,uvm_tcga_pan_can_atlas_2018,TCGA-VD-A8KE-01,TCGA-VD-A8KE,0,no alteration,no alteration,no alteration,no alteration,no alteration
45,uvm_tcga_pan_can_atlas_2018,TCGA-V4-A9ED-01,TCGA-V4-A9ED,0,no alteration,no alteration,no alteration,no alteration,no alteration
46,uvm_tcga_pan_can_atlas_2018,TCGA-V4-A9EX-01,TCGA-V4-A9EX,0,no alteration,no alteration,no alteration,no alteration,no alteration
47,uvm_tcga_pan_can_atlas_2018,TCGA-WC-A87T-01,TCGA-WC-A87T,0,no alteration,no alteration,no alteration,no alteration,no alteration
48,uvm_tcga_pan_can_atlas_2018,TCGA-VD-A8K9-01,TCGA-VD-A8K9,0,no alteration,no alteration,no alteration,no alteration,no alteration
49,uvm_tcga_pan_can_atlas_2018,TCGA-WC-A885-01,TCGA-WC-A885,0,no alteration,no alteration,no alteration,no alteration,no alteration
50,uvm_tcga_pan_can_atlas_2018,TCGA-V4-A9E9-01,TCGA-V4-A9E9,0,no alteration,no alteration,no alteration,no alteration,no alteration
51,uvm_tcga_pan_can_atlas_2018,TCGA-V4-A9EK-01,TCGA-V4-A9EK,0,no alteration,no alteration,no alteration,no alteration,no alteration
52,uvm_tcga_pan_can_atlas_2018,TCGA-V4-A9EO-01,TCGA-V4-A9EO,0,no alteration,no alteration,no alteration,no alteration,no alteration
53,uvm_tcga_pan_can_atlas_2018,TCGA-V4-A9F4-01,TCGA-V4-A9F4,0,no alteration,no alteration,no alteration,no alteration,no alteration
54,uvm_tcga_pan_can_atlas_2018,TCGA-VD-A8KI-01,TCGA-VD-A8KI,0,no alteration,no alteration,no alteration,no alteration,no alteration
55,uvm_tcga_pan_can_atlas_2018,TCGA-V4-A9F0-01,TCGA-V4-A9F0,0,no alteration,no alteration,no alteration,no alteration,no alteration
56,uvm_tcga_pan_can_atlas_2018,TCGA-YZ-A982-01,TCGA-YZ-A982,0,no alteration,no alteration,no alteration,no alteration,no alteration
57,uvm_tcga_pan_can_atlas_2018,TCGA-VD-A8KM-01,TCGA-VD-A8KM,0,no alteration,no alteration,no alteration,no alteration,no alteration
58,uvm_tcga_pan_can_atlas_2018,TCGA-VD-AA8S-01,TCGA-VD-AA8S,0,no alteration,no alteration,no alteration,no alteration,no alteration
59,uvm_tcga_pan_can_atlas_2018,TCGA-YZ-A984-01,TCGA-YZ-A984,0,no alteration,no alteration,no alteration,no alteration,no alteration
60,uvm_tcga_pan_can_atlas_2018,TCGA-V4-A9EZ-01,TCGA-V4-A9EZ,0,no alteration,no alteration,no alteration,no alteration,no alteration
61,uvm_tcga_pan_can_atlas_2018,TCGA-VD-A8KD-01,TCGA-VD-A8KD,0,no alteration,no alteration,no alteration,no alteration,no alteration
62,uvm_tcga_pan_can_atlas_2018,TCGA-V4-A9EM-01,TCGA-V4-A9EM,0,no alteration,no alteration,no alteration,no alteration,no alteration
63,uvm_tcga_pan_can_atlas_2018,TCGA-V4-A9EA-01,TCGA-V4-A9EA,0,no alteration,no alteration,no alteration,no alteration,no alteration
64,uvm_tcga_pan_can_atlas_2018,TCGA-V4-A9EC-01,TCGA-V4-A9EC,0,no alteration,no alteration,no alteration,no alteration,no alteration
65,uvm_tcga_pan_can_atlas_2018,TCGA-VD-A8K7-01,TCGA-VD-A8K7,0,no alteration,no alteration,no alteration,no alteration,no alteration
66,uvm_tcga_pan_can_atlas_2018,TCGA-VD-AA8Q-01,TCGA-VD-AA8Q,0,no alteration,no alteration,no alteration,no alteration,no alteration
67,uvm_tcga_pan_can_atlas_2018,TCGA-V4-A9ES-01,TCGA-V4-A9ES,0,no alteration,no alteration,no alteration,no alteration,no alteration
68,uvm_tcga_pan_can_atlas_2018,TCGA-V4-A9F1-01,TCGA-V4-A9F1,0,no alteration,no alteration,no alteration,no alteration,no alteration
69,uvm_tcga_pan_can_atlas_2018,TCGA-V4-A9EW-01,TCGA-V4-A9EW,0,no alteration,no alteration,no alteration,no alteration,no alteration
70,uvm_tcga_pan_can_atlas_2018,TCGA-VD-A8KB-01,TCGA-VD-A8KB,0,no alteration,no alteration,no alteration,no alteration,no alteration
71,uvm_tcga_pan_can_atlas_2018,TCGA-V4-A9EL-01,TCGA-V4-A9EL,0,no alteration,no alteration,no alteration,no alteration,no alteration
72,uvm_tcga_pan_can_atlas_2018,TCGA-VD-A8KJ-01,TCGA-VD-A8KJ,0,no alteration,no alteration,no alteration,no alteration,no alteration
73,uvm_tcga_pan_can_atlas_2018,TCGA-WC-A880-01,TCGA-WC-A880,0,no alteration,no alteration,no alteration,no alteration,no alteration
74,uvm_tcga_pan_can_atlas_2018,TCGA-VD-A8KN-01,TCGA-VD-A8KN,0,no alteration,no alteration,no alteration,no alteration,no alteration
75,uvm_tcga_pan_can_atlas_2018,TCGA-V4-A9E7-01,TCGA-V4-A9E7,0,no alteration,no alteration,no alteration,no alteration,no alteration
76,uvm_tcga_pan_can_atlas_2018,TCGA-V4-A9F2-01,TCGA-V4-A9F2,0,no alteration,no alteration,no alteration,no alteration,no alteration
77,uvm_tcga_pan_can_atlas_2018,TCGA-V4-A9EY-01,TCGA-V4-A9EY,0,no alteration,no alteration,no alteration,no alteration,no alteration
78,uvm_tcga_pan_can_atlas_2018,TCGA-V4-A9E5-01,TCGA-V4-A9E5,0,no alteration,no alteration,no alteration,no alteration,no alteration
79,uvm_tcga_pan_can_atlas_2018,TCGA-WC-A883-01,TCGA-WC-A883,0,no alteration,no alteration,no alteration,no alteration,no alteration
