,Study ID,Sample ID,Patient ID,Altered,KRAS,KRAS: MUT,KRAS: AMP,KRAS: HOMDEL,KRAS: FUSION
0,paad_tcga_pan_can_atlas_2018,TCGA-2J-AAB1-01,TCGA-2J-AAB1,1,G12R (driver),G12R (driver),no alteration,no alteration,no alteration
1,paad_tcga_pan_can_atlas_2018,TCGA-2J-AAB4-01,TCGA-2J-AAB4,1,G12V (driver),G12V (driver),no alteration,no alteration,no alteration
2,paad_tcga_pan_can_atlas_2018,TCGA-2J-AAB6-01,TCGA-2J-AAB6,1,G12V (driver),G12V (driver),no alteration,no alteration,no alteration
3,paad_tcga_pan_can_atlas_2018,TCGA-2J-AAB8-01,TCGA-2J-AAB8,1,G12R (driver),G12R (driver),no alteration,no alteration,no alteration
4,paad_tcga_pan_can_atlas_2018,TCGA-2J-AABE-01,TCGA-2J-AABE,1,G12R (driver),G12R (driver),no alteration,no alteration,no alteration
5,paad_tcga_pan_can_atlas_2018,TCGA-2J-AABF-01,TCGA-2J-AABF,1,G12D (driver),G12D (driver),no alteration,no alteration,no alteration
6,paad_tcga_pan_can_atlas_2018,TCGA-2J-AABH-01,TCGA-2J-AABH,1,"G12V (driver), G12S (driver)","G12V (driver), G12S (driver)",no alteration,no alteration,no alteration
7,paad_tcga_pan_can_atlas_2018,TCGA-2J-AABI-01,TCGA-2J-AABI,1,"G12R (driver), AMP (driver)",G12R (driver),AMP (driver),AMP (driver),no alteration
8,paad_tcga_pan_can_atlas_2018,TCGA-2J-AABK-01,TCGA-2J-AABK,1,G12V (driver),G12V (driver),no alteration,no alteration,no alteration
9,paad_tcga_pan_can_atlas_2018,TCGA-2J-AABO-01,TCGA-2J-AABO,1,G12V (driver),G12V (driver),no alteration,no alteration,no alteration
10,paad_tcga_pan_can_atlas_2018,TCGA-2J-AABT-01,TCGA-2J-AABT,1,G12R (driver),G12R (driver),no alteration,no alteration,no alteration
11,paad_tcga_pan_can_atlas_2018,TCGA-2J-AABU-01,TCGA-2J-AABU,1,G12R (driver),G12R (driver),no alteration,no alteration,no alteration
12,paad_tcga_pan_can_atlas_2018,TCGA-2L-AAQA-01,TCGA-2L-AAQA,1,G12V (driver),G12V (driver),no alteration,no alteration,no alteration
13,paad_tcga_pan_can_atlas_2018,TCGA-2L-AAQE-01,TCGA-2L-AAQE,1,G12D (driver),G12D (driver),no alteration,no alteration,no alteration
14,paad_tcga_pan_can_atlas_2018,TCGA-2L-AAQI-01,TCGA-2L-AAQI,1,G12V (driver),G12V (driver),no alteration,no alteration,no alteration
15,paad_tcga_pan_can_atlas_2018,TCGA-2L-AAQJ-01,TCGA-2L-AAQJ,1,G12D (driver),G12D (driver),no alteration,no alteration,no alteration
16,paad_tcga_pan_can_atlas_2018,TCGA-2L-AAQL-01,TCGA-2L-AAQL,1,Q61R (driver),Q61R (driver),no alteration,no alteration,no alteration
17,paad_tcga_pan_can_atlas_2018,TCGA-3A-A9I7-01,TCGA-3A-A9I7,1,G12D (driver),G12D (driver),no alteration,no alteration,no alteration
18,paad_tcga_pan_can_atlas_2018,TCGA-3A-A9I9-01,TCGA-3A-A9I9,1,G12R (driver),G12R (driver),no alteration,no alteration,no alteration
19,paad_tcga_pan_can_atlas_2018,TCGA-3A-A9IB-01,TCGA-3A-A9IB,1,G12D (driver),G12D (driver),no alteration,no alteration,no alteration
20,paad_tcga_pan_can_atlas_2018,TCGA-3A-A9IC-01,TCGA-3A-A9IC,1,G12R (driver),G12R (driver),no alteration,no alteration,no alteration
21,paad_tcga_pan_can_atlas_2018,TCGA-3A-A9IH-01,TCGA-3A-A9IH,1,G12R (driver),G12R (driver),no alteration,no alteration,no alteration
22,paad_tcga_pan_can_atlas_2018,TCGA-3A-A9IU-01,TCGA-3A-A9IU,1,G12D (driver),G12D (driver),no alteration,no alteration,no alteration
23,paad_tcga_pan_can_atlas_2018,TCGA-3A-A9IZ-01,TCGA-3A-A9IZ,1,G12D (driver),G12D (driver),no alteration,no alteration,no alteration
24,paad_tcga_pan_can_atlas_2018,TCGA-3E-AAAZ-01,TCGA-3E-AAAZ,1,G12V (driver),G12V (driver),no alteration,no alteration,no alteration
25,paad_tcga_pan_can_atlas_2018,TCGA-F2-6879-01,TCGA-F2-6879,1,"G12V (driver), AMP (driver)",G12V (driver),AMP (driver),AMP (driver),no alteration
26,paad_tcga_pan_can_atlas_2018,TCGA-F2-A44G-01,TCGA-F2-A44G,1,G12D (driver),G12D (driver),no alteration,no alteration,no alteration
27,paad_tcga_pan_can_atlas_2018,TCGA-F2-A7TX-01,TCGA-F2-A7TX,1,G12D (driver),G12D (driver),no alteration,no alteration,no alteration
28,paad_tcga_pan_can_atlas_2018,TCGA-F2-A8YN-01,TCGA-F2-A8YN,1,G12R (driver),G12R (driver),no alteration,no alteration,no alteration
29,paad_tcga_pan_can_atlas_2018,TCGA-FB-A545-01,TCGA-FB-A545,1,G12V (driver),G12V (driver),no alteration,no alteration,no alteration
30,paad_tcga_pan_can_atlas_2018,TCGA-FB-A5VM-01,TCGA-FB-A5VM,1,Q61H (driver),Q61H (driver),no alteration,no alteration,no alteration
31,paad_tcga_pan_can_atlas_2018,TCGA-FB-A78T-01,TCGA-FB-A78T,1,"G12A (driver), G13C (driver)","G12A (driver), G13C (driver)",no alteration,no alteration,no alteration
32,paad_tcga_pan_can_atlas_2018,TCGA-FB-A7DR-01,TCGA-FB-A7DR,1,G12V (driver),G12V (driver),no alteration,no alteration,no alteration
33,paad_tcga_pan_can_atlas_2018,TCGA-FB-AAPQ-01,TCGA-FB-AAPQ,1,G12D (driver),G12D (driver),no alteration,no alteration,no alteration
34,paad_tcga_pan_can_atlas_2018,TCGA-FB-AAPU-01,TCGA-FB-AAPU,1,G12R (driver),G12R (driver),no alteration,no alteration,no alteration
35,paad_tcga_pan_can_atlas_2018,TCGA-FB-AAPY-01,TCGA-FB-AAPY,1,G12D (driver),G12D (driver),no alteration,no alteration,no alteration
36,paad_tcga_pan_can_atlas_2018,TCGA-FB-AAPZ-01,TCGA-FB-AAPZ,1,G12R (driver),G12R (driver),no alteration,no alteration,no alteration
37,paad_tcga_pan_can_atlas_2018,TCGA-FB-AAQ0-01,TCGA-FB-AAQ0,1,G12R (driver),G12R (driver),no alteration,no alteration,no alteration
38,paad_tcga_pan_can_atlas_2018,TCGA-FB-AAQ1-01,TCGA-FB-AAQ1,1,G12D (driver),G12D (driver),no alteration,no alteration,no alteration
39,paad_tcga_pan_can_atlas_2018,TCGA-FB-AAQ2-01,TCGA-FB-AAQ2,1,G12D (driver),G12D (driver),no alteration,no alteration,no alteration
40,paad_tcga_pan_can_atlas_2018,TCGA-FB-AAQ3-01,TCGA-FB-AAQ3,1,G12D (driver),G12D (driver),no alteration,no alteration,no alteration
41,paad_tcga_pan_can_atlas_2018,TCGA-FB-AAQ6-01,TCGA-FB-AAQ6,1,G12V (driver),G12V (driver),no alteration,no alteration,no alteration
42,paad_tcga_pan_can_atlas_2018,TCGA-FZ-5919-01,TCGA-FZ-5919,1,G12D (driver),G12D (driver),no alteration,no alteration,no alteration
43,paad_tcga_pan_can_atlas_2018,TCGA-FZ-5920-01,TCGA-FZ-5920,1,"G12D (driver), AMP (driver)",G12D (driver),AMP (driver),AMP (driver),no alteration
44,paad_tcga_pan_can_atlas_2018,TCGA-FZ-5921-01,TCGA-FZ-5921,1,G12V (driver),G12V (driver),no alteration,no alteration,no alteration
45,paad_tcga_pan_can_atlas_2018,TCGA-FZ-5922-01,TCGA-FZ-5922,1,G12V (driver),G12V (driver),no alteration,no alteration,no alteration
46,paad_tcga_pan_can_atlas_2018,TCGA-FZ-5923-01,TCGA-FZ-5923,1,G12D (driver),G12D (driver),no alteration,no alteration,no alteration
47,paad_tcga_pan_can_atlas_2018,TCGA-FZ-5924-01,TCGA-FZ-5924,1,G12R (driver),G12R (driver),no alteration,no alteration,no alteration
48,paad_tcga_pan_can_atlas_2018,TCGA-FZ-5926-01,TCGA-FZ-5926,1,G12D (driver),G12D (driver),no alteration,no alteration,no alteration
49,paad_tcga_pan_can_atlas_2018,TCGA-H6-8124-01,TCGA-H6-8124,1,G12V (driver),G12V (driver),no alteration,no alteration,no alteration
50,paad_tcga_pan_can_atlas_2018,TCGA-H8-A6C1-01,TCGA-H8-A6C1,1,G12V (driver),G12V (driver),no alteration,no alteration,no alteration
51,paad_tcga_pan_can_atlas_2018,TCGA-HV-A5A3-01,TCGA-HV-A5A3,1,G12D (driver),G12D (driver),no alteration,no alteration,no alteration
52,paad_tcga_pan_can_atlas_2018,TCGA-HV-A5A4-01,TCGA-HV-A5A4,1,G12V (driver),G12V (driver),no alteration,no alteration,no alteration
53,paad_tcga_pan_can_atlas_2018,TCGA-HV-A5A6-01,TCGA-HV-A5A6,1,G12D (driver),G12D (driver),no alteration,no alteration,no alteration
54,paad_tcga_pan_can_atlas_2018,TCGA-HV-A7OL-01,TCGA-HV-A7OL,1,G12D (driver),G12D (driver),no alteration,no alteration,no alteration
55,paad_tcga_pan_can_atlas_2018,TCGA-HV-A7OP-01,TCGA-HV-A7OP,1,G12D (driver),G12D (driver),no alteration,no alteration,no alteration
56,paad_tcga_pan_can_atlas_2018,TCGA-HV-AA8V-01,TCGA-HV-AA8V,1,G12V (driver),G12V (driver),no alteration,no alteration,no alteration
57,paad_tcga_pan_can_atlas_2018,TCGA-HV-AA8X-01,TCGA-HV-AA8X,1,G12D (driver),G12D (driver),no alteration,no alteration,no alteration
58,paad_tcga_pan_can_atlas_2018,TCGA-HZ-7919-01,TCGA-HZ-7919,1,G12R (driver),G12R (driver),no alteration,no alteration,no alteration
59,paad_tcga_pan_can_atlas_2018,TCGA-HZ-7922-01,TCGA-HZ-7922,1,Q61H (driver),Q61H (driver),no alteration,no alteration,no alteration
60,paad_tcga_pan_can_atlas_2018,TCGA-HZ-7925-01,TCGA-HZ-7925,1,G12V (driver),G12V (driver),no alteration,no alteration,no alteration
61,paad_tcga_pan_can_atlas_2018,TCGA-HZ-7926-01,TCGA-HZ-7926,1,G12D (driver),G12D (driver),no alteration,no alteration,no alteration
62,paad_tcga_pan_can_atlas_2018,TCGA-HZ-8005-01,TCGA-HZ-8005,1,Q61H (driver),Q61H (driver),no alteration,no alteration,no alteration
63,paad_tcga_pan_can_atlas_2018,TCGA-HZ-8315-01,TCGA-HZ-8315,1,G12D (driver),G12D (driver),no alteration,no alteration,no alteration
64,paad_tcga_pan_can_atlas_2018,TCGA-HZ-8636-01,TCGA-HZ-8636,1,G12V (driver),G12V (driver),no alteration,no alteration,no alteration
65,paad_tcga_pan_can_atlas_2018,TCGA-HZ-8637-01,TCGA-HZ-8637,1,G12V (driver),G12V (driver),no alteration,no alteration,no alteration
66,paad_tcga_pan_can_atlas_2018,TCGA-HZ-A49G-01,TCGA-HZ-A49G,1,G12D (driver),G12D (driver),no alteration,no alteration,no alteration
67,paad_tcga_pan_can_atlas_2018,TCGA-HZ-A49H-01,TCGA-HZ-A49H,1,G12V (driver),G12V (driver),no alteration,no alteration,no alteration
68,paad_tcga_pan_can_atlas_2018,TCGA-HZ-A49I-01,TCGA-HZ-A49I,1,"G12D (driver), AMP (driver)",G12D (driver),AMP (driver),AMP (driver),no alteration
69,paad_tcga_pan_can_atlas_2018,TCGA-HZ-A4BH-01,TCGA-HZ-A4BH,1,G12D (driver),G12D (driver),no alteration,no alteration,no alteration
70,paad_tcga_pan_can_atlas_2018,TCGA-HZ-A4BK-01,TCGA-HZ-A4BK,1,"G12D (driver), AMP (driver)",G12D (driver),AMP (driver),AMP (driver),no alteration
71,paad_tcga_pan_can_atlas_2018,TCGA-HZ-A77O-01,TCGA-HZ-A77O,1,G12V (driver),G12V (driver),no alteration,no alteration,no alteration
72,paad_tcga_pan_can_atlas_2018,TCGA-HZ-A77Q-01,TCGA-HZ-A77Q,1,G12R (driver),G12R (driver),no alteration,no alteration,no alteration
73,paad_tcga_pan_can_atlas_2018,TCGA-HZ-A8P0-01,TCGA-HZ-A8P0,1,Q61H (driver),Q61H (driver),no alteration,no alteration,no alteration
74,paad_tcga_pan_can_atlas_2018,TCGA-HZ-A8P1-01,TCGA-HZ-A8P1,1,G12D (driver),G12D (driver),no alteration,no alteration,no alteration
75,paad_tcga_pan_can_atlas_2018,TCGA-HZ-A9TJ-01,TCGA-HZ-A9TJ,1,G12V (driver),G12V (driver),no alteration,no alteration,no alteration
76,paad_tcga_pan_can_atlas_2018,TCGA-IB-7644-01,TCGA-IB-7644,1,G12V (driver),G12V (driver),no alteration,no alteration,no alteration
77,paad_tcga_pan_can_atlas_2018,TCGA-IB-7645-01,TCGA-IB-7645,1,G12V (driver),G12V (driver),no alteration,no alteration,no alteration
78,paad_tcga_pan_can_atlas_2018,TCGA-IB-7646-01,TCGA-IB-7646,1,G12D (driver),G12D (driver),no alteration,no alteration,no alteration
79,paad_tcga_pan_can_atlas_2018,TCGA-IB-7647-01,TCGA-IB-7647,1,G12V (driver),G12V (driver),no alteration,no alteration,no alteration
80,paad_tcga_pan_can_atlas_2018,TCGA-IB-7649-01,TCGA-IB-7649,1,Q61H (driver),Q61H (driver),no alteration,no alteration,no alteration
81,paad_tcga_pan_can_atlas_2018,TCGA-IB-7651-01,TCGA-IB-7651,1,G12D (driver),G12D (driver),no alteration,no alteration,no alteration
82,paad_tcga_pan_can_atlas_2018,TCGA-IB-7652-01,TCGA-IB-7652,1,G12R (driver),G12R (driver),no alteration,no alteration,no alteration
83,paad_tcga_pan_can_atlas_2018,TCGA-IB-7886-01,TCGA-IB-7886,1,"G12C (driver), AMP (driver)",G12C (driver),AMP (driver),AMP (driver),no alteration
84,paad_tcga_pan_can_atlas_2018,TCGA-IB-7887-01,TCGA-IB-7887,1,G12R (driver),G12R (driver),no alteration,no alteration,no alteration
85,paad_tcga_pan_can_atlas_2018,TCGA-IB-7889-01,TCGA-IB-7889,1,G12V (driver),G12V (driver),no alteration,no alteration,no alteration
86,paad_tcga_pan_can_atlas_2018,TCGA-IB-7890-01,TCGA-IB-7890,1,Q61R (driver),Q61R (driver),no alteration,no alteration,no alteration
87,paad_tcga_pan_can_atlas_2018,TCGA-IB-7893-01,TCGA-IB-7893,1,G12D (driver),G12D (driver),no alteration,no alteration,no alteration
88,paad_tcga_pan_can_atlas_2018,TCGA-IB-8127-01,TCGA-IB-8127,1,G12D (driver),G12D (driver),no alteration,no alteration,no alteration
89,paad_tcga_pan_can_atlas_2018,TCGA-IB-A5SO-01,TCGA-IB-A5SO,1,G12D (driver),G12D (driver),no alteration,no alteration,no alteration
90,paad_tcga_pan_can_atlas_2018,TCGA-IB-A5SP-01,TCGA-IB-A5SP,1,G12D (driver),G12D (driver),no alteration,no alteration,no alteration
91,paad_tcga_pan_can_atlas_2018,TCGA-IB-A5SS-01,TCGA-IB-A5SS,1,G12D (driver),G12D (driver),no alteration,no alteration,no alteration
92,paad_tcga_pan_can_atlas_2018,TCGA-IB-A6UF-01,TCGA-IB-A6UF,1,"G12R (driver), AMP (driver)",G12R (driver),AMP (driver),AMP (driver),no alteration
93,paad_tcga_pan_can_atlas_2018,TCGA-IB-A6UG-01,TCGA-IB-A6UG,1,G12D (driver),G12D (driver),no alteration,no alteration,no alteration
94,paad_tcga_pan_can_atlas_2018,TCGA-IB-A7LX-01,TCGA-IB-A7LX,1,G12D (driver),G12D (driver),no alteration,no alteration,no alteration
95,paad_tcga_pan_can_atlas_2018,TCGA-IB-A7M4-01,TCGA-IB-A7M4,1,G12D (driver),G12D (driver),no alteration,no alteration,no alteration
96,paad_tcga_pan_can_atlas_2018,TCGA-IB-AAUM-01,TCGA-IB-AAUM,1,G12D (driver),G12D (driver),no alteration,no alteration,no alteration
97,paad_tcga_pan_can_atlas_2018,TCGA-IB-AAUN-01,TCGA-IB-AAUN,1,G12D (driver),G12D (driver),no alteration,no alteration,no alteration
98,paad_tcga_pan_can_atlas_2018,TCGA-IB-AAUO-01,TCGA-IB-AAUO,1,G12D (driver),G12D (driver),no alteration,no alteration,no alteration
99,paad_tcga_pan_can_atlas_2018,TCGA-IB-AAUQ-01,TCGA-IB-AAUQ,1,G12D (driver),G12D (driver),no alteration,no alteration,no alteration
100,paad_tcga_pan_can_atlas_2018,TCGA-IB-AAUU-01,TCGA-IB-AAUU,1,G12R (driver),G12R (driver),no alteration,no alteration,no alteration
101,paad_tcga_pan_can_atlas_2018,TCGA-M8-A5N4-01,TCGA-M8-A5N4,1,G12D (driver),G12D (driver),no alteration,no alteration,no alteration
102,paad_tcga_pan_can_atlas_2018,TCGA-OE-A75W-01,TCGA-OE-A75W,1,G12D (driver),G12D (driver),no alteration,no alteration,no alteration
103,paad_tcga_pan_can_atlas_2018,TCGA-PZ-A5RE-01,TCGA-PZ-A5RE,1,Q61H (driver),Q61H (driver),no alteration,no alteration,no alteration
104,paad_tcga_pan_can_atlas_2018,TCGA-Q3-AA2A-01,TCGA-Q3-AA2A,1,G12V (driver),G12V (driver),no alteration,no alteration,no alteration
105,paad_tcga_pan_can_atlas_2018,TCGA-RB-A7B8-01,TCGA-RB-A7B8,1,G12R (driver),G12R (driver),no alteration,no alteration,no alteration
106,paad_tcga_pan_can_atlas_2018,TCGA-S4-A8RM-01,TCGA-S4-A8RM,1,G12V (driver),G12V (driver),no alteration,no alteration,no alteration
107,paad_tcga_pan_can_atlas_2018,TCGA-S4-A8RO-01,TCGA-S4-A8RO,1,G12D (driver),G12D (driver),no alteration,no alteration,no alteration
108,paad_tcga_pan_can_atlas_2018,TCGA-S4-A8RP-01,TCGA-S4-A8RP,1,G12R (driver),G12R (driver),no alteration,no alteration,no alteration
109,paad_tcga_pan_can_atlas_2018,TCGA-US-A779-01,TCGA-US-A779,1,G12D (driver),G12D (driver),no alteration,no alteration,no alteration
110,paad_tcga_pan_can_atlas_2018,TCGA-US-A77G-01,TCGA-US-A77G,1,G12R (driver),G12R (driver),no alteration,no alteration,no alteration
111,paad_tcga_pan_can_atlas_2018,TCGA-XD-AAUI-01,TCGA-XD-AAUI,1,G12V (driver),G12V (driver),no alteration,no alteration,no alteration
112,paad_tcga_pan_can_atlas_2018,TCGA-XD-AAUL-01,TCGA-XD-AAUL,1,G12R (driver),G12R (driver),no alteration,no alteration,no alteration
113,paad_tcga_pan_can_atlas_2018,TCGA-XN-A8T3-01,TCGA-XN-A8T3,1,G12D (driver),G12D (driver),no alteration,no alteration,no alteration
114,paad_tcga_pan_can_atlas_2018,TCGA-YB-A89D-01,TCGA-YB-A89D,1,G12R (driver),G12R (driver),no alteration,no alteration,no alteration
115,paad_tcga_pan_can_atlas_2018,TCGA-YH-A8SY-01,TCGA-YH-A8SY,1,"G12V (driver), AMP (driver)",G12V (driver),AMP (driver),AMP (driver),no alteration
116,paad_tcga_pan_can_atlas_2018,TCGA-YY-A8LH-01,TCGA-YY-A8LH,1,G12V (driver),G12V (driver),no alteration,no alteration,no alteration
117,paad_tcga_pan_can_atlas_2018,TCGA-2J-AAB9-01,TCGA-2J-AAB9,0,no alteration,no alteration,no alteration,no alteration,no alteration
118,paad_tcga_pan_can_atlas_2018,TCGA-2J-AABA-01,TCGA-2J-AABA,0,no alteration,no alteration,no alteration,no alteration,no alteration
119,paad_tcga_pan_can_atlas_2018,TCGA-2J-AABP-01,TCGA-2J-AABP,0,no alteration,no alteration,no alteration,no alteration,no alteration
120,paad_tcga_pan_can_atlas_2018,TCGA-2J-AABR-01,TCGA-2J-AABR,0,no alteration,no alteration,no alteration,no alteration,no alteration
121,paad_tcga_pan_can_atlas_2018,TCGA-2J-AABV-01,TCGA-2J-AABV,0,no alteration,no alteration,no alteration,no alteration,no alteration
122,paad_tcga_pan_can_atlas_2018,TCGA-2L-AAQM-01,TCGA-2L-AAQM,0,no alteration,no alteration,no alteration,no alteration,no alteration
123,paad_tcga_pan_can_atlas_2018,TCGA-3A-A9I5-01,TCGA-3A-A9I5,0,no alteration,no alteration,no alteration,no alteration,no alteration
124,paad_tcga_pan_can_atlas_2018,TCGA-3A-A9IJ-01,TCGA-3A-A9IJ,0,no alteration,no alteration,no alteration,no alteration,no alteration
125,paad_tcga_pan_can_atlas_2018,TCGA-3A-A9IL-01,TCGA-3A-A9IL,0,no alteration,no alteration,no alteration,no alteration,no alteration
126,paad_tcga_pan_can_atlas_2018,TCGA-3A-A9IN-01,TCGA-3A-A9IN,0,no alteration,no alteration,no alteration,no alteration,no alteration
127,paad_tcga_pan_can_atlas_2018,TCGA-3A-A9IO-01,TCGA-3A-A9IO,0,no alteration,no alteration,no alteration,no alteration,no alteration
128,paad_tcga_pan_can_atlas_2018,TCGA-3A-A9IR-01,TCGA-3A-A9IR,0,no alteration,no alteration,no alteration,no alteration,no alteration
129,paad_tcga_pan_can_atlas_2018,TCGA-3A-A9IS-01,TCGA-3A-A9IS,0,no alteration,no alteration,no alteration,no alteration,no alteration
130,paad_tcga_pan_can_atlas_2018,TCGA-3A-A9IV-01,TCGA-3A-A9IV,0,no alteration,no alteration,no alteration,no alteration,no alteration
131,paad_tcga_pan_can_atlas_2018,TCGA-3A-A9IX-01,TCGA-3A-A9IX,0,no alteration,no alteration,no alteration,no alteration,no alteration
132,paad_tcga_pan_can_atlas_2018,TCGA-3A-A9J0-01,TCGA-3A-A9J0,0,no alteration,no alteration,no alteration,no alteration,no alteration
133,paad_tcga_pan_can_atlas_2018,TCGA-3E-AAAY-01,TCGA-3E-AAAY,0,no alteration,no alteration,no alteration,no alteration,no alteration
134,paad_tcga_pan_can_atlas_2018,TCGA-F2-6880-01,TCGA-F2-6880,0,no alteration,no alteration,no alteration,no alteration,no alteration
135,paad_tcga_pan_can_atlas_2018,TCGA-F2-7273-01,TCGA-F2-7273,0,no alteration,no alteration,no alteration,no alteration,no alteration
136,paad_tcga_pan_can_atlas_2018,TCGA-F2-7276-01,TCGA-F2-7276,0,no alteration,not profiled,no alteration,no alteration,no alteration
137,paad_tcga_pan_can_atlas_2018,TCGA-F2-A44H-01,TCGA-F2-A44H,0,no alteration,no alteration,no alteration,no alteration,no alteration
138,paad_tcga_pan_can_atlas_2018,TCGA-FB-A4P5-01,TCGA-FB-A4P5,0,no alteration,no alteration,no alteration,no alteration,no alteration
139,paad_tcga_pan_can_atlas_2018,TCGA-FB-A4P6-01,TCGA-FB-A4P6,0,no alteration,no alteration,no alteration,no alteration,no alteration
140,paad_tcga_pan_can_atlas_2018,TCGA-FB-AAPP-01,TCGA-FB-AAPP,0,no alteration,no alteration,no alteration,no alteration,no alteration
141,paad_tcga_pan_can_atlas_2018,TCGA-FB-AAPS-01,TCGA-FB-AAPS,0,no alteration,no alteration,no alteration,no alteration,no alteration
142,paad_tcga_pan_can_atlas_2018,TCGA-H6-A45N-01,TCGA-H6-A45N,0,no alteration,no alteration,no alteration,no alteration,no alteration
143,paad_tcga_pan_can_atlas_2018,TCGA-HV-A5A5-01,TCGA-HV-A5A5,0,no alteration,no alteration,no alteration,no alteration,no alteration
144,paad_tcga_pan_can_atlas_2018,TCGA-HZ-7289-01,TCGA-HZ-7289,0,no alteration,no alteration,no alteration,no alteration,no alteration
145,paad_tcga_pan_can_atlas_2018,TCGA-HZ-7918-01,TCGA-HZ-7918,0,no alteration,no alteration,no alteration,no alteration,no alteration
146,paad_tcga_pan_can_atlas_2018,TCGA-HZ-7920-01,TCGA-HZ-7920,0,no alteration,no alteration,no alteration,no alteration,no alteration
147,paad_tcga_pan_can_atlas_2018,TCGA-HZ-7923-01,TCGA-HZ-7923,0,no alteration,not profiled,no alteration,no alteration,no alteration
148,paad_tcga_pan_can_atlas_2018,TCGA-HZ-7924-01,TCGA-HZ-7924,0,no alteration,no alteration,no alteration,no alteration,no alteration
149,paad_tcga_pan_can_atlas_2018,TCGA-HZ-8001-01,TCGA-HZ-8001,0,no alteration,no alteration,no alteration,no alteration,no alteration
150,paad_tcga_pan_can_atlas_2018,TCGA-HZ-8002-01,TCGA-HZ-8002,0,no alteration,no alteration,no alteration,no alteration,no alteration
151,paad_tcga_pan_can_atlas_2018,TCGA-HZ-8003-01,TCGA-HZ-8003,0,no alteration,no alteration,no alteration,no alteration,no alteration
152,paad_tcga_pan_can_atlas_2018,TCGA-HZ-8317-01,TCGA-HZ-8317,0,no alteration,no alteration,no alteration,no alteration,no alteration
153,paad_tcga_pan_can_atlas_2018,TCGA-HZ-8519-01,TCGA-HZ-8519,0,no alteration,not profiled,no alteration,no alteration,no alteration
154,paad_tcga_pan_can_atlas_2018,TCGA-HZ-8638-01,TCGA-HZ-8638,0,no alteration,no alteration,no alteration,no alteration,no alteration
155,paad_tcga_pan_can_atlas_2018,TCGA-HZ-A77P-01,TCGA-HZ-A77P,0,no alteration,no alteration,no alteration,no alteration,no alteration
156,paad_tcga_pan_can_atlas_2018,TCGA-IB-7885-01,TCGA-IB-7885,0,no alteration,no alteration,no alteration,no alteration,no alteration
157,paad_tcga_pan_can_atlas_2018,TCGA-IB-7888-01,TCGA-IB-7888,0,no alteration,no alteration,no alteration,no alteration,no alteration
158,paad_tcga_pan_can_atlas_2018,TCGA-IB-7891-01,TCGA-IB-7891,0,no alteration,no alteration,no alteration,no alteration,no alteration
159,paad_tcga_pan_can_atlas_2018,TCGA-IB-7897-01,TCGA-IB-7897,0,no alteration,no alteration,no alteration,no alteration,no alteration
160,paad_tcga_pan_can_atlas_2018,TCGA-IB-8126-01,TCGA-IB-8126,0,no alteration,no alteration,no alteration,no alteration,no alteration
161,paad_tcga_pan_can_atlas_2018,TCGA-IB-A5SQ-01,TCGA-IB-A5SQ,0,no alteration,no alteration,no alteration,no alteration,no alteration
162,paad_tcga_pan_can_atlas_2018,TCGA-IB-A5ST-01,TCGA-IB-A5ST,0,no alteration,no alteration,no alteration,no alteration,no alteration
163,paad_tcga_pan_can_atlas_2018,TCGA-IB-AAUP-01,TCGA-IB-AAUP,0,no alteration,no alteration,no alteration,no alteration,no alteration
164,paad_tcga_pan_can_atlas_2018,TCGA-IB-AAUR-01,TCGA-IB-AAUR,0,no alteration,no alteration,no alteration,no alteration,no alteration
165,paad_tcga_pan_can_atlas_2018,TCGA-IB-AAUS-01,TCGA-IB-AAUS,0,no alteration,no alteration,no alteration,no alteration,no alteration
166,paad_tcga_pan_can_atlas_2018,TCGA-IB-AAUT-01,TCGA-IB-AAUT,0,no alteration,not profiled,no alteration,no alteration,no alteration
167,paad_tcga_pan_can_atlas_2018,TCGA-IB-AAUV-01,TCGA-IB-AAUV,0,no alteration,no alteration,no alteration,no alteration,no alteration
168,paad_tcga_pan_can_atlas_2018,TCGA-IB-AAUW-01,TCGA-IB-AAUW,0,no alteration,no alteration,no alteration,no alteration,no alteration
169,paad_tcga_pan_can_atlas_2018,TCGA-L1-A7W4-01,TCGA-L1-A7W4,0,no alteration,no alteration,no alteration,no alteration,no alteration
170,paad_tcga_pan_can_atlas_2018,TCGA-LB-A7SX-01,TCGA-LB-A7SX,0,no alteration,no alteration,no alteration,no alteration,no alteration
171,paad_tcga_pan_can_atlas_2018,TCGA-LB-A8F3-01,TCGA-LB-A8F3,0,no alteration,no alteration,no alteration,no alteration,no alteration
172,paad_tcga_pan_can_atlas_2018,TCGA-LB-A9Q5-01,TCGA-LB-A9Q5,0,no alteration,no alteration,no alteration,no alteration,no alteration
173,paad_tcga_pan_can_atlas_2018,TCGA-Q3-A5QY-01,TCGA-Q3-A5QY,0,no alteration,no alteration,no alteration,no alteration,no alteration
174,paad_tcga_pan_can_atlas_2018,TCGA-RB-AA9M-01,TCGA-RB-AA9M,0,no alteration,no alteration,no alteration,no alteration,no alteration
175,paad_tcga_pan_can_atlas_2018,TCGA-RL-AAAS-01,TCGA-RL-AAAS,0,no alteration,no alteration,no alteration,no alteration,no alteration
176,paad_tcga_pan_can_atlas_2018,TCGA-US-A774-01,TCGA-US-A774,0,no alteration,no alteration,no alteration,no alteration,no alteration
177,paad_tcga_pan_can_atlas_2018,TCGA-US-A776-01,TCGA-US-A776,0,no alteration,no alteration,no alteration,no alteration,no alteration
178,paad_tcga_pan_can_atlas_2018,TCGA-US-A77E-01,TCGA-US-A77E,0,no alteration,no alteration,no alteration,no alteration,no alteration
179,paad_tcga_pan_can_atlas_2018,TCGA-US-A77J-01,TCGA-US-A77J,0,no alteration,not profiled,no alteration,no alteration,no alteration
180,paad_tcga_pan_can_atlas_2018,TCGA-XD-AAUG-01,TCGA-XD-AAUG,0,no alteration,no alteration,no alteration,no alteration,no alteration
181,paad_tcga_pan_can_atlas_2018,TCGA-XD-AAUH-01,TCGA-XD-AAUH,0,no alteration,no alteration,no alteration,no alteration,no alteration
182,paad_tcga_pan_can_atlas_2018,TCGA-XN-A8T5-01,TCGA-XN-A8T5,0,no alteration,no alteration,no alteration,no alteration,no alteration
183,paad_tcga_pan_can_atlas_2018,TCGA-Z5-AAPL-01,TCGA-Z5-AAPL,0,no alteration,no alteration,no alteration,no alteration,no alteration
