,Study ID,Sample ID,Patient ID,Altered,BRAF,BRAF: MUT,BRAF: AMP,BRAF: HOMDEL,BRAF: FUSION
0,lusc_tcga_pan_can_atlas_2018,TCGA-21-5787-01,TCGA-21-5787,1,G469R (driver),G469R (driver),no alteration,no alteration,no alteration
1,lusc_tcga_pan_can_atlas_2018,TCGA-34-2596-01,TCGA-34-2596,1,"D380H, AMP (driver)",D380H,AMP (driver),AMP (driver),no alteration
2,lusc_tcga_pan_can_atlas_2018,TCGA-34-5231-01,TCGA-34-5231,1,X621_splice,X621_splice,no alteration,no alteration,no alteration
3,lusc_tcga_pan_can_atlas_2018,TCGA-37-3783-01,TCGA-37-3783,1,R95T,R95T,no alteration,no alteration,no alteration
4,lusc_tcga_pan_can_atlas_2018,TCGA-37-4141-01,TCGA-37-4141,1,Q609H,Q609H,no alteration,no alteration,no alteration
5,lusc_tcga_pan_can_atlas_2018,TCGA-39-5011-01,TCGA-39-5011,1,AMP (driver),no alteration,AMP (driver),AMP (driver),no alteration
6,lusc_tcga_pan_can_atlas_2018,TCGA-39-5031-01,TCGA-39-5031,1,G464V (driver),G464V (driver),no alteration,no alteration,no alteration
7,lusc_tcga_pan_can_atlas_2018,TCGA-43-A475-01,TCGA-43-A475,1,X238_splice,X238_splice,no alteration,no alteration,no alteration
8,lusc_tcga_pan_can_atlas_2018,TCGA-46-3765-01,TCGA-46-3765,1,R671L (driver),R671L (driver),no alteration,no alteration,no alteration
9,lusc_tcga_pan_can_atlas_2018,TCGA-56-8308-01,TCGA-56-8308,1,D385N,D385N,no alteration,no alteration,no alteration
10,lusc_tcga_pan_can_atlas_2018,TCGA-63-5128-01,TCGA-63-5128,1,V639I,V639I,no alteration,no alteration,no alteration
11,lusc_tcga_pan_can_atlas_2018,TCGA-63-7021-01,TCGA-63-7021,1,AMP (driver),no alteration,AMP (driver),AMP (driver),no alteration
12,lusc_tcga_pan_can_atlas_2018,TCGA-68-7755-01,TCGA-68-7755,1,L733F,L733F,no alteration,no alteration,no alteration
13,lusc_tcga_pan_can_atlas_2018,TCGA-68-A59J-01,TCGA-68-A59J,1,W210L,W210L,no alteration,no alteration,no alteration
14,lusc_tcga_pan_can_atlas_2018,TCGA-77-A5G3-01,TCGA-77-A5G3,1,D594N (driver),D594N (driver),no alteration,no alteration,no alteration
15,lusc_tcga_pan_can_atlas_2018,TCGA-85-A4QR-01,TCGA-85-A4QR,1,AMP (driver),no alteration,AMP (driver),AMP (driver),no alteration
16,lusc_tcga_pan_can_atlas_2018,TCGA-85-A513-01,TCGA-85-A513,1,HOMDEL,no alteration,HOMDEL,HOMDEL,no alteration
17,lusc_tcga_pan_can_atlas_2018,TCGA-90-A4ED-01,TCGA-90-A4ED,1,H725Y (driver),H725Y (driver),no alteration,no alteration,no alteration
18,lusc_tcga_pan_can_atlas_2018,TCGA-94-A5I4-01,TCGA-94-A5I4,1,AMP (driver),no alteration,AMP (driver),AMP (driver),no alteration
19,lusc_tcga_pan_can_atlas_2018,TCGA-98-A53B-01,TCGA-98-A53B,1,G469A (driver),G469A (driver),no alteration,no alteration,no alteration
20,lusc_tcga_pan_can_atlas_2018,TCGA-18-3406-01,TCGA-18-3406,0,no alteration,no alteration,no alteration,no alteration,no alteration
21,lusc_tcga_pan_can_atlas_2018,TCGA-18-3407-01,TCGA-18-3407,0,no alteration,no alteration,no alteration,no alteration,no alteration
22,lusc_tcga_pan_can_atlas_2018,TCGA-18-3408-01,TCGA-18-3408,0,no alteration,no alteration,no alteration,no alteration,no alteration
23,lusc_tcga_pan_can_atlas_2018,TCGA-18-3410-01,TCGA-18-3410,0,no alteration,no alteration,no alteration,no alteration,no alteration
24,lusc_tcga_pan_can_atlas_2018,TCGA-18-3411-01,TCGA-18-3411,0,no alteration,no alteration,no alteration,no alteration,no alteration
25,lusc_tcga_pan_can_atlas_2018,TCGA-18-3412-01,TCGA-18-3412,0,no alteration,no alteration,no alteration,no alteration,no alteration
26,lusc_tcga_pan_can_atlas_2018,TCGA-18-3414-01,TCGA-18-3414,0,no alteration,no alteration,no alteration,no alteration,no alteration
27,lusc_tcga_pan_can_atlas_2018,TCGA-18-3415-01,TCGA-18-3415,0,no alteration,no alteration,no alteration,no alteration,no alteration
28,lusc_tcga_pan_can_atlas_2018,TCGA-18-3416-01,TCGA-18-3416,0,no alteration,no alteration,no alteration,no alteration,no alteration
29,lusc_tcga_pan_can_atlas_2018,TCGA-18-3417-01,TCGA-18-3417,0,no alteration,no alteration,no alteration,no alteration,no alteration
30,lusc_tcga_pan_can_atlas_2018,TCGA-18-3419-01,TCGA-18-3419,0,no alteration,no alteration,no alteration,no alteration,no alteration
31,lusc_tcga_pan_can_atlas_2018,TCGA-18-3421-01,TCGA-18-3421,0,no alteration,no alteration,no alteration,no alteration,no alteration
32,lusc_tcga_pan_can_atlas_2018,TCGA-18-4083-01,TCGA-18-4083,0,no alteration,no alteration,no alteration,no alteration,no alteration
33,lusc_tcga_pan_can_atlas_2018,TCGA-18-4086-01,TCGA-18-4086,0,no alteration,no alteration,no alteration,no alteration,no alteration
34,lusc_tcga_pan_can_atlas_2018,TCGA-18-4721-01,TCGA-18-4721,0,no alteration,no alteration,no alteration,no alteration,no alteration
35,lusc_tcga_pan_can_atlas_2018,TCGA-18-5592-01,TCGA-18-5592,0,no alteration,no alteration,no alteration,no alteration,no alteration
36,lusc_tcga_pan_can_atlas_2018,TCGA-21-1071-01,TCGA-21-1071,0,no alteration,no alteration,no alteration,no alteration,no alteration
37,lusc_tcga_pan_can_atlas_2018,TCGA-21-1072-01,TCGA-21-1072,0,no alteration,no alteration,no alteration,no alteration,no alteration
38,lusc_tcga_pan_can_atlas_2018,TCGA-21-1075-01,TCGA-21-1075,0,no alteration,no alteration,no alteration,no alteration,no alteration
39,lusc_tcga_pan_can_atlas_2018,TCGA-21-1076-01,TCGA-21-1076,0,no alteration,no alteration,no alteration,no alteration,no alteration
40,lusc_tcga_pan_can_atlas_2018,TCGA-21-1079-01,TCGA-21-1079,0,no alteration,no alteration,no alteration,no alteration,no alteration
41,lusc_tcga_pan_can_atlas_2018,TCGA-21-1080-01,TCGA-21-1080,0,no alteration,no alteration,no alteration,no alteration,no alteration
42,lusc_tcga_pan_can_atlas_2018,TCGA-21-1081-01,TCGA-21-1081,0,no alteration,no alteration,no alteration,no alteration,no alteration
43,lusc_tcga_pan_can_atlas_2018,TCGA-21-1082-01,TCGA-21-1082,0,no alteration,no alteration,no alteration,no alteration,no alteration
44,lusc_tcga_pan_can_atlas_2018,TCGA-21-5782-01,TCGA-21-5782,0,no alteration,no alteration,no alteration,no alteration,no alteration
45,lusc_tcga_pan_can_atlas_2018,TCGA-21-5783-01,TCGA-21-5783,0,no alteration,no alteration,no alteration,no alteration,no alteration
46,lusc_tcga_pan_can_atlas_2018,TCGA-21-5784-01,TCGA-21-5784,0,no alteration,no alteration,no alteration,no alteration,no alteration
47,lusc_tcga_pan_can_atlas_2018,TCGA-21-5786-01,TCGA-21-5786,0,no alteration,no alteration,no alteration,no alteration,no alteration
48,lusc_tcga_pan_can_atlas_2018,TCGA-22-1000-01,TCGA-22-1000,0,no alteration,no alteration,no alteration,no alteration,no alteration
49,lusc_tcga_pan_can_atlas_2018,TCGA-22-1002-01,TCGA-22-1002,0,no alteration,no alteration,no alteration,no alteration,no alteration
50,lusc_tcga_pan_can_atlas_2018,TCGA-22-1005-01,TCGA-22-1005,0,no alteration,no alteration,no alteration,no alteration,no alteration
51,lusc_tcga_pan_can_atlas_2018,TCGA-22-1011-01,TCGA-22-1011,0,no alteration,no alteration,no alteration,no alteration,no alteration
52,lusc_tcga_pan_can_atlas_2018,TCGA-22-1012-01,TCGA-22-1012,0,no alteration,no alteration,no alteration,no alteration,no alteration
53,lusc_tcga_pan_can_atlas_2018,TCGA-22-1016-01,TCGA-22-1016,0,no alteration,no alteration,no alteration,no alteration,no alteration
54,lusc_tcga_pan_can_atlas_2018,TCGA-22-1017-01,TCGA-22-1017,0,no alteration,no alteration,no alteration,no alteration,no alteration
55,lusc_tcga_pan_can_atlas_2018,TCGA-22-4591-01,TCGA-22-4591,0,no alteration,no alteration,no alteration,no alteration,no alteration
56,lusc_tcga_pan_can_atlas_2018,TCGA-22-4593-01,TCGA-22-4593,0,no alteration,no alteration,no alteration,no alteration,no alteration
57,lusc_tcga_pan_can_atlas_2018,TCGA-22-4594-01,TCGA-22-4594,0,no alteration,no alteration,no alteration,no alteration,no alteration
58,lusc_tcga_pan_can_atlas_2018,TCGA-22-4595-01,TCGA-22-4595,0,no alteration,no alteration,no alteration,no alteration,no alteration
59,lusc_tcga_pan_can_atlas_2018,TCGA-22-4596-01,TCGA-22-4596,0,no alteration,no alteration,no alteration,no alteration,no alteration
60,lusc_tcga_pan_can_atlas_2018,TCGA-22-4599-01,TCGA-22-4599,0,no alteration,no alteration,no alteration,no alteration,no alteration
61,lusc_tcga_pan_can_atlas_2018,TCGA-22-4601-01,TCGA-22-4601,0,no alteration,no alteration,no alteration,no alteration,no alteration
62,lusc_tcga_pan_can_atlas_2018,TCGA-22-4604-01,TCGA-22-4604,0,no alteration,no alteration,no alteration,no alteration,no alteration
63,lusc_tcga_pan_can_atlas_2018,TCGA-22-4605-01,TCGA-22-4605,0,no alteration,no alteration,no alteration,no alteration,no alteration
64,lusc_tcga_pan_can_atlas_2018,TCGA-22-4607-01,TCGA-22-4607,0,no alteration,no alteration,no alteration,no alteration,no alteration
65,lusc_tcga_pan_can_atlas_2018,TCGA-22-4609-01,TCGA-22-4609,0,no alteration,no alteration,no alteration,no alteration,no alteration
66,lusc_tcga_pan_can_atlas_2018,TCGA-22-4613-01,TCGA-22-4613,0,no alteration,no alteration,no alteration,no alteration,no alteration
67,lusc_tcga_pan_can_atlas_2018,TCGA-22-5471-01,TCGA-22-5471,0,no alteration,no alteration,no alteration,no alteration,no alteration
68,lusc_tcga_pan_can_atlas_2018,TCGA-22-5472-01,TCGA-22-5472,0,no alteration,no alteration,no alteration,no alteration,no alteration
69,lusc_tcga_pan_can_atlas_2018,TCGA-22-5473-01,TCGA-22-5473,0,no alteration,no alteration,no alteration,no alteration,no alteration
70,lusc_tcga_pan_can_atlas_2018,TCGA-22-5474-01,TCGA-22-5474,0,no alteration,no alteration,no alteration,no alteration,no alteration
71,lusc_tcga_pan_can_atlas_2018,TCGA-22-5477-01,TCGA-22-5477,0,no alteration,no alteration,no alteration,no alteration,no alteration
72,lusc_tcga_pan_can_atlas_2018,TCGA-22-5478-01,TCGA-22-5478,0,no alteration,no alteration,no alteration,no alteration,no alteration
73,lusc_tcga_pan_can_atlas_2018,TCGA-22-5479-01,TCGA-22-5479,0,no alteration,no alteration,no alteration,no alteration,no alteration
74,lusc_tcga_pan_can_atlas_2018,TCGA-22-5480-01,TCGA-22-5480,0,no alteration,no alteration,no alteration,no alteration,no alteration
75,lusc_tcga_pan_can_atlas_2018,TCGA-22-5481-01,TCGA-22-5481,0,no alteration,no alteration,no alteration,no alteration,no alteration
76,lusc_tcga_pan_can_atlas_2018,TCGA-22-5482-01,TCGA-22-5482,0,no alteration,no alteration,no alteration,no alteration,no alteration
77,lusc_tcga_pan_can_atlas_2018,TCGA-22-5483-01,TCGA-22-5483,0,no alteration,no alteration,no alteration,no alteration,no alteration
78,lusc_tcga_pan_can_atlas_2018,TCGA-22-5485-01,TCGA-22-5485,0,no alteration,no alteration,no alteration,no alteration,no alteration
79,lusc_tcga_pan_can_atlas_2018,TCGA-22-5489-01,TCGA-22-5489,0,no alteration,no alteration,no alteration,no alteration,no alteration
80,lusc_tcga_pan_can_atlas_2018,TCGA-22-5491-01,TCGA-22-5491,0,no alteration,no alteration,no alteration,no alteration,no alteration
81,lusc_tcga_pan_can_atlas_2018,TCGA-22-5492-01,TCGA-22-5492,0,no alteration,no alteration,no alteration,no alteration,no alteration
82,lusc_tcga_pan_can_atlas_2018,TCGA-22-A5C4-01,TCGA-22-A5C4,0,no alteration,no alteration,no alteration,no alteration,no alteration
83,lusc_tcga_pan_can_atlas_2018,TCGA-33-4532-01,TCGA-33-4532,0,no alteration,no alteration,no alteration,no alteration,no alteration
84,lusc_tcga_pan_can_atlas_2018,TCGA-33-4533-01,TCGA-33-4533,0,no alteration,no alteration,no alteration,no alteration,no alteration
85,lusc_tcga_pan_can_atlas_2018,TCGA-33-4538-01,TCGA-33-4538,0,no alteration,no alteration,no alteration,no alteration,no alteration
86,lusc_tcga_pan_can_atlas_2018,TCGA-33-4547-01,TCGA-33-4547,0,no alteration,no alteration,no alteration,no alteration,no alteration
87,lusc_tcga_pan_can_atlas_2018,TCGA-33-4566-01,TCGA-33-4566,0,no alteration,no alteration,no alteration,no alteration,no alteration
88,lusc_tcga_pan_can_atlas_2018,TCGA-33-4582-01,TCGA-33-4582,0,no alteration,no alteration,no alteration,no alteration,no alteration
89,lusc_tcga_pan_can_atlas_2018,TCGA-33-4583-01,TCGA-33-4583,0,no alteration,no alteration,no alteration,no alteration,no alteration
90,lusc_tcga_pan_can_atlas_2018,TCGA-33-4586-01,TCGA-33-4586,0,no alteration,no alteration,no alteration,no alteration,no alteration
91,lusc_tcga_pan_can_atlas_2018,TCGA-33-4587-01,TCGA-33-4587,0,no alteration,no alteration,no alteration,no alteration,no alteration
92,lusc_tcga_pan_can_atlas_2018,TCGA-33-4589-01,TCGA-33-4589,0,no alteration,no alteration,no alteration,no alteration,no alteration
93,lusc_tcga_pan_can_atlas_2018,TCGA-33-6738-01,TCGA-33-6738,0,no alteration,no alteration,no alteration,no alteration,no alteration
94,lusc_tcga_pan_can_atlas_2018,TCGA-33-A4WN-01,TCGA-33-A4WN,0,no alteration,no alteration,no alteration,no alteration,no alteration
95,lusc_tcga_pan_can_atlas_2018,TCGA-33-A5GW-01,TCGA-33-A5GW,0,no alteration,no alteration,no alteration,no alteration,no alteration
96,lusc_tcga_pan_can_atlas_2018,TCGA-33-AAS8-01,TCGA-33-AAS8,0,no alteration,no alteration,no alteration,no alteration,no alteration
97,lusc_tcga_pan_can_atlas_2018,TCGA-33-AASB-01,TCGA-33-AASB,0,no alteration,no alteration,no alteration,no alteration,no alteration
98,lusc_tcga_pan_can_atlas_2018,TCGA-33-AASD-01,TCGA-33-AASD,0,no alteration,no alteration,no alteration,no alteration,no alteration
99,lusc_tcga_pan_can_atlas_2018,TCGA-33-AASI-01,TCGA-33-AASI,0,no alteration,no alteration,no alteration,no alteration,no alteration
100,lusc_tcga_pan_can_atlas_2018,TCGA-33-AASJ-01,TCGA-33-AASJ,0,no alteration,no alteration,no alteration,no alteration,no alteration
101,lusc_tcga_pan_can_atlas_2018,TCGA-33-AASL-01,TCGA-33-AASL,0,no alteration,no alteration,no alteration,no alteration,no alteration
102,lusc_tcga_pan_can_atlas_2018,TCGA-34-2600-01,TCGA-34-2600,0,no alteration,no alteration,no alteration,no alteration,no alteration
103,lusc_tcga_pan_can_atlas_2018,TCGA-34-2604-01,TCGA-34-2604,0,no alteration,no alteration,no alteration,no alteration,no alteration
104,lusc_tcga_pan_can_atlas_2018,TCGA-34-2605-01,TCGA-34-2605,0,no alteration,no alteration,no alteration,no alteration,no alteration
105,lusc_tcga_pan_can_atlas_2018,TCGA-34-2608-01,TCGA-34-2608,0,no alteration,no alteration,no alteration,no alteration,no alteration
106,lusc_tcga_pan_can_atlas_2018,TCGA-34-2609-01,TCGA-34-2609,0,no alteration,no alteration,no alteration,no alteration,no alteration
107,lusc_tcga_pan_can_atlas_2018,TCGA-34-5232-01,TCGA-34-5232,0,no alteration,no alteration,no alteration,no alteration,no alteration
108,lusc_tcga_pan_can_atlas_2018,TCGA-34-5234-01,TCGA-34-5234,0,no alteration,no alteration,no alteration,no alteration,no alteration
109,lusc_tcga_pan_can_atlas_2018,TCGA-34-5236-01,TCGA-34-5236,0,no alteration,no alteration,no alteration,no alteration,no alteration
110,lusc_tcga_pan_can_atlas_2018,TCGA-34-5239-01,TCGA-34-5239,0,no alteration,no alteration,no alteration,no alteration,no alteration
111,lusc_tcga_pan_can_atlas_2018,TCGA-34-5240-01,TCGA-34-5240,0,no alteration,no alteration,no alteration,no alteration,no alteration
112,lusc_tcga_pan_can_atlas_2018,TCGA-34-5241-01,TCGA-34-5241,0,no alteration,no alteration,no alteration,no alteration,no alteration
113,lusc_tcga_pan_can_atlas_2018,TCGA-34-5927-01,TCGA-34-5927,0,no alteration,no alteration,no alteration,no alteration,no alteration
114,lusc_tcga_pan_can_atlas_2018,TCGA-34-5928-01,TCGA-34-5928,0,no alteration,no alteration,no alteration,no alteration,no alteration
115,lusc_tcga_pan_can_atlas_2018,TCGA-34-5929-01,TCGA-34-5929,0,no alteration,no alteration,no alteration,no alteration,no alteration
116,lusc_tcga_pan_can_atlas_2018,TCGA-34-7107-01,TCGA-34-7107,0,no alteration,no alteration,no alteration,no alteration,no alteration
117,lusc_tcga_pan_can_atlas_2018,TCGA-34-8454-01,TCGA-34-8454,0,no alteration,no alteration,no alteration,no alteration,no alteration
118,lusc_tcga_pan_can_atlas_2018,TCGA-34-8455-01,TCGA-34-8455,0,no alteration,no alteration,no alteration,no alteration,no alteration
119,lusc_tcga_pan_can_atlas_2018,TCGA-34-8456-01,TCGA-34-8456,0,no alteration,no alteration,no alteration,no alteration,no alteration
120,lusc_tcga_pan_can_atlas_2018,TCGA-34-A5IX-01,TCGA-34-A5IX,0,no alteration,no alteration,no alteration,no alteration,no alteration
121,lusc_tcga_pan_can_atlas_2018,TCGA-37-3789-01,TCGA-37-3789,0,no alteration,no alteration,no alteration,no alteration,no alteration
122,lusc_tcga_pan_can_atlas_2018,TCGA-37-3792-01,TCGA-37-3792,0,no alteration,no alteration,no alteration,no alteration,no alteration
123,lusc_tcga_pan_can_atlas_2018,TCGA-37-4129-01,TCGA-37-4129,0,no alteration,no alteration,no alteration,no alteration,no alteration
124,lusc_tcga_pan_can_atlas_2018,TCGA-37-4130-01,TCGA-37-4130,0,no alteration,no alteration,no alteration,no alteration,no alteration
125,lusc_tcga_pan_can_atlas_2018,TCGA-37-4132-01,TCGA-37-4132,0,no alteration,no alteration,no alteration,no alteration,no alteration
126,lusc_tcga_pan_can_atlas_2018,TCGA-37-4133-01,TCGA-37-4133,0,no alteration,no alteration,no alteration,no alteration,no alteration
127,lusc_tcga_pan_can_atlas_2018,TCGA-37-4135-01,TCGA-37-4135,0,no alteration,no alteration,no alteration,no alteration,no alteration
128,lusc_tcga_pan_can_atlas_2018,TCGA-37-5819-01,TCGA-37-5819,0,no alteration,no alteration,no alteration,no alteration,no alteration
129,lusc_tcga_pan_can_atlas_2018,TCGA-37-A5EL-01,TCGA-37-A5EL,0,no alteration,no alteration,no alteration,no alteration,no alteration
130,lusc_tcga_pan_can_atlas_2018,TCGA-37-A5EN-01,TCGA-37-A5EN,0,no alteration,no alteration,no alteration,no alteration,no alteration
131,lusc_tcga_pan_can_atlas_2018,TCGA-39-5016-01,TCGA-39-5016,0,no alteration,no alteration,no alteration,no alteration,no alteration
132,lusc_tcga_pan_can_atlas_2018,TCGA-39-5019-01,TCGA-39-5019,0,no alteration,no alteration,no alteration,no alteration,no alteration
133,lusc_tcga_pan_can_atlas_2018,TCGA-39-5021-01,TCGA-39-5021,0,no alteration,no alteration,no alteration,no alteration,no alteration
134,lusc_tcga_pan_can_atlas_2018,TCGA-39-5022-01,TCGA-39-5022,0,no alteration,no alteration,no alteration,no alteration,no alteration
135,lusc_tcga_pan_can_atlas_2018,TCGA-39-5024-01,TCGA-39-5024,0,no alteration,no alteration,no alteration,no alteration,no alteration
136,lusc_tcga_pan_can_atlas_2018,TCGA-39-5027-01,TCGA-39-5027,0,no alteration,no alteration,no alteration,no alteration,no alteration
137,lusc_tcga_pan_can_atlas_2018,TCGA-39-5028-01,TCGA-39-5028,0,no alteration,no alteration,no alteration,no alteration,no alteration
138,lusc_tcga_pan_can_atlas_2018,TCGA-39-5029-01,TCGA-39-5029,0,no alteration,no alteration,no alteration,no alteration,no alteration
139,lusc_tcga_pan_can_atlas_2018,TCGA-39-5030-01,TCGA-39-5030,0,no alteration,no alteration,no alteration,no alteration,no alteration
140,lusc_tcga_pan_can_atlas_2018,TCGA-39-5034-01,TCGA-39-5034,0,no alteration,no alteration,no alteration,no alteration,no alteration
141,lusc_tcga_pan_can_atlas_2018,TCGA-39-5035-01,TCGA-39-5035,0,no alteration,no alteration,no alteration,no alteration,no alteration
142,lusc_tcga_pan_can_atlas_2018,TCGA-39-5036-01,TCGA-39-5036,0,no alteration,no alteration,no alteration,no alteration,no alteration
143,lusc_tcga_pan_can_atlas_2018,TCGA-39-5037-01,TCGA-39-5037,0,no alteration,no alteration,no alteration,no alteration,no alteration
144,lusc_tcga_pan_can_atlas_2018,TCGA-39-5039-01,TCGA-39-5039,0,no alteration,no alteration,no alteration,no alteration,no alteration
145,lusc_tcga_pan_can_atlas_2018,TCGA-39-5040-01,TCGA-39-5040,0,no alteration,no alteration,no alteration,no alteration,no alteration
146,lusc_tcga_pan_can_atlas_2018,TCGA-43-2576-01,TCGA-43-2576,0,no alteration,no alteration,no alteration,no alteration,no alteration
147,lusc_tcga_pan_can_atlas_2018,TCGA-43-2578-01,TCGA-43-2578,0,no alteration,no alteration,no alteration,no alteration,no alteration
148,lusc_tcga_pan_can_atlas_2018,TCGA-43-2581-01,TCGA-43-2581,0,no alteration,no alteration,no alteration,no alteration,no alteration
149,lusc_tcga_pan_can_atlas_2018,TCGA-43-3394-01,TCGA-43-3394,0,no alteration,no alteration,no alteration,no alteration,no alteration
150,lusc_tcga_pan_can_atlas_2018,TCGA-43-3920-01,TCGA-43-3920,0,no alteration,no alteration,no alteration,no alteration,no alteration
151,lusc_tcga_pan_can_atlas_2018,TCGA-43-5668-01,TCGA-43-5668,0,no alteration,no alteration,no alteration,no alteration,no alteration
152,lusc_tcga_pan_can_atlas_2018,TCGA-43-5670-01,TCGA-43-5670,0,no alteration,no alteration,no alteration,no alteration,no alteration
153,lusc_tcga_pan_can_atlas_2018,TCGA-43-6143-01,TCGA-43-6143,0,no alteration,no alteration,no alteration,no alteration,no alteration
154,lusc_tcga_pan_can_atlas_2018,TCGA-43-6647-01,TCGA-43-6647,0,no alteration,no alteration,no alteration,no alteration,no alteration
155,lusc_tcga_pan_can_atlas_2018,TCGA-43-6770-01,TCGA-43-6770,0,no alteration,no alteration,no alteration,no alteration,no alteration
156,lusc_tcga_pan_can_atlas_2018,TCGA-43-6771-01,TCGA-43-6771,0,no alteration,no alteration,no alteration,no alteration,no alteration
157,lusc_tcga_pan_can_atlas_2018,TCGA-43-6773-01,TCGA-43-6773,0,no alteration,no alteration,no alteration,no alteration,no alteration
158,lusc_tcga_pan_can_atlas_2018,TCGA-43-7656-01,TCGA-43-7656,0,no alteration,no alteration,no alteration,no alteration,no alteration
159,lusc_tcga_pan_can_atlas_2018,TCGA-43-7657-01,TCGA-43-7657,0,no alteration,no alteration,no alteration,no alteration,no alteration
160,lusc_tcga_pan_can_atlas_2018,TCGA-43-7658-01,TCGA-43-7658,0,no alteration,no alteration,no alteration,no alteration,no alteration
161,lusc_tcga_pan_can_atlas_2018,TCGA-43-8115-01,TCGA-43-8115,0,no alteration,no alteration,no alteration,no alteration,no alteration
162,lusc_tcga_pan_can_atlas_2018,TCGA-43-8116-01,TCGA-43-8116,0,no alteration,no alteration,no alteration,no alteration,no alteration
163,lusc_tcga_pan_can_atlas_2018,TCGA-43-8118-01,TCGA-43-8118,0,no alteration,no alteration,no alteration,no alteration,no alteration
164,lusc_tcga_pan_can_atlas_2018,TCGA-43-A474-01,TCGA-43-A474,0,no alteration,no alteration,no alteration,no alteration,no alteration
165,lusc_tcga_pan_can_atlas_2018,TCGA-43-A56U-01,TCGA-43-A56U,0,no alteration,no alteration,no alteration,no alteration,no alteration
166,lusc_tcga_pan_can_atlas_2018,TCGA-43-A56V-01,TCGA-43-A56V,0,no alteration,no alteration,no alteration,no alteration,no alteration
167,lusc_tcga_pan_can_atlas_2018,TCGA-46-3766-01,TCGA-46-3766,0,no alteration,no alteration,no alteration,no alteration,no alteration
168,lusc_tcga_pan_can_atlas_2018,TCGA-46-3767-01,TCGA-46-3767,0,no alteration,no alteration,no alteration,no alteration,no alteration
169,lusc_tcga_pan_can_atlas_2018,TCGA-46-3768-01,TCGA-46-3768,0,no alteration,no alteration,no alteration,no alteration,no alteration
170,lusc_tcga_pan_can_atlas_2018,TCGA-46-3769-01,TCGA-46-3769,0,no alteration,no alteration,no alteration,no alteration,no alteration
171,lusc_tcga_pan_can_atlas_2018,TCGA-46-6025-01,TCGA-46-6025,0,no alteration,no alteration,no alteration,no alteration,no alteration
172,lusc_tcga_pan_can_atlas_2018,TCGA-46-6026-01,TCGA-46-6026,0,no alteration,no alteration,no alteration,no alteration,no alteration
173,lusc_tcga_pan_can_atlas_2018,TCGA-51-4079-01,TCGA-51-4079,0,no alteration,no alteration,no alteration,no alteration,no alteration
174,lusc_tcga_pan_can_atlas_2018,TCGA-51-4080-01,TCGA-51-4080,0,no alteration,no alteration,no alteration,no alteration,no alteration
175,lusc_tcga_pan_can_atlas_2018,TCGA-51-4081-01,TCGA-51-4081,0,no alteration,no alteration,no alteration,no alteration,no alteration
176,lusc_tcga_pan_can_atlas_2018,TCGA-52-7622-01,TCGA-52-7622,0,no alteration,no alteration,no alteration,no alteration,no alteration
177,lusc_tcga_pan_can_atlas_2018,TCGA-52-7809-01,TCGA-52-7809,0,no alteration,no alteration,no alteration,no alteration,no alteration
178,lusc_tcga_pan_can_atlas_2018,TCGA-52-7810-01,TCGA-52-7810,0,no alteration,no alteration,no alteration,no alteration,no alteration
179,lusc_tcga_pan_can_atlas_2018,TCGA-52-7811-01,TCGA-52-7811,0,no alteration,no alteration,no alteration,no alteration,no alteration
180,lusc_tcga_pan_can_atlas_2018,TCGA-52-7812-01,TCGA-52-7812,0,no alteration,no alteration,no alteration,no alteration,no alteration
181,lusc_tcga_pan_can_atlas_2018,TCGA-56-1622-01,TCGA-56-1622,0,no alteration,no alteration,no alteration,no alteration,no alteration
182,lusc_tcga_pan_can_atlas_2018,TCGA-56-5897-01,TCGA-56-5897,0,no alteration,no alteration,no alteration,no alteration,no alteration
183,lusc_tcga_pan_can_atlas_2018,TCGA-56-5898-01,TCGA-56-5898,0,no alteration,no alteration,no alteration,no alteration,no alteration
184,lusc_tcga_pan_can_atlas_2018,TCGA-56-6545-01,TCGA-56-6545,0,no alteration,no alteration,no alteration,no alteration,no alteration
185,lusc_tcga_pan_can_atlas_2018,TCGA-56-6546-01,TCGA-56-6546,0,no alteration,no alteration,no alteration,no alteration,no alteration
186,lusc_tcga_pan_can_atlas_2018,TCGA-56-7221-01,TCGA-56-7221,0,no alteration,no alteration,no alteration,no alteration,no alteration
187,lusc_tcga_pan_can_atlas_2018,TCGA-56-7222-01,TCGA-56-7222,0,no alteration,no alteration,no alteration,no alteration,no alteration
188,lusc_tcga_pan_can_atlas_2018,TCGA-56-7223-01,TCGA-56-7223,0,no alteration,no alteration,no alteration,no alteration,no alteration
189,lusc_tcga_pan_can_atlas_2018,TCGA-56-7579-01,TCGA-56-7579,0,no alteration,no alteration,no alteration,no alteration,no alteration
190,lusc_tcga_pan_can_atlas_2018,TCGA-56-7580-01,TCGA-56-7580,0,no alteration,no alteration,no alteration,no alteration,no alteration
191,lusc_tcga_pan_can_atlas_2018,TCGA-56-7582-01,TCGA-56-7582,0,no alteration,no alteration,no alteration,no alteration,no alteration
192,lusc_tcga_pan_can_atlas_2018,TCGA-56-7730-01,TCGA-56-7730,0,no alteration,no alteration,no alteration,no alteration,no alteration
193,lusc_tcga_pan_can_atlas_2018,TCGA-56-7731-01,TCGA-56-7731,0,no alteration,no alteration,no alteration,no alteration,no alteration
194,lusc_tcga_pan_can_atlas_2018,TCGA-56-7822-01,TCGA-56-7822,0,no alteration,no alteration,no alteration,no alteration,no alteration
195,lusc_tcga_pan_can_atlas_2018,TCGA-56-7823-01,TCGA-56-7823,0,no alteration,no alteration,no alteration,no alteration,no alteration
196,lusc_tcga_pan_can_atlas_2018,TCGA-56-8082-01,TCGA-56-8082,0,no alteration,no alteration,no alteration,no alteration,no alteration
197,lusc_tcga_pan_can_atlas_2018,TCGA-56-8083-01,TCGA-56-8083,0,no alteration,no alteration,no alteration,no alteration,no alteration
198,lusc_tcga_pan_can_atlas_2018,TCGA-56-8201-01,TCGA-56-8201,0,no alteration,no alteration,no alteration,no alteration,no alteration
199,lusc_tcga_pan_can_atlas_2018,TCGA-56-8304-01,TCGA-56-8304,0,no alteration,no alteration,no alteration,no alteration,no alteration
200,lusc_tcga_pan_can_atlas_2018,TCGA-56-8305-01,TCGA-56-8305,0,no alteration,no alteration,no alteration,no alteration,no alteration
201,lusc_tcga_pan_can_atlas_2018,TCGA-56-8307-01,TCGA-56-8307,0,no alteration,no alteration,no alteration,no alteration,no alteration
202,lusc_tcga_pan_can_atlas_2018,TCGA-56-8309-01,TCGA-56-8309,0,no alteration,no alteration,no alteration,no alteration,no alteration
203,lusc_tcga_pan_can_atlas_2018,TCGA-56-8503-01,TCGA-56-8503,0,no alteration,no alteration,no alteration,no alteration,no alteration
204,lusc_tcga_pan_can_atlas_2018,TCGA-56-8504-01,TCGA-56-8504,0,no alteration,no alteration,no alteration,no alteration,no alteration
205,lusc_tcga_pan_can_atlas_2018,TCGA-56-8622-01,TCGA-56-8622,0,no alteration,no alteration,no alteration,no alteration,no alteration
206,lusc_tcga_pan_can_atlas_2018,TCGA-56-8623-01,TCGA-56-8623,0,no alteration,not profiled,no alteration,no alteration,not profiled
207,lusc_tcga_pan_can_atlas_2018,TCGA-56-8624-01,TCGA-56-8624,0,no alteration,no alteration,no alteration,no alteration,no alteration
208,lusc_tcga_pan_can_atlas_2018,TCGA-56-8625-01,TCGA-56-8625,0,no alteration,no alteration,no alteration,no alteration,no alteration
209,lusc_tcga_pan_can_atlas_2018,TCGA-56-8626-01,TCGA-56-8626,0,no alteration,no alteration,no alteration,no alteration,no alteration
210,lusc_tcga_pan_can_atlas_2018,TCGA-56-8628-01,TCGA-56-8628,0,no alteration,no alteration,no alteration,no alteration,no alteration
211,lusc_tcga_pan_can_atlas_2018,TCGA-56-8629-01,TCGA-56-8629,0,no alteration,no alteration,no alteration,no alteration,no alteration
212,lusc_tcga_pan_can_atlas_2018,TCGA-56-A49D-01,TCGA-56-A49D,0,no alteration,no alteration,no alteration,no alteration,no alteration
213,lusc_tcga_pan_can_atlas_2018,TCGA-56-A4BW-01,TCGA-56-A4BW,0,no alteration,no alteration,no alteration,no alteration,no alteration
214,lusc_tcga_pan_can_atlas_2018,TCGA-56-A4BX-01,TCGA-56-A4BX,0,no alteration,no alteration,no alteration,no alteration,no alteration
215,lusc_tcga_pan_can_atlas_2018,TCGA-56-A4BY-01,TCGA-56-A4BY,0,no alteration,no alteration,no alteration,no alteration,no alteration
216,lusc_tcga_pan_can_atlas_2018,TCGA-56-A4ZJ-01,TCGA-56-A4ZJ,0,no alteration,no alteration,no alteration,no alteration,no alteration
217,lusc_tcga_pan_can_atlas_2018,TCGA-56-A4ZK-01,TCGA-56-A4ZK,0,no alteration,no alteration,no alteration,no alteration,no alteration
218,lusc_tcga_pan_can_atlas_2018,TCGA-56-A5DR-01,TCGA-56-A5DR,0,no alteration,no alteration,no alteration,no alteration,no alteration
219,lusc_tcga_pan_can_atlas_2018,TCGA-56-A5DS-01,TCGA-56-A5DS,0,no alteration,no alteration,no alteration,no alteration,no alteration
220,lusc_tcga_pan_can_atlas_2018,TCGA-56-A62T-01,TCGA-56-A62T,0,no alteration,no alteration,no alteration,no alteration,no alteration
221,lusc_tcga_pan_can_atlas_2018,TCGA-58-8386-01,TCGA-58-8386,0,no alteration,no alteration,no alteration,no alteration,no alteration
222,lusc_tcga_pan_can_atlas_2018,TCGA-58-8387-01,TCGA-58-8387,0,no alteration,no alteration,no alteration,no alteration,no alteration
223,lusc_tcga_pan_can_atlas_2018,TCGA-58-8388-01,TCGA-58-8388,0,no alteration,no alteration,no alteration,no alteration,no alteration
224,lusc_tcga_pan_can_atlas_2018,TCGA-58-8390-01,TCGA-58-8390,0,no alteration,no alteration,no alteration,no alteration,no alteration
225,lusc_tcga_pan_can_atlas_2018,TCGA-58-8391-01,TCGA-58-8391,0,no alteration,no alteration,no alteration,no alteration,no alteration
226,lusc_tcga_pan_can_atlas_2018,TCGA-58-8392-01,TCGA-58-8392,0,no alteration,no alteration,no alteration,no alteration,no alteration
227,lusc_tcga_pan_can_atlas_2018,TCGA-58-8393-01,TCGA-58-8393,0,no alteration,no alteration,no alteration,no alteration,no alteration
228,lusc_tcga_pan_can_atlas_2018,TCGA-58-A46J-01,TCGA-58-A46J,0,no alteration,no alteration,no alteration,no alteration,no alteration
229,lusc_tcga_pan_can_atlas_2018,TCGA-58-A46K-01,TCGA-58-A46K,0,no alteration,no alteration,no alteration,no alteration,no alteration
230,lusc_tcga_pan_can_atlas_2018,TCGA-58-A46L-01,TCGA-58-A46L,0,no alteration,no alteration,no alteration,no alteration,no alteration
231,lusc_tcga_pan_can_atlas_2018,TCGA-58-A46M-01,TCGA-58-A46M,0,no alteration,no alteration,no alteration,no alteration,no alteration
232,lusc_tcga_pan_can_atlas_2018,TCGA-58-A46N-01,TCGA-58-A46N,0,no alteration,no alteration,no alteration,no alteration,no alteration
233,lusc_tcga_pan_can_atlas_2018,TCGA-60-2695-01,TCGA-60-2695,0,no alteration,no alteration,no alteration,no alteration,no alteration
234,lusc_tcga_pan_can_atlas_2018,TCGA-60-2697-01,TCGA-60-2697,0,no alteration,no alteration,no alteration,no alteration,no alteration
235,lusc_tcga_pan_can_atlas_2018,TCGA-60-2698-01,TCGA-60-2698,0,no alteration,no alteration,no alteration,no alteration,no alteration
236,lusc_tcga_pan_can_atlas_2018,TCGA-60-2703-01,TCGA-60-2703,0,no alteration,no alteration,no alteration,no alteration,no alteration
237,lusc_tcga_pan_can_atlas_2018,TCGA-60-2704-01,TCGA-60-2704,0,no alteration,no alteration,no alteration,no alteration,no alteration
238,lusc_tcga_pan_can_atlas_2018,TCGA-60-2706-01,TCGA-60-2706,0,no alteration,no alteration,no alteration,no alteration,no alteration
239,lusc_tcga_pan_can_atlas_2018,TCGA-60-2707-01,TCGA-60-2707,0,no alteration,no alteration,no alteration,no alteration,no alteration
240,lusc_tcga_pan_can_atlas_2018,TCGA-60-2708-01,TCGA-60-2708,0,no alteration,no alteration,no alteration,no alteration,no alteration
241,lusc_tcga_pan_can_atlas_2018,TCGA-60-2709-01,TCGA-60-2709,0,no alteration,no alteration,no alteration,no alteration,no alteration
242,lusc_tcga_pan_can_atlas_2018,TCGA-60-2710-01,TCGA-60-2710,0,no alteration,no alteration,no alteration,no alteration,no alteration
243,lusc_tcga_pan_can_atlas_2018,TCGA-60-2711-01,TCGA-60-2711,0,no alteration,no alteration,no alteration,no alteration,no alteration
244,lusc_tcga_pan_can_atlas_2018,TCGA-60-2713-01,TCGA-60-2713,0,no alteration,no alteration,no alteration,no alteration,no alteration
245,lusc_tcga_pan_can_atlas_2018,TCGA-60-2714-01,TCGA-60-2714,0,no alteration,no alteration,no alteration,no alteration,no alteration
246,lusc_tcga_pan_can_atlas_2018,TCGA-60-2716-01,TCGA-60-2716,0,no alteration,no alteration,no alteration,no alteration,no alteration
247,lusc_tcga_pan_can_atlas_2018,TCGA-60-2719-01,TCGA-60-2719,0,no alteration,no alteration,no alteration,no alteration,no alteration
248,lusc_tcga_pan_can_atlas_2018,TCGA-60-2720-01,TCGA-60-2720,0,no alteration,no alteration,no alteration,no alteration,no alteration
249,lusc_tcga_pan_can_atlas_2018,TCGA-60-2721-01,TCGA-60-2721,0,no alteration,no alteration,no alteration,no alteration,no alteration
250,lusc_tcga_pan_can_atlas_2018,TCGA-60-2722-01,TCGA-60-2722,0,no alteration,no alteration,no alteration,no alteration,no alteration
251,lusc_tcga_pan_can_atlas_2018,TCGA-60-2723-01,TCGA-60-2723,0,no alteration,no alteration,no alteration,no alteration,no alteration
252,lusc_tcga_pan_can_atlas_2018,TCGA-60-2724-01,TCGA-60-2724,0,no alteration,no alteration,no alteration,no alteration,no alteration
253,lusc_tcga_pan_can_atlas_2018,TCGA-60-2725-01,TCGA-60-2725,0,no alteration,no alteration,no alteration,no alteration,no alteration
254,lusc_tcga_pan_can_atlas_2018,TCGA-60-2726-01,TCGA-60-2726,0,no alteration,no alteration,no alteration,no alteration,no alteration
255,lusc_tcga_pan_can_atlas_2018,TCGA-63-5131-01,TCGA-63-5131,0,no alteration,no alteration,no alteration,no alteration,no alteration
256,lusc_tcga_pan_can_atlas_2018,TCGA-63-6202-01,TCGA-63-6202,0,no alteration,no alteration,no alteration,no alteration,no alteration
257,lusc_tcga_pan_can_atlas_2018,TCGA-63-7020-01,TCGA-63-7020,0,no alteration,no alteration,no alteration,no alteration,no alteration
258,lusc_tcga_pan_can_atlas_2018,TCGA-63-7022-01,TCGA-63-7022,0,no alteration,no alteration,no alteration,no alteration,no alteration
259,lusc_tcga_pan_can_atlas_2018,TCGA-63-7023-01,TCGA-63-7023,0,no alteration,no alteration,no alteration,no alteration,no alteration
260,lusc_tcga_pan_can_atlas_2018,TCGA-63-A5M9-01,TCGA-63-A5M9,0,no alteration,no alteration,no alteration,no alteration,no alteration
261,lusc_tcga_pan_can_atlas_2018,TCGA-63-A5MB-01,TCGA-63-A5MB,0,no alteration,no alteration,no alteration,no alteration,no alteration
262,lusc_tcga_pan_can_atlas_2018,TCGA-63-A5MG-01,TCGA-63-A5MG,0,no alteration,no alteration,no alteration,no alteration,no alteration
263,lusc_tcga_pan_can_atlas_2018,TCGA-63-A5MH-01,TCGA-63-A5MH,0,no alteration,no alteration,no alteration,no alteration,no alteration
264,lusc_tcga_pan_can_atlas_2018,TCGA-63-A5MI-01,TCGA-63-A5MI,0,no alteration,no alteration,no alteration,no alteration,no alteration
265,lusc_tcga_pan_can_atlas_2018,TCGA-63-A5MJ-01,TCGA-63-A5MJ,0,no alteration,no alteration,no alteration,no alteration,no alteration
266,lusc_tcga_pan_can_atlas_2018,TCGA-63-A5ML-01,TCGA-63-A5ML,0,no alteration,no alteration,no alteration,no alteration,no alteration
267,lusc_tcga_pan_can_atlas_2018,TCGA-63-A5MM-01,TCGA-63-A5MM,0,no alteration,no alteration,no alteration,no alteration,no alteration
268,lusc_tcga_pan_can_atlas_2018,TCGA-63-A5MN-01,TCGA-63-A5MN,0,no alteration,no alteration,no alteration,no alteration,no alteration
269,lusc_tcga_pan_can_atlas_2018,TCGA-63-A5MP-01,TCGA-63-A5MP,0,no alteration,no alteration,no alteration,no alteration,no alteration
270,lusc_tcga_pan_can_atlas_2018,TCGA-63-A5MR-01,TCGA-63-A5MR,0,no alteration,no alteration,no alteration,no alteration,no alteration
271,lusc_tcga_pan_can_atlas_2018,TCGA-63-A5MS-01,TCGA-63-A5MS,0,no alteration,no alteration,no alteration,no alteration,no alteration
272,lusc_tcga_pan_can_atlas_2018,TCGA-63-A5MT-01,TCGA-63-A5MT,0,no alteration,no alteration,no alteration,no alteration,no alteration
273,lusc_tcga_pan_can_atlas_2018,TCGA-63-A5MU-01,TCGA-63-A5MU,0,no alteration,no alteration,no alteration,no alteration,no alteration
274,lusc_tcga_pan_can_atlas_2018,TCGA-63-A5MV-01,TCGA-63-A5MV,0,no alteration,no alteration,no alteration,no alteration,no alteration
275,lusc_tcga_pan_can_atlas_2018,TCGA-63-A5MW-01,TCGA-63-A5MW,0,no alteration,no alteration,no alteration,no alteration,no alteration
276,lusc_tcga_pan_can_atlas_2018,TCGA-63-A5MY-01,TCGA-63-A5MY,0,no alteration,no alteration,no alteration,no alteration,no alteration
277,lusc_tcga_pan_can_atlas_2018,TCGA-66-2727-01,TCGA-66-2727,0,no alteration,no alteration,no alteration,no alteration,no alteration
278,lusc_tcga_pan_can_atlas_2018,TCGA-66-2734-01,TCGA-66-2734,0,no alteration,no alteration,no alteration,no alteration,no alteration
279,lusc_tcga_pan_can_atlas_2018,TCGA-66-2737-01,TCGA-66-2737,0,no alteration,not profiled,no alteration,no alteration,not profiled
280,lusc_tcga_pan_can_atlas_2018,TCGA-66-2742-01,TCGA-66-2742,0,no alteration,no alteration,no alteration,no alteration,no alteration
281,lusc_tcga_pan_can_atlas_2018,TCGA-66-2744-01,TCGA-66-2744,0,no alteration,no alteration,no alteration,no alteration,no alteration
282,lusc_tcga_pan_can_atlas_2018,TCGA-66-2753-01,TCGA-66-2753,0,no alteration,no alteration,no alteration,no alteration,no alteration
283,lusc_tcga_pan_can_atlas_2018,TCGA-66-2754-01,TCGA-66-2754,0,no alteration,no alteration,no alteration,no alteration,no alteration
284,lusc_tcga_pan_can_atlas_2018,TCGA-66-2755-01,TCGA-66-2755,0,no alteration,no alteration,no alteration,no alteration,no alteration
285,lusc_tcga_pan_can_atlas_2018,TCGA-66-2756-01,TCGA-66-2756,0,no alteration,no alteration,no alteration,no alteration,no alteration
286,lusc_tcga_pan_can_atlas_2018,TCGA-66-2757-01,TCGA-66-2757,0,no alteration,no alteration,no alteration,no alteration,no alteration
287,lusc_tcga_pan_can_atlas_2018,TCGA-66-2758-01,TCGA-66-2758,0,no alteration,no alteration,no alteration,no alteration,no alteration
288,lusc_tcga_pan_can_atlas_2018,TCGA-66-2759-01,TCGA-66-2759,0,no alteration,no alteration,no alteration,no alteration,no alteration
289,lusc_tcga_pan_can_atlas_2018,TCGA-66-2763-01,TCGA-66-2763,0,no alteration,no alteration,no alteration,no alteration,no alteration
290,lusc_tcga_pan_can_atlas_2018,TCGA-66-2765-01,TCGA-66-2765,0,no alteration,no alteration,no alteration,no alteration,no alteration
291,lusc_tcga_pan_can_atlas_2018,TCGA-66-2766-01,TCGA-66-2766,0,no alteration,no alteration,no alteration,no alteration,no alteration
292,lusc_tcga_pan_can_atlas_2018,TCGA-66-2767-01,TCGA-66-2767,0,no alteration,no alteration,no alteration,no alteration,no alteration
293,lusc_tcga_pan_can_atlas_2018,TCGA-66-2768-01,TCGA-66-2768,0,no alteration,no alteration,no alteration,no alteration,no alteration
294,lusc_tcga_pan_can_atlas_2018,TCGA-66-2769-01,TCGA-66-2769,0,no alteration,no alteration,no alteration,no alteration,no alteration
295,lusc_tcga_pan_can_atlas_2018,TCGA-66-2770-01,TCGA-66-2770,0,no alteration,no alteration,no alteration,no alteration,no alteration
296,lusc_tcga_pan_can_atlas_2018,TCGA-66-2771-01,TCGA-66-2771,0,no alteration,no alteration,no alteration,no alteration,no alteration
297,lusc_tcga_pan_can_atlas_2018,TCGA-66-2773-01,TCGA-66-2773,0,no alteration,no alteration,no alteration,no alteration,no alteration
298,lusc_tcga_pan_can_atlas_2018,TCGA-66-2777-01,TCGA-66-2777,0,no alteration,no alteration,no alteration,no alteration,no alteration
299,lusc_tcga_pan_can_atlas_2018,TCGA-66-2778-01,TCGA-66-2778,0,no alteration,no alteration,no alteration,no alteration,no alteration
300,lusc_tcga_pan_can_atlas_2018,TCGA-66-2780-01,TCGA-66-2780,0,no alteration,no alteration,no alteration,no alteration,no alteration
301,lusc_tcga_pan_can_atlas_2018,TCGA-66-2781-01,TCGA-66-2781,0,no alteration,no alteration,no alteration,no alteration,no alteration
302,lusc_tcga_pan_can_atlas_2018,TCGA-66-2782-01,TCGA-66-2782,0,no alteration,no alteration,no alteration,no alteration,no alteration
303,lusc_tcga_pan_can_atlas_2018,TCGA-66-2783-01,TCGA-66-2783,0,no alteration,no alteration,no alteration,no alteration,no alteration
304,lusc_tcga_pan_can_atlas_2018,TCGA-66-2785-01,TCGA-66-2785,0,no alteration,no alteration,no alteration,no alteration,no alteration
305,lusc_tcga_pan_can_atlas_2018,TCGA-66-2786-01,TCGA-66-2786,0,no alteration,no alteration,no alteration,no alteration,no alteration
306,lusc_tcga_pan_can_atlas_2018,TCGA-66-2787-01,TCGA-66-2787,0,no alteration,no alteration,no alteration,no alteration,no alteration
307,lusc_tcga_pan_can_atlas_2018,TCGA-66-2788-01,TCGA-66-2788,0,no alteration,no alteration,no alteration,no alteration,no alteration
308,lusc_tcga_pan_can_atlas_2018,TCGA-66-2789-01,TCGA-66-2789,0,no alteration,no alteration,no alteration,no alteration,no alteration
309,lusc_tcga_pan_can_atlas_2018,TCGA-66-2790-01,TCGA-66-2790,0,no alteration,no alteration,no alteration,no alteration,no alteration
310,lusc_tcga_pan_can_atlas_2018,TCGA-66-2791-01,TCGA-66-2791,0,no alteration,no alteration,no alteration,no alteration,no alteration
311,lusc_tcga_pan_can_atlas_2018,TCGA-66-2792-01,TCGA-66-2792,0,no alteration,no alteration,no alteration,no alteration,no alteration
312,lusc_tcga_pan_can_atlas_2018,TCGA-66-2793-01,TCGA-66-2793,0,no alteration,no alteration,no alteration,no alteration,no alteration
313,lusc_tcga_pan_can_atlas_2018,TCGA-66-2794-01,TCGA-66-2794,0,no alteration,no alteration,no alteration,no alteration,no alteration
314,lusc_tcga_pan_can_atlas_2018,TCGA-66-2795-01,TCGA-66-2795,0,no alteration,no alteration,no alteration,no alteration,no alteration
315,lusc_tcga_pan_can_atlas_2018,TCGA-66-2800-01,TCGA-66-2800,0,no alteration,no alteration,no alteration,no alteration,no alteration
316,lusc_tcga_pan_can_atlas_2018,TCGA-68-7756-01,TCGA-68-7756,0,no alteration,no alteration,no alteration,no alteration,no alteration
317,lusc_tcga_pan_can_atlas_2018,TCGA-68-7757-01,TCGA-68-7757,0,no alteration,no alteration,no alteration,no alteration,no alteration
318,lusc_tcga_pan_can_atlas_2018,TCGA-68-8250-01,TCGA-68-8250,0,no alteration,no alteration,no alteration,no alteration,no alteration
319,lusc_tcga_pan_can_atlas_2018,TCGA-68-8251-01,TCGA-68-8251,0,no alteration,no alteration,no alteration,no alteration,no alteration
320,lusc_tcga_pan_can_atlas_2018,TCGA-68-A59I-01,TCGA-68-A59I,0,no alteration,no alteration,no alteration,no alteration,no alteration
321,lusc_tcga_pan_can_atlas_2018,TCGA-6A-AB49-01,TCGA-6A-AB49,0,no alteration,no alteration,no alteration,no alteration,no alteration
322,lusc_tcga_pan_can_atlas_2018,TCGA-70-6722-01,TCGA-70-6722,0,no alteration,no alteration,no alteration,no alteration,no alteration
323,lusc_tcga_pan_can_atlas_2018,TCGA-70-6723-01,TCGA-70-6723,0,no alteration,no alteration,no alteration,no alteration,no alteration
324,lusc_tcga_pan_can_atlas_2018,TCGA-77-6842-01,TCGA-77-6842,0,no alteration,no alteration,no alteration,no alteration,no alteration
325,lusc_tcga_pan_can_atlas_2018,TCGA-77-6843-01,TCGA-77-6843,0,no alteration,no alteration,no alteration,no alteration,no alteration
326,lusc_tcga_pan_can_atlas_2018,TCGA-77-6844-01,TCGA-77-6844,0,no alteration,no alteration,no alteration,no alteration,no alteration
327,lusc_tcga_pan_can_atlas_2018,TCGA-77-6845-01,TCGA-77-6845,0,no alteration,no alteration,no alteration,no alteration,no alteration
328,lusc_tcga_pan_can_atlas_2018,TCGA-77-7138-01,TCGA-77-7138,0,no alteration,no alteration,no alteration,no alteration,no alteration
329,lusc_tcga_pan_can_atlas_2018,TCGA-77-7139-01,TCGA-77-7139,0,no alteration,no alteration,no alteration,no alteration,no alteration
330,lusc_tcga_pan_can_atlas_2018,TCGA-77-7140-01,TCGA-77-7140,0,no alteration,no alteration,no alteration,no alteration,no alteration
331,lusc_tcga_pan_can_atlas_2018,TCGA-77-7141-01,TCGA-77-7141,0,no alteration,no alteration,no alteration,no alteration,no alteration
332,lusc_tcga_pan_can_atlas_2018,TCGA-77-7142-01,TCGA-77-7142,0,no alteration,no alteration,no alteration,no alteration,no alteration
333,lusc_tcga_pan_can_atlas_2018,TCGA-77-7335-01,TCGA-77-7335,0,no alteration,no alteration,no alteration,no alteration,no alteration
334,lusc_tcga_pan_can_atlas_2018,TCGA-77-7337-01,TCGA-77-7337,0,no alteration,no alteration,no alteration,no alteration,no alteration
335,lusc_tcga_pan_can_atlas_2018,TCGA-77-7338-01,TCGA-77-7338,0,no alteration,no alteration,no alteration,no alteration,no alteration
336,lusc_tcga_pan_can_atlas_2018,TCGA-77-7463-01,TCGA-77-7463,0,no alteration,no alteration,no alteration,no alteration,no alteration
337,lusc_tcga_pan_can_atlas_2018,TCGA-77-7465-01,TCGA-77-7465,0,no alteration,no alteration,no alteration,no alteration,no alteration
338,lusc_tcga_pan_can_atlas_2018,TCGA-77-8007-01,TCGA-77-8007,0,no alteration,no alteration,no alteration,no alteration,no alteration
339,lusc_tcga_pan_can_atlas_2018,TCGA-77-8008-01,TCGA-77-8008,0,no alteration,no alteration,no alteration,no alteration,no alteration
340,lusc_tcga_pan_can_atlas_2018,TCGA-77-8009-01,TCGA-77-8009,0,no alteration,no alteration,no alteration,no alteration,no alteration
341,lusc_tcga_pan_can_atlas_2018,TCGA-77-8128-01,TCGA-77-8128,0,no alteration,no alteration,no alteration,no alteration,no alteration
342,lusc_tcga_pan_can_atlas_2018,TCGA-77-8130-01,TCGA-77-8130,0,no alteration,no alteration,no alteration,no alteration,no alteration
343,lusc_tcga_pan_can_atlas_2018,TCGA-77-8131-01,TCGA-77-8131,0,no alteration,no alteration,no alteration,no alteration,no alteration
344,lusc_tcga_pan_can_atlas_2018,TCGA-77-8133-01,TCGA-77-8133,0,no alteration,no alteration,no alteration,no alteration,no alteration
345,lusc_tcga_pan_can_atlas_2018,TCGA-77-8136-01,TCGA-77-8136,0,no alteration,no alteration,no alteration,no alteration,no alteration
346,lusc_tcga_pan_can_atlas_2018,TCGA-77-8138-01,TCGA-77-8138,0,no alteration,no alteration,no alteration,no alteration,no alteration
347,lusc_tcga_pan_can_atlas_2018,TCGA-77-8139-01,TCGA-77-8139,0,no alteration,no alteration,no alteration,no alteration,no alteration
348,lusc_tcga_pan_can_atlas_2018,TCGA-77-8140-01,TCGA-77-8140,0,no alteration,no alteration,no alteration,no alteration,no alteration
349,lusc_tcga_pan_can_atlas_2018,TCGA-77-8143-01,TCGA-77-8143,0,no alteration,no alteration,no alteration,no alteration,no alteration
350,lusc_tcga_pan_can_atlas_2018,TCGA-77-8144-01,TCGA-77-8144,0,no alteration,no alteration,no alteration,no alteration,no alteration
351,lusc_tcga_pan_can_atlas_2018,TCGA-77-8145-01,TCGA-77-8145,0,no alteration,no alteration,no alteration,no alteration,no alteration
352,lusc_tcga_pan_can_atlas_2018,TCGA-77-8148-01,TCGA-77-8148,0,no alteration,no alteration,no alteration,no alteration,no alteration
353,lusc_tcga_pan_can_atlas_2018,TCGA-77-8150-01,TCGA-77-8150,0,no alteration,no alteration,no alteration,no alteration,no alteration
354,lusc_tcga_pan_can_atlas_2018,TCGA-77-8153-01,TCGA-77-8153,0,no alteration,no alteration,no alteration,no alteration,no alteration
355,lusc_tcga_pan_can_atlas_2018,TCGA-77-8154-01,TCGA-77-8154,0,no alteration,no alteration,no alteration,no alteration,no alteration
356,lusc_tcga_pan_can_atlas_2018,TCGA-77-8156-01,TCGA-77-8156,0,no alteration,no alteration,no alteration,no alteration,no alteration
357,lusc_tcga_pan_can_atlas_2018,TCGA-77-A5FZ-01,TCGA-77-A5FZ,0,no alteration,no alteration,no alteration,no alteration,no alteration
358,lusc_tcga_pan_can_atlas_2018,TCGA-77-A5G1-01,TCGA-77-A5G1,0,no alteration,no alteration,no alteration,no alteration,no alteration
359,lusc_tcga_pan_can_atlas_2018,TCGA-77-A5G6-01,TCGA-77-A5G6,0,no alteration,no alteration,no alteration,no alteration,no alteration
360,lusc_tcga_pan_can_atlas_2018,TCGA-77-A5G7-01,TCGA-77-A5G7,0,no alteration,no alteration,no alteration,no alteration,no alteration
361,lusc_tcga_pan_can_atlas_2018,TCGA-77-A5G8-01,TCGA-77-A5G8,0,no alteration,no alteration,no alteration,no alteration,no alteration
362,lusc_tcga_pan_can_atlas_2018,TCGA-77-A5GB-01,TCGA-77-A5GB,0,no alteration,no alteration,no alteration,no alteration,no alteration
363,lusc_tcga_pan_can_atlas_2018,TCGA-77-A5GF-01,TCGA-77-A5GF,0,no alteration,no alteration,no alteration,no alteration,no alteration
364,lusc_tcga_pan_can_atlas_2018,TCGA-77-A5GH-01,TCGA-77-A5GH,0,no alteration,no alteration,no alteration,no alteration,no alteration
365,lusc_tcga_pan_can_atlas_2018,TCGA-79-5596-01,TCGA-79-5596,0,no alteration,no alteration,no alteration,no alteration,no alteration
366,lusc_tcga_pan_can_atlas_2018,TCGA-85-6175-01,TCGA-85-6175,0,no alteration,no alteration,no alteration,no alteration,no alteration
367,lusc_tcga_pan_can_atlas_2018,TCGA-85-6560-01,TCGA-85-6560,0,no alteration,no alteration,no alteration,no alteration,no alteration
368,lusc_tcga_pan_can_atlas_2018,TCGA-85-6561-01,TCGA-85-6561,0,no alteration,no alteration,no alteration,no alteration,no alteration
369,lusc_tcga_pan_can_atlas_2018,TCGA-85-6798-01,TCGA-85-6798,0,no alteration,no alteration,no alteration,no alteration,no alteration
370,lusc_tcga_pan_can_atlas_2018,TCGA-85-7696-01,TCGA-85-7696,0,no alteration,no alteration,no alteration,no alteration,no alteration
371,lusc_tcga_pan_can_atlas_2018,TCGA-85-7697-01,TCGA-85-7697,0,no alteration,no alteration,no alteration,no alteration,no alteration
372,lusc_tcga_pan_can_atlas_2018,TCGA-85-7698-01,TCGA-85-7698,0,no alteration,no alteration,no alteration,no alteration,no alteration
373,lusc_tcga_pan_can_atlas_2018,TCGA-85-7699-01,TCGA-85-7699,0,no alteration,no alteration,no alteration,no alteration,no alteration
374,lusc_tcga_pan_can_atlas_2018,TCGA-85-7710-01,TCGA-85-7710,0,no alteration,no alteration,no alteration,no alteration,no alteration
375,lusc_tcga_pan_can_atlas_2018,TCGA-85-7843-01,TCGA-85-7843,0,no alteration,no alteration,no alteration,no alteration,no alteration
376,lusc_tcga_pan_can_atlas_2018,TCGA-85-7844-01,TCGA-85-7844,0,no alteration,no alteration,no alteration,no alteration,no alteration
377,lusc_tcga_pan_can_atlas_2018,TCGA-85-7950-01,TCGA-85-7950,0,no alteration,no alteration,no alteration,no alteration,no alteration
378,lusc_tcga_pan_can_atlas_2018,TCGA-85-8048-01,TCGA-85-8048,0,no alteration,no alteration,no alteration,no alteration,no alteration
379,lusc_tcga_pan_can_atlas_2018,TCGA-85-8049-01,TCGA-85-8049,0,no alteration,no alteration,no alteration,no alteration,no alteration
380,lusc_tcga_pan_can_atlas_2018,TCGA-85-8052-01,TCGA-85-8052,0,no alteration,no alteration,no alteration,no alteration,no alteration
381,lusc_tcga_pan_can_atlas_2018,TCGA-85-8070-01,TCGA-85-8070,0,no alteration,no alteration,no alteration,no alteration,no alteration
382,lusc_tcga_pan_can_atlas_2018,TCGA-85-8071-01,TCGA-85-8071,0,no alteration,no alteration,no alteration,no alteration,no alteration
383,lusc_tcga_pan_can_atlas_2018,TCGA-85-8072-01,TCGA-85-8072,0,no alteration,no alteration,no alteration,no alteration,no alteration
384,lusc_tcga_pan_can_atlas_2018,TCGA-85-8276-01,TCGA-85-8276,0,no alteration,no alteration,no alteration,no alteration,no alteration
385,lusc_tcga_pan_can_atlas_2018,TCGA-85-8277-01,TCGA-85-8277,0,no alteration,no alteration,no alteration,no alteration,no alteration
386,lusc_tcga_pan_can_atlas_2018,TCGA-85-8287-01,TCGA-85-8287,0,no alteration,no alteration,no alteration,no alteration,no alteration
387,lusc_tcga_pan_can_atlas_2018,TCGA-85-8288-01,TCGA-85-8288,0,no alteration,no alteration,no alteration,no alteration,no alteration
388,lusc_tcga_pan_can_atlas_2018,TCGA-85-8350-01,TCGA-85-8350,0,no alteration,no alteration,no alteration,no alteration,no alteration
389,lusc_tcga_pan_can_atlas_2018,TCGA-85-8351-01,TCGA-85-8351,0,no alteration,no alteration,no alteration,no alteration,no alteration
390,lusc_tcga_pan_can_atlas_2018,TCGA-85-8352-01,TCGA-85-8352,0,no alteration,no alteration,no alteration,no alteration,no alteration
391,lusc_tcga_pan_can_atlas_2018,TCGA-85-8353-01,TCGA-85-8353,0,no alteration,no alteration,no alteration,no alteration,no alteration
392,lusc_tcga_pan_can_atlas_2018,TCGA-85-8354-01,TCGA-85-8354,0,no alteration,no alteration,no alteration,no alteration,no alteration
393,lusc_tcga_pan_can_atlas_2018,TCGA-85-8355-01,TCGA-85-8355,0,no alteration,no alteration,no alteration,no alteration,no alteration
394,lusc_tcga_pan_can_atlas_2018,TCGA-85-8479-01,TCGA-85-8479,0,no alteration,no alteration,no alteration,no alteration,no alteration
395,lusc_tcga_pan_can_atlas_2018,TCGA-85-8481-01,TCGA-85-8481,0,no alteration,no alteration,no alteration,no alteration,no alteration
396,lusc_tcga_pan_can_atlas_2018,TCGA-85-8580-01,TCGA-85-8580,0,no alteration,no alteration,no alteration,no alteration,no alteration
397,lusc_tcga_pan_can_atlas_2018,TCGA-85-8582-01,TCGA-85-8582,0,no alteration,no alteration,no alteration,no alteration,no alteration
398,lusc_tcga_pan_can_atlas_2018,TCGA-85-8584-01,TCGA-85-8584,0,no alteration,no alteration,no alteration,no alteration,no alteration
399,lusc_tcga_pan_can_atlas_2018,TCGA-85-8664-01,TCGA-85-8664,0,no alteration,no alteration,no alteration,no alteration,no alteration
400,lusc_tcga_pan_can_atlas_2018,TCGA-85-8666-01,TCGA-85-8666,0,no alteration,no alteration,no alteration,no alteration,no alteration
401,lusc_tcga_pan_can_atlas_2018,TCGA-85-A4CL-01,TCGA-85-A4CL,0,no alteration,no alteration,no alteration,no alteration,no alteration
402,lusc_tcga_pan_can_atlas_2018,TCGA-85-A4CN-01,TCGA-85-A4CN,0,no alteration,no alteration,no alteration,no alteration,no alteration
403,lusc_tcga_pan_can_atlas_2018,TCGA-85-A4JB-01,TCGA-85-A4JB,0,no alteration,no alteration,no alteration,no alteration,no alteration
404,lusc_tcga_pan_can_atlas_2018,TCGA-85-A4JC-01,TCGA-85-A4JC,0,no alteration,no alteration,no alteration,no alteration,no alteration
405,lusc_tcga_pan_can_atlas_2018,TCGA-85-A4PA-01,TCGA-85-A4PA,0,no alteration,no alteration,no alteration,no alteration,no alteration
406,lusc_tcga_pan_can_atlas_2018,TCGA-85-A4QQ-01,TCGA-85-A4QQ,0,no alteration,no alteration,no alteration,no alteration,no alteration
407,lusc_tcga_pan_can_atlas_2018,TCGA-85-A50M-01,TCGA-85-A50M,0,no alteration,no alteration,no alteration,no alteration,no alteration
408,lusc_tcga_pan_can_atlas_2018,TCGA-85-A50Z-01,TCGA-85-A50Z,0,no alteration,no alteration,no alteration,no alteration,no alteration
409,lusc_tcga_pan_can_atlas_2018,TCGA-85-A510-01,TCGA-85-A510,0,no alteration,no alteration,no alteration,no alteration,no alteration
410,lusc_tcga_pan_can_atlas_2018,TCGA-85-A511-01,TCGA-85-A511,0,no alteration,no alteration,no alteration,no alteration,no alteration
411,lusc_tcga_pan_can_atlas_2018,TCGA-85-A512-01,TCGA-85-A512,0,no alteration,no alteration,no alteration,no alteration,no alteration
412,lusc_tcga_pan_can_atlas_2018,TCGA-85-A53L-01,TCGA-85-A53L,0,no alteration,no alteration,no alteration,no alteration,no alteration
413,lusc_tcga_pan_can_atlas_2018,TCGA-85-A5B5-01,TCGA-85-A5B5,0,no alteration,no alteration,no alteration,no alteration,no alteration
414,lusc_tcga_pan_can_atlas_2018,TCGA-90-6837-01,TCGA-90-6837,0,no alteration,no alteration,no alteration,no alteration,no alteration
415,lusc_tcga_pan_can_atlas_2018,TCGA-90-7766-01,TCGA-90-7766,0,no alteration,no alteration,no alteration,no alteration,no alteration
416,lusc_tcga_pan_can_atlas_2018,TCGA-90-7767-01,TCGA-90-7767,0,no alteration,no alteration,no alteration,no alteration,no alteration
417,lusc_tcga_pan_can_atlas_2018,TCGA-90-7769-01,TCGA-90-7769,0,no alteration,no alteration,no alteration,no alteration,no alteration
418,lusc_tcga_pan_can_atlas_2018,TCGA-90-7964-01,TCGA-90-7964,0,no alteration,no alteration,no alteration,no alteration,no alteration
419,lusc_tcga_pan_can_atlas_2018,TCGA-90-A4EE-01,TCGA-90-A4EE,0,no alteration,no alteration,no alteration,no alteration,no alteration
420,lusc_tcga_pan_can_atlas_2018,TCGA-90-A59Q-01,TCGA-90-A59Q,0,no alteration,no alteration,no alteration,no alteration,no alteration
421,lusc_tcga_pan_can_atlas_2018,TCGA-92-7340-01,TCGA-92-7340,0,no alteration,no alteration,no alteration,no alteration,no alteration
422,lusc_tcga_pan_can_atlas_2018,TCGA-92-7341-01,TCGA-92-7341,0,no alteration,no alteration,no alteration,no alteration,no alteration
423,lusc_tcga_pan_can_atlas_2018,TCGA-92-8063-01,TCGA-92-8063,0,no alteration,no alteration,no alteration,no alteration,no alteration
424,lusc_tcga_pan_can_atlas_2018,TCGA-92-8064-01,TCGA-92-8064,0,no alteration,no alteration,no alteration,no alteration,no alteration
425,lusc_tcga_pan_can_atlas_2018,TCGA-92-8065-01,TCGA-92-8065,0,no alteration,no alteration,no alteration,no alteration,no alteration
426,lusc_tcga_pan_can_atlas_2018,TCGA-94-7033-01,TCGA-94-7033,0,no alteration,no alteration,no alteration,no alteration,no alteration
427,lusc_tcga_pan_can_atlas_2018,TCGA-94-7557-01,TCGA-94-7557,0,no alteration,no alteration,no alteration,no alteration,no alteration
428,lusc_tcga_pan_can_atlas_2018,TCGA-94-7943-01,TCGA-94-7943,0,no alteration,no alteration,no alteration,no alteration,no alteration
429,lusc_tcga_pan_can_atlas_2018,TCGA-94-8035-01,TCGA-94-8035,0,no alteration,no alteration,no alteration,no alteration,no alteration
430,lusc_tcga_pan_can_atlas_2018,TCGA-94-8490-01,TCGA-94-8490,0,no alteration,no alteration,no alteration,no alteration,no alteration
431,lusc_tcga_pan_can_atlas_2018,TCGA-94-8491-01,TCGA-94-8491,0,no alteration,no alteration,no alteration,no alteration,no alteration
432,lusc_tcga_pan_can_atlas_2018,TCGA-94-A4VJ-01,TCGA-94-A4VJ,0,no alteration,no alteration,no alteration,no alteration,no alteration
433,lusc_tcga_pan_can_atlas_2018,TCGA-94-A5I6-01,TCGA-94-A5I6,0,no alteration,no alteration,no alteration,no alteration,no alteration
434,lusc_tcga_pan_can_atlas_2018,TCGA-96-7544-01,TCGA-96-7544,0,no alteration,no alteration,no alteration,no alteration,no alteration
435,lusc_tcga_pan_can_atlas_2018,TCGA-96-7545-01,TCGA-96-7545,0,no alteration,no alteration,no alteration,no alteration,no alteration
436,lusc_tcga_pan_can_atlas_2018,TCGA-96-8169-01,TCGA-96-8169,0,no alteration,no alteration,no alteration,no alteration,no alteration
437,lusc_tcga_pan_can_atlas_2018,TCGA-96-8170-01,TCGA-96-8170,0,no alteration,no alteration,no alteration,no alteration,no alteration
438,lusc_tcga_pan_can_atlas_2018,TCGA-96-A4JL-01,TCGA-96-A4JL,0,no alteration,no alteration,no alteration,no alteration,no alteration
439,lusc_tcga_pan_can_atlas_2018,TCGA-98-7454-01,TCGA-98-7454,0,no alteration,no alteration,no alteration,no alteration,no alteration
440,lusc_tcga_pan_can_atlas_2018,TCGA-98-8020-01,TCGA-98-8020,0,no alteration,no alteration,no alteration,no alteration,no alteration
441,lusc_tcga_pan_can_atlas_2018,TCGA-98-8021-01,TCGA-98-8021,0,no alteration,no alteration,no alteration,no alteration,no alteration
442,lusc_tcga_pan_can_atlas_2018,TCGA-98-8022-01,TCGA-98-8022,0,no alteration,no alteration,no alteration,no alteration,no alteration
443,lusc_tcga_pan_can_atlas_2018,TCGA-98-8023-01,TCGA-98-8023,0,no alteration,no alteration,no alteration,no alteration,no alteration
444,lusc_tcga_pan_can_atlas_2018,TCGA-98-A538-01,TCGA-98-A538,0,no alteration,no alteration,no alteration,no alteration,no alteration
445,lusc_tcga_pan_can_atlas_2018,TCGA-98-A539-01,TCGA-98-A539,0,no alteration,no alteration,no alteration,no alteration,no alteration
446,lusc_tcga_pan_can_atlas_2018,TCGA-98-A53A-01,TCGA-98-A53A,0,no alteration,no alteration,no alteration,no alteration,no alteration
447,lusc_tcga_pan_can_atlas_2018,TCGA-98-A53C-01,TCGA-98-A53C,0,no alteration,no alteration,no alteration,no alteration,no alteration
448,lusc_tcga_pan_can_atlas_2018,TCGA-98-A53D-01,TCGA-98-A53D,0,no alteration,not profiled,no alteration,no alteration,not profiled
449,lusc_tcga_pan_can_atlas_2018,TCGA-98-A53H-01,TCGA-98-A53H,0,no alteration,no alteration,no alteration,no alteration,no alteration
450,lusc_tcga_pan_can_atlas_2018,TCGA-98-A53I-01,TCGA-98-A53I,0,no alteration,no alteration,no alteration,no alteration,no alteration
451,lusc_tcga_pan_can_atlas_2018,TCGA-98-A53J-01,TCGA-98-A53J,0,no alteration,no alteration,no alteration,no alteration,no alteration
452,lusc_tcga_pan_can_atlas_2018,TCGA-J1-A4AH-01,TCGA-J1-A4AH,0,no alteration,no alteration,no alteration,no alteration,no alteration
453,lusc_tcga_pan_can_atlas_2018,TCGA-L3-A4E7-01,TCGA-L3-A4E7,0,no alteration,no alteration,no alteration,no alteration,no alteration
454,lusc_tcga_pan_can_atlas_2018,TCGA-L3-A524-01,TCGA-L3-A524,0,no alteration,no alteration,no alteration,no alteration,no alteration
455,lusc_tcga_pan_can_atlas_2018,TCGA-LA-A446-01,TCGA-LA-A446,0,no alteration,no alteration,no alteration,no alteration,no alteration
456,lusc_tcga_pan_can_atlas_2018,TCGA-LA-A7SW-01,TCGA-LA-A7SW,0,no alteration,no alteration,no alteration,no alteration,no alteration
457,lusc_tcga_pan_can_atlas_2018,TCGA-MF-A522-01,TCGA-MF-A522,0,no alteration,no alteration,no alteration,no alteration,no alteration
458,lusc_tcga_pan_can_atlas_2018,TCGA-NC-A5HD-01,TCGA-NC-A5HD,0,no alteration,no alteration,no alteration,no alteration,no alteration
459,lusc_tcga_pan_can_atlas_2018,TCGA-NC-A5HE-01,TCGA-NC-A5HE,0,no alteration,no alteration,no alteration,no alteration,no alteration
460,lusc_tcga_pan_can_atlas_2018,TCGA-NC-A5HF-01,TCGA-NC-A5HF,0,no alteration,no alteration,no alteration,no alteration,no alteration
461,lusc_tcga_pan_can_atlas_2018,TCGA-NC-A5HG-01,TCGA-NC-A5HG,0,no alteration,no alteration,no alteration,no alteration,no alteration
462,lusc_tcga_pan_can_atlas_2018,TCGA-NC-A5HH-01,TCGA-NC-A5HH,0,no alteration,no alteration,no alteration,no alteration,no alteration
463,lusc_tcga_pan_can_atlas_2018,TCGA-NC-A5HI-01,TCGA-NC-A5HI,0,no alteration,no alteration,no alteration,no alteration,no alteration
464,lusc_tcga_pan_can_atlas_2018,TCGA-NC-A5HJ-01,TCGA-NC-A5HJ,0,no alteration,no alteration,no alteration,no alteration,no alteration
465,lusc_tcga_pan_can_atlas_2018,TCGA-NC-A5HK-01,TCGA-NC-A5HK,0,no alteration,no alteration,no alteration,no alteration,no alteration
466,lusc_tcga_pan_can_atlas_2018,TCGA-NC-A5HL-01,TCGA-NC-A5HL,0,no alteration,no alteration,no alteration,no alteration,no alteration
467,lusc_tcga_pan_can_atlas_2018,TCGA-NC-A5HM-01,TCGA-NC-A5HM,0,no alteration,no alteration,no alteration,no alteration,no alteration
468,lusc_tcga_pan_can_atlas_2018,TCGA-NC-A5HN-01,TCGA-NC-A5HN,0,no alteration,no alteration,no alteration,no alteration,no alteration
469,lusc_tcga_pan_can_atlas_2018,TCGA-NC-A5HO-01,TCGA-NC-A5HO,0,no alteration,no alteration,no alteration,no alteration,no alteration
470,lusc_tcga_pan_can_atlas_2018,TCGA-NC-A5HP-01,TCGA-NC-A5HP,0,no alteration,no alteration,no alteration,no alteration,no alteration
471,lusc_tcga_pan_can_atlas_2018,TCGA-NC-A5HQ-01,TCGA-NC-A5HQ,0,no alteration,no alteration,no alteration,no alteration,no alteration
472,lusc_tcga_pan_can_atlas_2018,TCGA-NC-A5HR-01,TCGA-NC-A5HR,0,no alteration,no alteration,no alteration,no alteration,no alteration
473,lusc_tcga_pan_can_atlas_2018,TCGA-NC-A5HT-01,TCGA-NC-A5HT,0,no alteration,no alteration,no alteration,no alteration,no alteration
474,lusc_tcga_pan_can_atlas_2018,TCGA-NK-A5CR-01,TCGA-NK-A5CR,0,no alteration,no alteration,no alteration,no alteration,no alteration
475,lusc_tcga_pan_can_atlas_2018,TCGA-NK-A5CT-01,TCGA-NK-A5CT,0,no alteration,no alteration,no alteration,no alteration,no alteration
476,lusc_tcga_pan_can_atlas_2018,TCGA-NK-A5CX-01,TCGA-NK-A5CX,0,no alteration,no alteration,no alteration,no alteration,no alteration
477,lusc_tcga_pan_can_atlas_2018,TCGA-NK-A7XE-01,TCGA-NK-A7XE,0,no alteration,no alteration,no alteration,no alteration,no alteration
478,lusc_tcga_pan_can_atlas_2018,TCGA-O2-A52N-01,TCGA-O2-A52N,0,no alteration,no alteration,no alteration,no alteration,no alteration
479,lusc_tcga_pan_can_atlas_2018,TCGA-O2-A52Q-01,TCGA-O2-A52Q,0,no alteration,no alteration,no alteration,no alteration,no alteration
480,lusc_tcga_pan_can_atlas_2018,TCGA-O2-A52S-01,TCGA-O2-A52S,0,no alteration,no alteration,no alteration,no alteration,no alteration
481,lusc_tcga_pan_can_atlas_2018,TCGA-O2-A52V-01,TCGA-O2-A52V,0,no alteration,no alteration,no alteration,no alteration,no alteration
482,lusc_tcga_pan_can_atlas_2018,TCGA-O2-A52W-01,TCGA-O2-A52W,0,no alteration,no alteration,no alteration,no alteration,no alteration
483,lusc_tcga_pan_can_atlas_2018,TCGA-O2-A5IB-01,TCGA-O2-A5IB,0,no alteration,no alteration,no alteration,no alteration,no alteration
484,lusc_tcga_pan_can_atlas_2018,TCGA-XC-AA0X-01,TCGA-XC-AA0X,0,no alteration,no alteration,no alteration,no alteration,no alteration
485,lusc_tcga_pan_can_atlas_2018,TCGA-22-0940-01,TCGA-22-0940,0,no alteration,no alteration,no alteration,no alteration,no alteration
486,lusc_tcga_pan_can_atlas_2018,TCGA-22-0944-01,TCGA-22-0944,0,no alteration,no alteration,no alteration,no alteration,no alteration
