,Study ID,Sample ID,Patient ID,Altered,IDH1,IDH1: MUT,IDH1: AMP,IDH1: HOMDEL,IDH1: FUSION
0,lgg_tcga_pan_can_atlas_2018,TCGA-CS-4938-01,TCGA-CS-4938,1,R132H (driver),R132H (driver),no alteration,no alteration,no alteration
1,lgg_tcga_pan_can_atlas_2018,TCGA-CS-4942-01,TCGA-CS-4942,1,R132H (driver),R132H (driver),no alteration,no alteration,no alteration
2,lgg_tcga_pan_can_atlas_2018,TCGA-CS-4943-01,TCGA-CS-4943,1,R132H (driver),R132H (driver),no alteration,no alteration,no alteration
3,lgg_tcga_pan_can_atlas_2018,TCGA-CS-4944-01,TCGA-CS-4944,1,R132H (driver),R132H (driver),no alteration,no alteration,no alteration
4,lgg_tcga_pan_can_atlas_2018,TCGA-CS-5390-01,TCGA-CS-5390,1,R132H (driver),R132H (driver),no alteration,no alteration,no alteration
5,lgg_tcga_pan_can_atlas_2018,TCGA-CS-5393-01,TCGA-CS-5393,1,R132H (driver),R132H (driver),no alteration,no alteration,no alteration
6,lgg_tcga_pan_can_atlas_2018,TCGA-CS-5394-01,TCGA-CS-5394,1,R132H (driver),R132H (driver),no alteration,no alteration,no alteration
7,lgg_tcga_pan_can_atlas_2018,TCGA-CS-5396-01,TCGA-CS-5396,1,R132H (driver),R132H (driver),no alteration,no alteration,no alteration
8,lgg_tcga_pan_can_atlas_2018,TCGA-CS-6290-01,TCGA-CS-6290,1,R132H (driver),R132H (driver),no alteration,no alteration,no alteration
9,lgg_tcga_pan_can_atlas_2018,TCGA-CS-6665-01,TCGA-CS-6665,1,R132H (driver),R132H (driver),no alteration,no alteration,no alteration
10,lgg_tcga_pan_can_atlas_2018,TCGA-CS-6666-01,TCGA-CS-6666,1,R132C (driver),R132C (driver),no alteration,no alteration,no alteration
11,lgg_tcga_pan_can_atlas_2018,TCGA-CS-6667-01,TCGA-CS-6667,1,R132H (driver),R132H (driver),no alteration,no alteration,no alteration
12,lgg_tcga_pan_can_atlas_2018,TCGA-CS-6668-01,TCGA-CS-6668,1,R132H (driver),R132H (driver),no alteration,no alteration,no alteration
13,lgg_tcga_pan_can_atlas_2018,TCGA-CS-6670-01,TCGA-CS-6670,1,R132H (driver),R132H (driver),no alteration,no alteration,no alteration
14,lgg_tcga_pan_can_atlas_2018,TCGA-DB-5270-01,TCGA-DB-5270,1,R132H (driver),R132H (driver),no alteration,no alteration,no alteration
15,lgg_tcga_pan_can_atlas_2018,TCGA-DB-5273-01,TCGA-DB-5273,1,R132H (driver),R132H (driver),no alteration,no alteration,no alteration
16,lgg_tcga_pan_can_atlas_2018,TCGA-DB-5274-01,TCGA-DB-5274,1,R132H (driver),R132H (driver),no alteration,no alteration,no alteration
17,lgg_tcga_pan_can_atlas_2018,TCGA-DB-5275-01,TCGA-DB-5275,1,R132H (driver),R132H (driver),no alteration,no alteration,no alteration
18,lgg_tcga_pan_can_atlas_2018,TCGA-DB-5276-01,TCGA-DB-5276,1,R132C (driver),R132C (driver),no alteration,no alteration,no alteration
19,lgg_tcga_pan_can_atlas_2018,TCGA-DB-5277-01,TCGA-DB-5277,1,R132H (driver),R132H (driver),no alteration,no alteration,no alteration
20,lgg_tcga_pan_can_atlas_2018,TCGA-DB-5278-01,TCGA-DB-5278,1,R132H (driver),R132H (driver),no alteration,no alteration,no alteration
21,lgg_tcga_pan_can_atlas_2018,TCGA-DB-5279-01,TCGA-DB-5279,1,R132H (driver),R132H (driver),no alteration,no alteration,no alteration
22,lgg_tcga_pan_can_atlas_2018,TCGA-DB-5280-01,TCGA-DB-5280,1,R132H (driver),R132H (driver),no alteration,no alteration,no alteration
23,lgg_tcga_pan_can_atlas_2018,TCGA-DB-5281-01,TCGA-DB-5281,1,R132H (driver),R132H (driver),no alteration,no alteration,no alteration
24,lgg_tcga_pan_can_atlas_2018,TCGA-DB-A4X9-01,TCGA-DB-A4X9,1,R132H (driver),R132H (driver),no alteration,no alteration,no alteration
25,lgg_tcga_pan_can_atlas_2018,TCGA-DB-A4XA-01,TCGA-DB-A4XA,1,R132H (driver),R132H (driver),no alteration,no alteration,no alteration
26,lgg_tcga_pan_can_atlas_2018,TCGA-DB-A4XB-01,TCGA-DB-A4XB,1,R132H (driver),R132H (driver),no alteration,no alteration,no alteration
27,lgg_tcga_pan_can_atlas_2018,TCGA-DB-A4XC-01,TCGA-DB-A4XC,1,R132H (driver),R132H (driver),no alteration,no alteration,no alteration
28,lgg_tcga_pan_can_atlas_2018,TCGA-DB-A4XD-01,TCGA-DB-A4XD,1,R132C (driver),R132C (driver),no alteration,no alteration,no alteration
29,lgg_tcga_pan_can_atlas_2018,TCGA-DB-A4XE-01,TCGA-DB-A4XE,1,R132H (driver),R132H (driver),no alteration,no alteration,no alteration
30,lgg_tcga_pan_can_atlas_2018,TCGA-DB-A4XF-01,TCGA-DB-A4XF,1,R132C (driver),R132C (driver),no alteration,no alteration,no alteration
31,lgg_tcga_pan_can_atlas_2018,TCGA-DB-A4XH-01,TCGA-DB-A4XH,1,R132H (driver),R132H (driver),no alteration,no alteration,no alteration
32,lgg_tcga_pan_can_atlas_2018,TCGA-DB-A64L-01,TCGA-DB-A64L,1,R132H (driver),R132H (driver),no alteration,no alteration,no alteration
33,lgg_tcga_pan_can_atlas_2018,TCGA-DB-A64P-01,TCGA-DB-A64P,1,R132H (driver),R132H (driver),no alteration,no alteration,no alteration
34,lgg_tcga_pan_can_atlas_2018,TCGA-DB-A64Q-01,TCGA-DB-A64Q,1,R132H (driver),R132H (driver),no alteration,no alteration,no alteration
35,lgg_tcga_pan_can_atlas_2018,TCGA-DB-A64R-01,TCGA-DB-A64R,1,R132H (driver),R132H (driver),no alteration,no alteration,no alteration
36,lgg_tcga_pan_can_atlas_2018,TCGA-DB-A64S-01,TCGA-DB-A64S,1,R132C (driver),R132C (driver),no alteration,no alteration,no alteration
37,lgg_tcga_pan_can_atlas_2018,TCGA-DB-A64U-01,TCGA-DB-A64U,1,R132H (driver),R132H (driver),no alteration,no alteration,no alteration
38,lgg_tcga_pan_can_atlas_2018,TCGA-DB-A64V-01,TCGA-DB-A64V,1,R132H (driver),R132H (driver),no alteration,no alteration,no alteration
39,lgg_tcga_pan_can_atlas_2018,TCGA-DB-A64W-01,TCGA-DB-A64W,1,R132H (driver),R132H (driver),no alteration,no alteration,no alteration
40,lgg_tcga_pan_can_atlas_2018,TCGA-DB-A64X-01,TCGA-DB-A64X,1,R132H (driver),R132H (driver),no alteration,no alteration,no alteration
41,lgg_tcga_pan_can_atlas_2018,TCGA-DB-A75K-01,TCGA-DB-A75K,1,R132H (driver),R132H (driver),no alteration,no alteration,no alteration
42,lgg_tcga_pan_can_atlas_2018,TCGA-DB-A75L-01,TCGA-DB-A75L,1,R132H (driver),R132H (driver),no alteration,no alteration,no alteration
43,lgg_tcga_pan_can_atlas_2018,TCGA-DB-A75M-01,TCGA-DB-A75M,1,R132C (driver),R132C (driver),no alteration,no alteration,no alteration
44,lgg_tcga_pan_can_atlas_2018,TCGA-DB-A75O-01,TCGA-DB-A75O,1,R132H (driver),R132H (driver),no alteration,no alteration,no alteration
45,lgg_tcga_pan_can_atlas_2018,TCGA-DH-5142-01,TCGA-DH-5142,1,R132H (driver),R132H (driver),no alteration,no alteration,no alteration
46,lgg_tcga_pan_can_atlas_2018,TCGA-DH-5143-01,TCGA-DH-5143,1,R132H (driver),R132H (driver),no alteration,no alteration,no alteration
47,lgg_tcga_pan_can_atlas_2018,TCGA-DH-5144-01,TCGA-DH-5144,1,R132H (driver),R132H (driver),no alteration,no alteration,no alteration
48,lgg_tcga_pan_can_atlas_2018,TCGA-DH-A669-01,TCGA-DH-A669,1,R132H (driver),R132H (driver),no alteration,no alteration,no alteration
49,lgg_tcga_pan_can_atlas_2018,TCGA-DH-A66B-01,TCGA-DH-A66B,1,R132H (driver),R132H (driver),no alteration,no alteration,no alteration
50,lgg_tcga_pan_can_atlas_2018,TCGA-DH-A66D-01,TCGA-DH-A66D,1,R132H (driver),R132H (driver),no alteration,no alteration,no alteration
51,lgg_tcga_pan_can_atlas_2018,TCGA-DH-A66F-01,TCGA-DH-A66F,1,R132H (driver),R132H (driver),no alteration,no alteration,no alteration
52,lgg_tcga_pan_can_atlas_2018,TCGA-DH-A66G-01,TCGA-DH-A66G,1,R132H (driver),R132H (driver),no alteration,no alteration,no alteration
53,lgg_tcga_pan_can_atlas_2018,TCGA-DH-A7US-01,TCGA-DH-A7US,1,R132H (driver),R132H (driver),no alteration,no alteration,no alteration
54,lgg_tcga_pan_can_atlas_2018,TCGA-DH-A7UT-01,TCGA-DH-A7UT,1,R132H (driver),R132H (driver),no alteration,no alteration,no alteration
55,lgg_tcga_pan_can_atlas_2018,TCGA-DH-A7UU-01,TCGA-DH-A7UU,1,R132H (driver),R132H (driver),no alteration,no alteration,no alteration
56,lgg_tcga_pan_can_atlas_2018,TCGA-DH-A7UV-01,TCGA-DH-A7UV,1,R132G (driver),R132G (driver),no alteration,no alteration,no alteration
57,lgg_tcga_pan_can_atlas_2018,TCGA-DU-5851-01,TCGA-DU-5851,1,R132H (driver),R132H (driver),no alteration,no alteration,no alteration
58,lgg_tcga_pan_can_atlas_2018,TCGA-DU-5853-01,TCGA-DU-5853,1,R132H (driver),R132H (driver),no alteration,no alteration,no alteration
59,lgg_tcga_pan_can_atlas_2018,TCGA-DU-5855-01,TCGA-DU-5855,1,R132H (driver),R132H (driver),no alteration,no alteration,no alteration
60,lgg_tcga_pan_can_atlas_2018,TCGA-DU-5870-01,TCGA-DU-5870,1,R132H (driver),R132H (driver),no alteration,no alteration,no alteration
61,lgg_tcga_pan_can_atlas_2018,TCGA-DU-5871-01,TCGA-DU-5871,1,R132G (driver),R132G (driver),no alteration,no alteration,no alteration
62,lgg_tcga_pan_can_atlas_2018,TCGA-DU-5872-01,TCGA-DU-5872,1,R132H (driver),R132H (driver),no alteration,no alteration,no alteration
63,lgg_tcga_pan_can_atlas_2018,TCGA-DU-5874-01,TCGA-DU-5874,1,R132H (driver),R132H (driver),no alteration,no alteration,no alteration
64,lgg_tcga_pan_can_atlas_2018,TCGA-DU-6393-01,TCGA-DU-6393,1,R132H (driver),R132H (driver),no alteration,no alteration,no alteration
65,lgg_tcga_pan_can_atlas_2018,TCGA-DU-6394-01,TCGA-DU-6394,1,R132H (driver),R132H (driver),no alteration,no alteration,no alteration
66,lgg_tcga_pan_can_atlas_2018,TCGA-DU-6395-01,TCGA-DU-6395,1,R132H (driver),R132H (driver),no alteration,no alteration,no alteration
67,lgg_tcga_pan_can_atlas_2018,TCGA-DU-6396-01,TCGA-DU-6396,1,R132H (driver),R132H (driver),no alteration,no alteration,no alteration
68,lgg_tcga_pan_can_atlas_2018,TCGA-DU-6397-01,TCGA-DU-6397,1,R132H (driver),R132H (driver),no alteration,no alteration,no alteration
69,lgg_tcga_pan_can_atlas_2018,TCGA-DU-6399-01,TCGA-DU-6399,1,R132H (driver),R132H (driver),no alteration,no alteration,no alteration
70,lgg_tcga_pan_can_atlas_2018,TCGA-DU-6400-01,TCGA-DU-6400,1,R132H (driver),R132H (driver),no alteration,no alteration,no alteration
71,lgg_tcga_pan_can_atlas_2018,TCGA-DU-6401-01,TCGA-DU-6401,1,R132S (driver),R132S (driver),no alteration,no alteration,no alteration
72,lgg_tcga_pan_can_atlas_2018,TCGA-DU-6407-01,TCGA-DU-6407,1,R132H (driver),R132H (driver),no alteration,no alteration,no alteration
73,lgg_tcga_pan_can_atlas_2018,TCGA-DU-6408-01,TCGA-DU-6408,1,R132H (driver),R132H (driver),no alteration,no alteration,no alteration
74,lgg_tcga_pan_can_atlas_2018,TCGA-DU-6410-01,TCGA-DU-6410,1,R132H (driver),R132H (driver),no alteration,no alteration,no alteration
75,lgg_tcga_pan_can_atlas_2018,TCGA-DU-6542-01,TCGA-DU-6542,1,R132H (driver),R132H (driver),no alteration,no alteration,no alteration
76,lgg_tcga_pan_can_atlas_2018,TCGA-DU-7007-01,TCGA-DU-7007,1,R132H (driver),R132H (driver),no alteration,no alteration,no alteration
77,lgg_tcga_pan_can_atlas_2018,TCGA-DU-7008-01,TCGA-DU-7008,1,R132H (driver),R132H (driver),no alteration,no alteration,no alteration
78,lgg_tcga_pan_can_atlas_2018,TCGA-DU-7009-01,TCGA-DU-7009,1,R132H (driver),R132H (driver),no alteration,no alteration,no alteration
79,lgg_tcga_pan_can_atlas_2018,TCGA-DU-7010-01,TCGA-DU-7010,1,R132H (driver),R132H (driver),no alteration,no alteration,no alteration
80,lgg_tcga_pan_can_atlas_2018,TCGA-DU-7011-01,TCGA-DU-7011,1,R132H (driver),R132H (driver),no alteration,no alteration,no alteration
81,lgg_tcga_pan_can_atlas_2018,TCGA-DU-7015-01,TCGA-DU-7015,1,R132H (driver),R132H (driver),no alteration,no alteration,no alteration
82,lgg_tcga_pan_can_atlas_2018,TCGA-DU-7018-01,TCGA-DU-7018,1,R132H (driver),R132H (driver),no alteration,no alteration,no alteration
83,lgg_tcga_pan_can_atlas_2018,TCGA-DU-7019-01,TCGA-DU-7019,1,R132H (driver),R132H (driver),no alteration,no alteration,no alteration
84,lgg_tcga_pan_can_atlas_2018,TCGA-DU-7294-01,TCGA-DU-7294,1,R132H (driver),R132H (driver),no alteration,no alteration,no alteration
85,lgg_tcga_pan_can_atlas_2018,TCGA-DU-7298-01,TCGA-DU-7298,1,R132H (driver),R132H (driver),no alteration,no alteration,no alteration
86,lgg_tcga_pan_can_atlas_2018,TCGA-DU-7299-01,TCGA-DU-7299,1,R132H (driver),R132H (driver),no alteration,no alteration,no alteration
87,lgg_tcga_pan_can_atlas_2018,TCGA-DU-7300-01,TCGA-DU-7300,1,R132H (driver),R132H (driver),no alteration,no alteration,no alteration
88,lgg_tcga_pan_can_atlas_2018,TCGA-DU-7301-01,TCGA-DU-7301,1,R132H (driver),R132H (driver),no alteration,no alteration,no alteration
89,lgg_tcga_pan_can_atlas_2018,TCGA-DU-7302-01,TCGA-DU-7302,1,R132H (driver),R132H (driver),no alteration,no alteration,no alteration
90,lgg_tcga_pan_can_atlas_2018,TCGA-DU-7304-01,TCGA-DU-7304,1,R132G (driver),R132G (driver),no alteration,no alteration,no alteration
91,lgg_tcga_pan_can_atlas_2018,TCGA-DU-7306-01,TCGA-DU-7306,1,R132H (driver),R132H (driver),no alteration,no alteration,no alteration
92,lgg_tcga_pan_can_atlas_2018,TCGA-DU-8163-01,TCGA-DU-8163,1,R132H (driver),R132H (driver),no alteration,no alteration,no alteration
93,lgg_tcga_pan_can_atlas_2018,TCGA-DU-8164-01,TCGA-DU-8164,1,R132H (driver),R132H (driver),no alteration,no alteration,no alteration
94,lgg_tcga_pan_can_atlas_2018,TCGA-DU-8166-01,TCGA-DU-8166,1,R132H (driver),R132H (driver),no alteration,no alteration,no alteration
95,lgg_tcga_pan_can_atlas_2018,TCGA-DU-8167-01,TCGA-DU-8167,1,R132H (driver),R132H (driver),no alteration,no alteration,no alteration
96,lgg_tcga_pan_can_atlas_2018,TCGA-DU-8168-01,TCGA-DU-8168,1,R132H (driver),R132H (driver),no alteration,no alteration,no alteration
97,lgg_tcga_pan_can_atlas_2018,TCGA-DU-A5TP-01,TCGA-DU-A5TP,1,R132H (driver),R132H (driver),no alteration,no alteration,no alteration
98,lgg_tcga_pan_can_atlas_2018,TCGA-DU-A5TR-01,TCGA-DU-A5TR,1,R132S (driver),R132S (driver),no alteration,no alteration,no alteration
99,lgg_tcga_pan_can_atlas_2018,TCGA-DU-A5TS-01,TCGA-DU-A5TS,1,R132H (driver),R132H (driver),no alteration,no alteration,no alteration
100,lgg_tcga_pan_can_atlas_2018,TCGA-DU-A5TU-01,TCGA-DU-A5TU,1,R132H (driver),R132H (driver),no alteration,no alteration,no alteration
101,lgg_tcga_pan_can_atlas_2018,TCGA-DU-A5TW-01,TCGA-DU-A5TW,1,R132H (driver),R132H (driver),no alteration,no alteration,no alteration
102,lgg_tcga_pan_can_atlas_2018,TCGA-DU-A6S2-01,TCGA-DU-A6S2,1,R132H (driver),R132H (driver),no alteration,no alteration,no alteration
103,lgg_tcga_pan_can_atlas_2018,TCGA-DU-A6S3-01,TCGA-DU-A6S3,1,R132H (driver),R132H (driver),no alteration,no alteration,no alteration
104,lgg_tcga_pan_can_atlas_2018,TCGA-DU-A6S6-01,TCGA-DU-A6S6,1,R132H (driver),R132H (driver),no alteration,no alteration,no alteration
105,lgg_tcga_pan_can_atlas_2018,TCGA-DU-A6S7-01,TCGA-DU-A6S7,1,R132S (driver),R132S (driver),no alteration,no alteration,no alteration
106,lgg_tcga_pan_can_atlas_2018,TCGA-DU-A6S8-01,TCGA-DU-A6S8,1,R132H (driver),R132H (driver),no alteration,no alteration,no alteration
107,lgg_tcga_pan_can_atlas_2018,TCGA-DU-A76O-01,TCGA-DU-A76O,1,R132H (driver),R132H (driver),no alteration,no alteration,no alteration
108,lgg_tcga_pan_can_atlas_2018,TCGA-DU-A76R-01,TCGA-DU-A76R,1,R132H (driver),R132H (driver),no alteration,no alteration,no alteration
109,lgg_tcga_pan_can_atlas_2018,TCGA-DU-A7T6-01,TCGA-DU-A7T6,1,R132H (driver),R132H (driver),no alteration,no alteration,no alteration
110,lgg_tcga_pan_can_atlas_2018,TCGA-DU-A7T8-01,TCGA-DU-A7T8,1,R132H (driver),R132H (driver),no alteration,no alteration,no alteration
111,lgg_tcga_pan_can_atlas_2018,TCGA-DU-A7TC-01,TCGA-DU-A7TC,1,R132H (driver),R132H (driver),no alteration,no alteration,no alteration
112,lgg_tcga_pan_can_atlas_2018,TCGA-DU-A7TG-01,TCGA-DU-A7TG,1,R132H (driver),R132H (driver),no alteration,no alteration,no alteration
113,lgg_tcga_pan_can_atlas_2018,TCGA-E1-5302-01,TCGA-E1-5302,1,R132H (driver),R132H (driver),no alteration,no alteration,no alteration
114,lgg_tcga_pan_can_atlas_2018,TCGA-E1-5303-01,TCGA-E1-5303,1,R132H (driver),R132H (driver),no alteration,no alteration,no alteration
115,lgg_tcga_pan_can_atlas_2018,TCGA-E1-5304-01,TCGA-E1-5304,1,R132H (driver),R132H (driver),no alteration,no alteration,no alteration
116,lgg_tcga_pan_can_atlas_2018,TCGA-E1-5305-01,TCGA-E1-5305,1,R132H (driver),R132H (driver),no alteration,no alteration,no alteration
117,lgg_tcga_pan_can_atlas_2018,TCGA-E1-5307-01,TCGA-E1-5307,1,R132H (driver),R132H (driver),no alteration,no alteration,no alteration
118,lgg_tcga_pan_can_atlas_2018,TCGA-E1-5311-01,TCGA-E1-5311,1,R132H (driver),R132H (driver),no alteration,no alteration,no alteration
119,lgg_tcga_pan_can_atlas_2018,TCGA-E1-5319-01,TCGA-E1-5319,1,R132H (driver),R132H (driver),no alteration,no alteration,no alteration
120,lgg_tcga_pan_can_atlas_2018,TCGA-E1-5322-01,TCGA-E1-5322,1,R132H (driver),R132H (driver),no alteration,no alteration,no alteration
121,lgg_tcga_pan_can_atlas_2018,TCGA-E1-A7YE-01,TCGA-E1-A7YE,1,R132H (driver),R132H (driver),no alteration,no alteration,no alteration
122,lgg_tcga_pan_can_atlas_2018,TCGA-E1-A7YH-01,TCGA-E1-A7YH,1,R132H (driver),R132H (driver),no alteration,no alteration,no alteration
123,lgg_tcga_pan_can_atlas_2018,TCGA-E1-A7YI-01,TCGA-E1-A7YI,1,R132H (driver),R132H (driver),no alteration,no alteration,no alteration
124,lgg_tcga_pan_can_atlas_2018,TCGA-E1-A7YK-01,TCGA-E1-A7YK,1,R132H (driver),R132H (driver),no alteration,no alteration,no alteration
125,lgg_tcga_pan_can_atlas_2018,TCGA-E1-A7YO-01,TCGA-E1-A7YO,1,R132H (driver),R132H (driver),no alteration,no alteration,no alteration
126,lgg_tcga_pan_can_atlas_2018,TCGA-E1-A7YS-01,TCGA-E1-A7YS,1,R132H (driver),R132H (driver),no alteration,no alteration,no alteration
127,lgg_tcga_pan_can_atlas_2018,TCGA-E1-A7YU-01,TCGA-E1-A7YU,1,R132H (driver),R132H (driver),no alteration,no alteration,no alteration
128,lgg_tcga_pan_can_atlas_2018,TCGA-E1-A7YV-01,TCGA-E1-A7YV,1,R132H (driver),R132H (driver),no alteration,no alteration,no alteration
129,lgg_tcga_pan_can_atlas_2018,TCGA-E1-A7YW-01,TCGA-E1-A7YW,1,R132H (driver),R132H (driver),no alteration,no alteration,no alteration
130,lgg_tcga_pan_can_atlas_2018,TCGA-E1-A7YY-01,TCGA-E1-A7YY,1,R132H (driver),R132H (driver),no alteration,no alteration,no alteration
131,lgg_tcga_pan_can_atlas_2018,TCGA-E1-A7Z3-01,TCGA-E1-A7Z3,1,R132H (driver),R132H (driver),no alteration,no alteration,no alteration
132,lgg_tcga_pan_can_atlas_2018,TCGA-E1-A7Z4-01,TCGA-E1-A7Z4,1,R132H (driver),R132H (driver),no alteration,no alteration,no alteration
133,lgg_tcga_pan_can_atlas_2018,TCGA-E1-A7Z6-01,TCGA-E1-A7Z6,1,R132H (driver),R132H (driver),no alteration,no alteration,no alteration
134,lgg_tcga_pan_can_atlas_2018,TCGA-EZ-7264-01,TCGA-EZ-7264,1,R132H (driver),R132H (driver),no alteration,no alteration,no alteration
135,lgg_tcga_pan_can_atlas_2018,TCGA-F6-A8O3-01,TCGA-F6-A8O3,1,R132H (driver),R132H (driver),no alteration,no alteration,no alteration
136,lgg_tcga_pan_can_atlas_2018,TCGA-F6-A8O4-01,TCGA-F6-A8O4,1,R132H (driver),R132H (driver),no alteration,no alteration,no alteration
137,lgg_tcga_pan_can_atlas_2018,TCGA-FG-5962-01,TCGA-FG-5962,1,R132H (driver),R132H (driver),no alteration,no alteration,no alteration
138,lgg_tcga_pan_can_atlas_2018,TCGA-FG-5964-01,TCGA-FG-5964,1,R132H (driver),R132H (driver),no alteration,no alteration,no alteration
139,lgg_tcga_pan_can_atlas_2018,TCGA-FG-5965-01,TCGA-FG-5965,1,R132H (driver),R132H (driver),no alteration,no alteration,no alteration
140,lgg_tcga_pan_can_atlas_2018,TCGA-FG-6689-01,TCGA-FG-6689,1,R132H (driver),R132H (driver),no alteration,no alteration,no alteration
141,lgg_tcga_pan_can_atlas_2018,TCGA-FG-6690-01,TCGA-FG-6690,1,R132H (driver),R132H (driver),no alteration,no alteration,no alteration
142,lgg_tcga_pan_can_atlas_2018,TCGA-FG-6691-01,TCGA-FG-6691,1,R132S (driver),R132S (driver),no alteration,no alteration,no alteration
143,lgg_tcga_pan_can_atlas_2018,TCGA-FG-7634-01,TCGA-FG-7634,1,R132H (driver),R132H (driver),no alteration,no alteration,no alteration
144,lgg_tcga_pan_can_atlas_2018,TCGA-FG-7636-01,TCGA-FG-7636,1,R132H (driver),R132H (driver),no alteration,no alteration,no alteration
145,lgg_tcga_pan_can_atlas_2018,TCGA-FG-7637-01,TCGA-FG-7637,1,R132H (driver),R132H (driver),not profiled,not profiled,no alteration
146,lgg_tcga_pan_can_atlas_2018,TCGA-FG-7638-01,TCGA-FG-7638,1,R132H (driver),R132H (driver),no alteration,no alteration,no alteration
147,lgg_tcga_pan_can_atlas_2018,TCGA-FG-7641-01,TCGA-FG-7641,1,R132H (driver),R132H (driver),no alteration,no alteration,no alteration
148,lgg_tcga_pan_can_atlas_2018,TCGA-FG-8182-01,TCGA-FG-8182,1,R132H (driver),R132H (driver),no alteration,no alteration,no alteration
149,lgg_tcga_pan_can_atlas_2018,TCGA-FG-8185-01,TCGA-FG-8185,1,R132C (driver),R132C (driver),no alteration,no alteration,no alteration
150,lgg_tcga_pan_can_atlas_2018,TCGA-FG-8186-01,TCGA-FG-8186,1,R132H (driver),R132H (driver),no alteration,no alteration,no alteration
151,lgg_tcga_pan_can_atlas_2018,TCGA-FG-8187-01,TCGA-FG-8187,1,R132H (driver),R132H (driver),no alteration,no alteration,no alteration
152,lgg_tcga_pan_can_atlas_2018,TCGA-FG-8188-01,TCGA-FG-8188,1,R132H (driver),R132H (driver),no alteration,no alteration,no alteration
153,lgg_tcga_pan_can_atlas_2018,TCGA-FG-8191-01,TCGA-FG-8191,1,R132H (driver),R132H (driver),no alteration,no alteration,no alteration
154,lgg_tcga_pan_can_atlas_2018,TCGA-FG-A4MT-01,TCGA-FG-A4MT,1,R132H (driver),R132H (driver),no alteration,no alteration,no alteration
155,lgg_tcga_pan_can_atlas_2018,TCGA-FG-A4MX-01,TCGA-FG-A4MX,1,R132H (driver),R132H (driver),no alteration,no alteration,no alteration
156,lgg_tcga_pan_can_atlas_2018,TCGA-FG-A4MY-01,TCGA-FG-A4MY,1,R132H (driver),R132H (driver),no alteration,no alteration,no alteration
157,lgg_tcga_pan_can_atlas_2018,TCGA-FG-A60J-01,TCGA-FG-A60J,1,R132H (driver),R132H (driver),no alteration,no alteration,no alteration
158,lgg_tcga_pan_can_atlas_2018,TCGA-FG-A60K-01,TCGA-FG-A60K,1,R132H (driver),R132H (driver),no alteration,no alteration,no alteration
159,lgg_tcga_pan_can_atlas_2018,TCGA-FG-A60L-01,TCGA-FG-A60L,1,R132H (driver),R132H (driver),no alteration,no alteration,no alteration
160,lgg_tcga_pan_can_atlas_2018,TCGA-FG-A6IZ-01,TCGA-FG-A6IZ,1,R132H (driver),R132H (driver),no alteration,no alteration,no alteration
161,lgg_tcga_pan_can_atlas_2018,TCGA-FG-A6J1-01,TCGA-FG-A6J1,1,R132H (driver),R132H (driver),no alteration,no alteration,no alteration
162,lgg_tcga_pan_can_atlas_2018,TCGA-FG-A6J3-01,TCGA-FG-A6J3,1,R132H (driver),R132H (driver),no alteration,no alteration,no alteration
163,lgg_tcga_pan_can_atlas_2018,TCGA-FG-A70Y-01,TCGA-FG-A70Y,1,R132H (driver),R132H (driver),no alteration,no alteration,no alteration
164,lgg_tcga_pan_can_atlas_2018,TCGA-FG-A710-01,TCGA-FG-A710,1,R132H (driver),R132H (driver),no alteration,no alteration,no alteration
165,lgg_tcga_pan_can_atlas_2018,TCGA-FG-A711-01,TCGA-FG-A711,1,R132H (driver),R132H (driver),no alteration,no alteration,no alteration
166,lgg_tcga_pan_can_atlas_2018,TCGA-FG-A713-01,TCGA-FG-A713,1,R132H (driver),R132H (driver),no alteration,no alteration,no alteration
167,lgg_tcga_pan_can_atlas_2018,TCGA-FG-A87N-01,TCGA-FG-A87N,1,R132H (driver),R132H (driver),no alteration,no alteration,no alteration
168,lgg_tcga_pan_can_atlas_2018,TCGA-FN-7833-01,TCGA-FN-7833,1,R132H (driver),R132H (driver),no alteration,no alteration,no alteration
169,lgg_tcga_pan_can_atlas_2018,TCGA-HT-7467-01,TCGA-HT-7467,1,R132H (driver),R132H (driver),no alteration,no alteration,no alteration
170,lgg_tcga_pan_can_atlas_2018,TCGA-HT-7468-01,TCGA-HT-7468,1,R132H (driver),R132H (driver),no alteration,no alteration,no alteration
171,lgg_tcga_pan_can_atlas_2018,TCGA-HT-7470-01,TCGA-HT-7470,1,R132S (driver),R132S (driver),no alteration,no alteration,no alteration
172,lgg_tcga_pan_can_atlas_2018,TCGA-HT-7471-01,TCGA-HT-7471,1,R132H (driver),R132H (driver),no alteration,no alteration,no alteration
173,lgg_tcga_pan_can_atlas_2018,TCGA-HT-7472-01,TCGA-HT-7472,1,R132H (driver),R132H (driver),no alteration,no alteration,no alteration
174,lgg_tcga_pan_can_atlas_2018,TCGA-HT-7473-01,TCGA-HT-7473,1,R132H (driver),R132H (driver),no alteration,no alteration,no alteration
175,lgg_tcga_pan_can_atlas_2018,TCGA-HT-7474-01,TCGA-HT-7474,1,R132H (driver),R132H (driver),no alteration,no alteration,no alteration
176,lgg_tcga_pan_can_atlas_2018,TCGA-HT-7475-01,TCGA-HT-7475,1,R132H (driver),R132H (driver),no alteration,no alteration,no alteration
177,lgg_tcga_pan_can_atlas_2018,TCGA-HT-7477-01,TCGA-HT-7477,1,R132H (driver),R132H (driver),no alteration,no alteration,no alteration
178,lgg_tcga_pan_can_atlas_2018,TCGA-HT-7478-01,TCGA-HT-7478,1,R132H (driver),R132H (driver),no alteration,no alteration,no alteration
179,lgg_tcga_pan_can_atlas_2018,TCGA-HT-7479-01,TCGA-HT-7479,1,R132C (driver),R132C (driver),no alteration,no alteration,no alteration
180,lgg_tcga_pan_can_atlas_2018,TCGA-HT-7480-01,TCGA-HT-7480,1,R132H (driver),R132H (driver),no alteration,no alteration,no alteration
181,lgg_tcga_pan_can_atlas_2018,TCGA-HT-7481-01,TCGA-HT-7481,1,R132H (driver),R132H (driver),no alteration,no alteration,no alteration
182,lgg_tcga_pan_can_atlas_2018,TCGA-HT-7482-01,TCGA-HT-7482,1,R132G (driver),R132G (driver),no alteration,no alteration,no alteration
183,lgg_tcga_pan_can_atlas_2018,TCGA-HT-7483-01,TCGA-HT-7483,1,R132G (driver),R132G (driver),no alteration,no alteration,no alteration
184,lgg_tcga_pan_can_atlas_2018,TCGA-HT-7485-01,TCGA-HT-7485,1,R132H (driver),R132H (driver),no alteration,no alteration,no alteration
185,lgg_tcga_pan_can_atlas_2018,TCGA-HT-7601-01,TCGA-HT-7601,1,R132H (driver),R132H (driver),no alteration,no alteration,no alteration
186,lgg_tcga_pan_can_atlas_2018,TCGA-HT-7602-01,TCGA-HT-7602,1,R132H (driver),R132H (driver),no alteration,no alteration,no alteration
187,lgg_tcga_pan_can_atlas_2018,TCGA-HT-7603-01,TCGA-HT-7603,1,R132H (driver),R132H (driver),no alteration,no alteration,no alteration
188,lgg_tcga_pan_can_atlas_2018,TCGA-HT-7604-01,TCGA-HT-7604,1,R132S (driver),R132S (driver),no alteration,no alteration,no alteration
189,lgg_tcga_pan_can_atlas_2018,TCGA-HT-7605-01,TCGA-HT-7605,1,R132H (driver),R132H (driver),no alteration,no alteration,no alteration
190,lgg_tcga_pan_can_atlas_2018,TCGA-HT-7606-01,TCGA-HT-7606,1,R132H (driver),R132H (driver),no alteration,no alteration,no alteration
191,lgg_tcga_pan_can_atlas_2018,TCGA-HT-7607-01,TCGA-HT-7607,1,R132H (driver),R132H (driver),no alteration,no alteration,no alteration
192,lgg_tcga_pan_can_atlas_2018,TCGA-HT-7608-01,TCGA-HT-7608,1,R132H (driver),R132H (driver),no alteration,no alteration,no alteration
193,lgg_tcga_pan_can_atlas_2018,TCGA-HT-7609-01,TCGA-HT-7609,1,R132H (driver),R132H (driver),no alteration,no alteration,no alteration
194,lgg_tcga_pan_can_atlas_2018,TCGA-HT-7610-01,TCGA-HT-7610,1,R132H (driver),R132H (driver),no alteration,no alteration,no alteration
195,lgg_tcga_pan_can_atlas_2018,TCGA-HT-7611-01,TCGA-HT-7611,1,R132G (driver),R132G (driver),no alteration,no alteration,no alteration
196,lgg_tcga_pan_can_atlas_2018,TCGA-HT-7616-01,TCGA-HT-7616,1,R132H (driver),R132H (driver),no alteration,no alteration,no alteration
197,lgg_tcga_pan_can_atlas_2018,TCGA-HT-7620-01,TCGA-HT-7620,1,R132H (driver),R132H (driver),no alteration,no alteration,no alteration
198,lgg_tcga_pan_can_atlas_2018,TCGA-HT-7676-01,TCGA-HT-7676,1,R132H (driver),R132H (driver),no alteration,no alteration,no alteration
199,lgg_tcga_pan_can_atlas_2018,TCGA-HT-7677-01,TCGA-HT-7677,1,R132H (driver),R132H (driver),no alteration,no alteration,no alteration
200,lgg_tcga_pan_can_atlas_2018,TCGA-HT-7684-01,TCGA-HT-7684,1,R132H (driver),R132H (driver),no alteration,no alteration,no alteration
201,lgg_tcga_pan_can_atlas_2018,TCGA-HT-7686-01,TCGA-HT-7686,1,R132H (driver),R132H (driver),no alteration,no alteration,no alteration
202,lgg_tcga_pan_can_atlas_2018,TCGA-HT-7687-01,TCGA-HT-7687,1,R132H (driver),R132H (driver),no alteration,no alteration,no alteration
203,lgg_tcga_pan_can_atlas_2018,TCGA-HT-7688-01,TCGA-HT-7688,1,R132H (driver),R132H (driver),no alteration,no alteration,no alteration
204,lgg_tcga_pan_can_atlas_2018,TCGA-HT-7689-01,TCGA-HT-7689,1,R132H (driver),R132H (driver),no alteration,no alteration,no alteration
205,lgg_tcga_pan_can_atlas_2018,TCGA-HT-7690-01,TCGA-HT-7690,1,R132H (driver),R132H (driver),no alteration,no alteration,no alteration
206,lgg_tcga_pan_can_atlas_2018,TCGA-HT-7692-01,TCGA-HT-7692,1,R132H (driver),R132H (driver),no alteration,no alteration,no alteration
207,lgg_tcga_pan_can_atlas_2018,TCGA-HT-7693-01,TCGA-HT-7693,1,R132C (driver),R132C (driver),no alteration,no alteration,no alteration
208,lgg_tcga_pan_can_atlas_2018,TCGA-HT-7694-01,TCGA-HT-7694,1,R132H (driver),R132H (driver),no alteration,no alteration,no alteration
209,lgg_tcga_pan_can_atlas_2018,TCGA-HT-7695-01,TCGA-HT-7695,1,R132H (driver),R132H (driver),no alteration,no alteration,no alteration
210,lgg_tcga_pan_can_atlas_2018,TCGA-HT-7855-01,TCGA-HT-7855,1,R132C (driver),R132C (driver),no alteration,no alteration,no alteration
211,lgg_tcga_pan_can_atlas_2018,TCGA-HT-7858-01,TCGA-HT-7858,1,R132S (driver),R132S (driver),no alteration,no alteration,no alteration
212,lgg_tcga_pan_can_atlas_2018,TCGA-HT-7873-01,TCGA-HT-7873,1,R132H (driver),R132H (driver),no alteration,no alteration,no alteration
213,lgg_tcga_pan_can_atlas_2018,TCGA-HT-7874-01,TCGA-HT-7874,1,R132H (driver),R132H (driver),no alteration,no alteration,no alteration
214,lgg_tcga_pan_can_atlas_2018,TCGA-HT-7875-01,TCGA-HT-7875,1,R132H (driver),R132H (driver),no alteration,no alteration,no alteration
215,lgg_tcga_pan_can_atlas_2018,TCGA-HT-7877-01,TCGA-HT-7877,1,R132H (driver),R132H (driver),no alteration,no alteration,no alteration
216,lgg_tcga_pan_can_atlas_2018,TCGA-HT-7879-01,TCGA-HT-7879,1,R132H (driver),R132H (driver),no alteration,no alteration,no alteration
217,lgg_tcga_pan_can_atlas_2018,TCGA-HT-7880-01,TCGA-HT-7880,1,R132H (driver),R132H (driver),no alteration,no alteration,no alteration
218,lgg_tcga_pan_can_atlas_2018,TCGA-HT-7881-01,TCGA-HT-7881,1,R132H (driver),R132H (driver),no alteration,no alteration,no alteration
219,lgg_tcga_pan_can_atlas_2018,TCGA-HT-7884-01,TCGA-HT-7884,1,R132H (driver),R132H (driver),no alteration,no alteration,no alteration
220,lgg_tcga_pan_can_atlas_2018,TCGA-HT-7902-01,TCGA-HT-7902,1,R132H (driver),R132H (driver),no alteration,no alteration,no alteration
221,lgg_tcga_pan_can_atlas_2018,TCGA-HT-8010-01,TCGA-HT-8010,1,R132H (driver),R132H (driver),no alteration,no alteration,no alteration
222,lgg_tcga_pan_can_atlas_2018,TCGA-HT-8012-01,TCGA-HT-8012,1,R132H (driver),R132H (driver),no alteration,no alteration,no alteration
223,lgg_tcga_pan_can_atlas_2018,TCGA-HT-8013-01,TCGA-HT-8013,1,R132H (driver),R132H (driver),no alteration,no alteration,no alteration
224,lgg_tcga_pan_can_atlas_2018,TCGA-HT-8018-01,TCGA-HT-8018,1,R132H (driver),R132H (driver),no alteration,no alteration,no alteration
225,lgg_tcga_pan_can_atlas_2018,TCGA-HT-8105-01,TCGA-HT-8105,1,R132H (driver),R132H (driver),no alteration,no alteration,no alteration
226,lgg_tcga_pan_can_atlas_2018,TCGA-HT-8106-01,TCGA-HT-8106,1,R132H (driver),R132H (driver),no alteration,no alteration,no alteration
227,lgg_tcga_pan_can_atlas_2018,TCGA-HT-8108-01,TCGA-HT-8108,1,R132H (driver),R132H (driver),no alteration,no alteration,no alteration
228,lgg_tcga_pan_can_atlas_2018,TCGA-HT-8109-01,TCGA-HT-8109,1,R132H (driver),R132H (driver),no alteration,no alteration,no alteration
229,lgg_tcga_pan_can_atlas_2018,TCGA-HT-8111-01,TCGA-HT-8111,1,R132H (driver),R132H (driver),no alteration,no alteration,no alteration
230,lgg_tcga_pan_can_atlas_2018,TCGA-HT-8114-01,TCGA-HT-8114,1,R132H (driver),R132H (driver),no alteration,no alteration,no alteration
231,lgg_tcga_pan_can_atlas_2018,TCGA-HT-8563-01,TCGA-HT-8563,1,R132H (driver),R132H (driver),no alteration,no alteration,no alteration
232,lgg_tcga_pan_can_atlas_2018,TCGA-HT-A4DV-01,TCGA-HT-A4DV,1,R132H (driver),R132H (driver),no alteration,no alteration,no alteration
233,lgg_tcga_pan_can_atlas_2018,TCGA-HT-A5R5-01,TCGA-HT-A5R5,1,R132H (driver),R132H (driver),no alteration,no alteration,no alteration
234,lgg_tcga_pan_can_atlas_2018,TCGA-HT-A5R7-01,TCGA-HT-A5R7,1,R132H (driver),R132H (driver),no alteration,no alteration,no alteration
235,lgg_tcga_pan_can_atlas_2018,TCGA-HT-A5RB-01,TCGA-HT-A5RB,1,R132H (driver),R132H (driver),no alteration,no alteration,no alteration
236,lgg_tcga_pan_can_atlas_2018,TCGA-HT-A614-01,TCGA-HT-A614,1,R132H (driver),R132H (driver),no alteration,no alteration,no alteration
237,lgg_tcga_pan_can_atlas_2018,TCGA-HT-A615-01,TCGA-HT-A615,1,R132H (driver),R132H (driver),no alteration,no alteration,no alteration
238,lgg_tcga_pan_can_atlas_2018,TCGA-HT-A616-01,TCGA-HT-A616,1,R132H (driver),R132H (driver),no alteration,no alteration,no alteration
239,lgg_tcga_pan_can_atlas_2018,TCGA-HT-A61B-01,TCGA-HT-A61B,1,R132H (driver),R132H (driver),no alteration,no alteration,no alteration
240,lgg_tcga_pan_can_atlas_2018,TCGA-HT-A74J-01,TCGA-HT-A74J,1,R132H (driver),R132H (driver),no alteration,no alteration,no alteration
241,lgg_tcga_pan_can_atlas_2018,TCGA-HT-A74K-01,TCGA-HT-A74K,1,R132H (driver),R132H (driver),no alteration,no alteration,no alteration
242,lgg_tcga_pan_can_atlas_2018,TCGA-HT-A74L-01,TCGA-HT-A74L,1,R132H (driver),R132H (driver),no alteration,no alteration,no alteration
243,lgg_tcga_pan_can_atlas_2018,TCGA-HT-A74O-01,TCGA-HT-A74O,1,R132G (driver),R132G (driver),no alteration,no alteration,no alteration
244,lgg_tcga_pan_can_atlas_2018,TCGA-HW-7486-01,TCGA-HW-7486,1,R132H (driver),R132H (driver),no alteration,no alteration,no alteration
245,lgg_tcga_pan_can_atlas_2018,TCGA-HW-7487-01,TCGA-HW-7487,1,R132H (driver),R132H (driver),no alteration,no alteration,no alteration
246,lgg_tcga_pan_can_atlas_2018,TCGA-HW-7489-01,TCGA-HW-7489,1,R132H (driver),R132H (driver),no alteration,no alteration,no alteration
247,lgg_tcga_pan_can_atlas_2018,TCGA-HW-7490-01,TCGA-HW-7490,1,R132H (driver),R132H (driver),no alteration,no alteration,no alteration
248,lgg_tcga_pan_can_atlas_2018,TCGA-HW-7495-01,TCGA-HW-7495,1,R132H (driver),R132H (driver),no alteration,no alteration,no alteration
249,lgg_tcga_pan_can_atlas_2018,TCGA-HW-8319-01,TCGA-HW-8319,1,R132H (driver),R132H (driver),no alteration,no alteration,no alteration
250,lgg_tcga_pan_can_atlas_2018,TCGA-HW-8320-01,TCGA-HW-8320,1,R132H (driver),R132H (driver),no alteration,no alteration,no alteration
251,lgg_tcga_pan_can_atlas_2018,TCGA-HW-8321-01,TCGA-HW-8321,1,R132H (driver),R132H (driver),no alteration,no alteration,no alteration
252,lgg_tcga_pan_can_atlas_2018,TCGA-HW-8322-01,TCGA-HW-8322,1,R132H (driver),R132H (driver),no alteration,no alteration,no alteration
253,lgg_tcga_pan_can_atlas_2018,TCGA-HW-A5KJ-01,TCGA-HW-A5KJ,1,R132H (driver),R132H (driver),no alteration,no alteration,no alteration
254,lgg_tcga_pan_can_atlas_2018,TCGA-HW-A5KL-01,TCGA-HW-A5KL,1,R132H (driver),R132H (driver),no alteration,no alteration,no alteration
255,lgg_tcga_pan_can_atlas_2018,TCGA-HW-A5KM-01,TCGA-HW-A5KM,1,R132H (driver),R132H (driver),no alteration,no alteration,no alteration
256,lgg_tcga_pan_can_atlas_2018,TCGA-IK-7675-01,TCGA-IK-7675,1,R132H (driver),R132H (driver),no alteration,no alteration,no alteration
257,lgg_tcga_pan_can_atlas_2018,TCGA-IK-8125-01,TCGA-IK-8125,1,R132H (driver),R132H (driver),no alteration,no alteration,no alteration
258,lgg_tcga_pan_can_atlas_2018,TCGA-KT-A74X-01,TCGA-KT-A74X,1,R132H (driver),R132H (driver),no alteration,no alteration,no alteration
259,lgg_tcga_pan_can_atlas_2018,TCGA-P5-A5ET-01,TCGA-P5-A5ET,1,R132H (driver),R132H (driver),no alteration,no alteration,no alteration
260,lgg_tcga_pan_can_atlas_2018,TCGA-P5-A5EU-01,TCGA-P5-A5EU,1,R132H (driver),R132H (driver),no alteration,no alteration,no alteration
261,lgg_tcga_pan_can_atlas_2018,TCGA-P5-A5EV-01,TCGA-P5-A5EV,1,R132H (driver),R132H (driver),no alteration,no alteration,no alteration
262,lgg_tcga_pan_can_atlas_2018,TCGA-P5-A5EW-01,TCGA-P5-A5EW,1,R132H (driver),R132H (driver),no alteration,no alteration,no alteration
263,lgg_tcga_pan_can_atlas_2018,TCGA-P5-A5EX-01,TCGA-P5-A5EX,1,R132H (driver),R132H (driver),no alteration,no alteration,no alteration
264,lgg_tcga_pan_can_atlas_2018,TCGA-P5-A5EZ-01,TCGA-P5-A5EZ,1,R132C (driver),R132C (driver),no alteration,no alteration,no alteration
265,lgg_tcga_pan_can_atlas_2018,TCGA-P5-A5F0-01,TCGA-P5-A5F0,1,R132H (driver),R132H (driver),no alteration,no alteration,no alteration
266,lgg_tcga_pan_can_atlas_2018,TCGA-P5-A5F1-01,TCGA-P5-A5F1,1,R132H (driver),R132H (driver),no alteration,no alteration,no alteration
267,lgg_tcga_pan_can_atlas_2018,TCGA-P5-A5F2-01,TCGA-P5-A5F2,1,R132H (driver),R132H (driver),no alteration,no alteration,no alteration
268,lgg_tcga_pan_can_atlas_2018,TCGA-P5-A5F4-01,TCGA-P5-A5F4,1,R132C (driver),R132C (driver),no alteration,no alteration,no alteration
269,lgg_tcga_pan_can_atlas_2018,TCGA-P5-A72W-01,TCGA-P5-A72W,1,R132H (driver),R132H (driver),no alteration,no alteration,no alteration
270,lgg_tcga_pan_can_atlas_2018,TCGA-P5-A72X-01,TCGA-P5-A72X,1,R132H (driver),R132H (driver),no alteration,no alteration,no alteration
271,lgg_tcga_pan_can_atlas_2018,TCGA-P5-A72Z-01,TCGA-P5-A72Z,1,R132H (driver),R132H (driver),no alteration,no alteration,no alteration
272,lgg_tcga_pan_can_atlas_2018,TCGA-P5-A731-01,TCGA-P5-A731,1,R132H (driver),R132H (driver),no alteration,no alteration,no alteration
273,lgg_tcga_pan_can_atlas_2018,TCGA-P5-A733-01,TCGA-P5-A733,1,R132H (driver),R132H (driver),no alteration,no alteration,no alteration
274,lgg_tcga_pan_can_atlas_2018,TCGA-P5-A735-01,TCGA-P5-A735,1,R132H (driver),R132H (driver),no alteration,no alteration,no alteration
275,lgg_tcga_pan_can_atlas_2018,TCGA-P5-A736-01,TCGA-P5-A736,1,R132H (driver),R132H (driver),no alteration,no alteration,no alteration
276,lgg_tcga_pan_can_atlas_2018,TCGA-P5-A737-01,TCGA-P5-A737,1,R132H (driver),R132H (driver),no alteration,no alteration,no alteration
277,lgg_tcga_pan_can_atlas_2018,TCGA-P5-A77W-01,TCGA-P5-A77W,1,R132H (driver),R132H (driver),no alteration,no alteration,no alteration
278,lgg_tcga_pan_can_atlas_2018,TCGA-P5-A77X-01,TCGA-P5-A77X,1,R132H (driver),R132H (driver),no alteration,no alteration,no alteration
279,lgg_tcga_pan_can_atlas_2018,TCGA-P5-A780-01,TCGA-P5-A780,1,R132H (driver),R132H (driver),no alteration,no alteration,no alteration
280,lgg_tcga_pan_can_atlas_2018,TCGA-P5-A781-01,TCGA-P5-A781,1,R132H (driver),R132H (driver),no alteration,no alteration,no alteration
281,lgg_tcga_pan_can_atlas_2018,TCGA-QH-A65R-01,TCGA-QH-A65R,1,R132H (driver),R132H (driver),no alteration,no alteration,no alteration
282,lgg_tcga_pan_can_atlas_2018,TCGA-QH-A65S-01,TCGA-QH-A65S,1,R132H (driver),R132H (driver),no alteration,no alteration,no alteration
283,lgg_tcga_pan_can_atlas_2018,TCGA-QH-A65V-01,TCGA-QH-A65V,1,R132H (driver),R132H (driver),no alteration,no alteration,no alteration
284,lgg_tcga_pan_can_atlas_2018,TCGA-QH-A65Z-01,TCGA-QH-A65Z,1,R132H (driver),R132H (driver),no alteration,no alteration,no alteration
285,lgg_tcga_pan_can_atlas_2018,TCGA-QH-A6CU-01,TCGA-QH-A6CU,1,R132H (driver),R132H (driver),no alteration,no alteration,no alteration
286,lgg_tcga_pan_can_atlas_2018,TCGA-QH-A6CW-01,TCGA-QH-A6CW,1,R132H (driver),R132H (driver),no alteration,no alteration,no alteration
287,lgg_tcga_pan_can_atlas_2018,TCGA-QH-A6CY-01,TCGA-QH-A6CY,1,R132H (driver),R132H (driver),no alteration,no alteration,no alteration
288,lgg_tcga_pan_can_atlas_2018,TCGA-QH-A6CZ-01,TCGA-QH-A6CZ,1,R132H (driver),R132H (driver),no alteration,no alteration,no alteration
289,lgg_tcga_pan_can_atlas_2018,TCGA-QH-A6X3-01,TCGA-QH-A6X3,1,R132H (driver),R132H (driver),no alteration,no alteration,no alteration
290,lgg_tcga_pan_can_atlas_2018,TCGA-QH-A6X4-01,TCGA-QH-A6X4,1,R132H (driver),R132H (driver),no alteration,no alteration,no alteration
291,lgg_tcga_pan_can_atlas_2018,TCGA-QH-A6X5-01,TCGA-QH-A6X5,1,R132H (driver),R132H (driver),no alteration,no alteration,no alteration
292,lgg_tcga_pan_can_atlas_2018,TCGA-QH-A6X8-01,TCGA-QH-A6X8,1,R132H (driver),R132H (driver),no alteration,no alteration,no alteration
293,lgg_tcga_pan_can_atlas_2018,TCGA-QH-A6X9-01,TCGA-QH-A6X9,1,R132H (driver),R132H (driver),no alteration,no alteration,no alteration
294,lgg_tcga_pan_can_atlas_2018,TCGA-QH-A6XA-01,TCGA-QH-A6XA,1,R132H (driver),R132H (driver),no alteration,no alteration,no alteration
295,lgg_tcga_pan_can_atlas_2018,TCGA-QH-A86X-01,TCGA-QH-A86X,1,R132H (driver),R132H (driver),no alteration,no alteration,no alteration
296,lgg_tcga_pan_can_atlas_2018,TCGA-QH-A870-01,TCGA-QH-A870,1,R132H (driver),R132H (driver),no alteration,no alteration,no alteration
297,lgg_tcga_pan_can_atlas_2018,TCGA-R8-A6MK-01,TCGA-R8-A6MK,1,R132H (driver),R132H (driver),no alteration,no alteration,no alteration
298,lgg_tcga_pan_can_atlas_2018,TCGA-R8-A6ML-01,TCGA-R8-A6ML,1,R132H (driver),R132H (driver),no alteration,no alteration,no alteration
299,lgg_tcga_pan_can_atlas_2018,TCGA-R8-A6MO-01,TCGA-R8-A6MO,1,R132H (driver),R132H (driver),no alteration,no alteration,no alteration
300,lgg_tcga_pan_can_atlas_2018,TCGA-RY-A83X-01,TCGA-RY-A83X,1,R132H (driver),R132H (driver),no alteration,no alteration,no alteration
301,lgg_tcga_pan_can_atlas_2018,TCGA-RY-A83Y-01,TCGA-RY-A83Y,1,R132H (driver),R132H (driver),no alteration,no alteration,no alteration
302,lgg_tcga_pan_can_atlas_2018,TCGA-RY-A83Z-01,TCGA-RY-A83Z,1,R132H (driver),R132H (driver),no alteration,no alteration,no alteration
303,lgg_tcga_pan_can_atlas_2018,TCGA-RY-A840-01,TCGA-RY-A840,1,R132H (driver),R132H (driver),no alteration,no alteration,no alteration
304,lgg_tcga_pan_can_atlas_2018,TCGA-RY-A843-01,TCGA-RY-A843,1,R132H (driver),R132H (driver),no alteration,no alteration,no alteration
305,lgg_tcga_pan_can_atlas_2018,TCGA-RY-A845-01,TCGA-RY-A845,1,R132H (driver),R132H (driver),no alteration,no alteration,no alteration
306,lgg_tcga_pan_can_atlas_2018,TCGA-RY-A847-01,TCGA-RY-A847,1,R132H (driver),R132H (driver),no alteration,no alteration,no alteration
307,lgg_tcga_pan_can_atlas_2018,TCGA-S9-A6TS-01,TCGA-S9-A6TS,1,R132H (driver),R132H (driver),no alteration,no alteration,no alteration
308,lgg_tcga_pan_can_atlas_2018,TCGA-S9-A6TU-01,TCGA-S9-A6TU,1,R132H (driver),R132H (driver),no alteration,no alteration,no alteration
309,lgg_tcga_pan_can_atlas_2018,TCGA-S9-A6TV-01,TCGA-S9-A6TV,1,R132H (driver),R132H (driver),no alteration,no alteration,no alteration
310,lgg_tcga_pan_can_atlas_2018,TCGA-S9-A6TW-01,TCGA-S9-A6TW,1,R132H (driver),R132H (driver),no alteration,no alteration,no alteration
311,lgg_tcga_pan_can_atlas_2018,TCGA-S9-A6TX-01,TCGA-S9-A6TX,1,R132H (driver),R132H (driver),no alteration,no alteration,no alteration
312,lgg_tcga_pan_can_atlas_2018,TCGA-S9-A6TZ-01,TCGA-S9-A6TZ,1,R132H (driver),R132H (driver),no alteration,no alteration,no alteration
313,lgg_tcga_pan_can_atlas_2018,TCGA-S9-A6U1-01,TCGA-S9-A6U1,1,R132C (driver),R132C (driver),no alteration,no alteration,no alteration
314,lgg_tcga_pan_can_atlas_2018,TCGA-S9-A6U2-01,TCGA-S9-A6U2,1,R132H (driver),R132H (driver),no alteration,no alteration,no alteration
315,lgg_tcga_pan_can_atlas_2018,TCGA-S9-A6U5-01,TCGA-S9-A6U5,1,R132H (driver),R132H (driver),no alteration,no alteration,no alteration
316,lgg_tcga_pan_can_atlas_2018,TCGA-S9-A6U6-01,TCGA-S9-A6U6,1,R132H (driver),R132H (driver),no alteration,no alteration,no alteration
317,lgg_tcga_pan_can_atlas_2018,TCGA-S9-A6U8-01,TCGA-S9-A6U8,1,R132C (driver),R132C (driver),no alteration,no alteration,no alteration
318,lgg_tcga_pan_can_atlas_2018,TCGA-S9-A6U9-01,TCGA-S9-A6U9,1,R132C (driver),R132C (driver),no alteration,no alteration,no alteration
319,lgg_tcga_pan_can_atlas_2018,TCGA-S9-A6UB-01,TCGA-S9-A6UB,1,R132H (driver),R132H (driver),no alteration,no alteration,no alteration
320,lgg_tcga_pan_can_atlas_2018,TCGA-S9-A6WD-01,TCGA-S9-A6WD,1,R132H (driver),R132H (driver),no alteration,no alteration,no alteration
321,lgg_tcga_pan_can_atlas_2018,TCGA-S9-A6WE-01,TCGA-S9-A6WE,1,R132H (driver),R132H (driver),no alteration,no alteration,no alteration
322,lgg_tcga_pan_can_atlas_2018,TCGA-S9-A6WG-01,TCGA-S9-A6WG,1,R132H (driver),R132H (driver),no alteration,no alteration,no alteration
323,lgg_tcga_pan_can_atlas_2018,TCGA-S9-A6WH-01,TCGA-S9-A6WH,1,R132H (driver),R132H (driver),no alteration,no alteration,no alteration
324,lgg_tcga_pan_can_atlas_2018,TCGA-S9-A6WI-01,TCGA-S9-A6WI,1,R132C (driver),R132C (driver),no alteration,no alteration,no alteration
325,lgg_tcga_pan_can_atlas_2018,TCGA-S9-A6WL-01,TCGA-S9-A6WL,1,R132H (driver),R132H (driver),no alteration,no alteration,no alteration
326,lgg_tcga_pan_can_atlas_2018,TCGA-S9-A6WN-01,TCGA-S9-A6WN,1,R132H (driver),R132H (driver),no alteration,no alteration,no alteration
327,lgg_tcga_pan_can_atlas_2018,TCGA-S9-A6WO-01,TCGA-S9-A6WO,1,R132H (driver),R132H (driver),no alteration,no alteration,no alteration
328,lgg_tcga_pan_can_atlas_2018,TCGA-S9-A6WP-01,TCGA-S9-A6WP,1,R132H (driver),R132H (driver),no alteration,no alteration,no alteration
329,lgg_tcga_pan_can_atlas_2018,TCGA-S9-A6WQ-01,TCGA-S9-A6WQ,1,R132H (driver),R132H (driver),no alteration,no alteration,no alteration
330,lgg_tcga_pan_can_atlas_2018,TCGA-S9-A7IQ-01,TCGA-S9-A7IQ,1,R132H (driver),R132H (driver),no alteration,no alteration,no alteration
331,lgg_tcga_pan_can_atlas_2018,TCGA-S9-A7IS-01,TCGA-S9-A7IS,1,R132H (driver),R132H (driver),no alteration,no alteration,no alteration
332,lgg_tcga_pan_can_atlas_2018,TCGA-S9-A7IY-01,TCGA-S9-A7IY,1,R132H (driver),R132H (driver),no alteration,no alteration,no alteration
333,lgg_tcga_pan_can_atlas_2018,TCGA-S9-A7IZ-01,TCGA-S9-A7IZ,1,R132H (driver),R132H (driver),no alteration,no alteration,no alteration
334,lgg_tcga_pan_can_atlas_2018,TCGA-S9-A7J0-01,TCGA-S9-A7J0,1,R132S (driver),R132S (driver),no alteration,no alteration,no alteration
335,lgg_tcga_pan_can_atlas_2018,TCGA-S9-A7J1-01,TCGA-S9-A7J1,1,R132H (driver),R132H (driver),no alteration,no alteration,no alteration
336,lgg_tcga_pan_can_atlas_2018,TCGA-S9-A7J2-01,TCGA-S9-A7J2,1,R132H (driver),R132H (driver),no alteration,no alteration,no alteration
337,lgg_tcga_pan_can_atlas_2018,TCGA-S9-A7J3-01,TCGA-S9-A7J3,1,R132H (driver),R132H (driver),no alteration,no alteration,no alteration
338,lgg_tcga_pan_can_atlas_2018,TCGA-S9-A7QW-01,TCGA-S9-A7QW,1,R132H (driver),R132H (driver),no alteration,no alteration,no alteration
339,lgg_tcga_pan_can_atlas_2018,TCGA-S9-A7QX-01,TCGA-S9-A7QX,1,R132H (driver),R132H (driver),no alteration,no alteration,no alteration
340,lgg_tcga_pan_can_atlas_2018,TCGA-S9-A7QZ-01,TCGA-S9-A7QZ,1,R132H (driver),R132H (driver),no alteration,no alteration,no alteration
341,lgg_tcga_pan_can_atlas_2018,TCGA-S9-A7R1-01,TCGA-S9-A7R1,1,R132H (driver),R132H (driver),no alteration,no alteration,no alteration
342,lgg_tcga_pan_can_atlas_2018,TCGA-S9-A7R3-01,TCGA-S9-A7R3,1,R132H (driver),R132H (driver),no alteration,no alteration,no alteration
343,lgg_tcga_pan_can_atlas_2018,TCGA-S9-A7R4-01,TCGA-S9-A7R4,1,R132H (driver),R132H (driver),no alteration,no alteration,no alteration
344,lgg_tcga_pan_can_atlas_2018,TCGA-S9-A7R7-01,TCGA-S9-A7R7,1,R132H (driver),R132H (driver),no alteration,no alteration,no alteration
345,lgg_tcga_pan_can_atlas_2018,TCGA-S9-A7R8-01,TCGA-S9-A7R8,1,R132H (driver),R132H (driver),no alteration,no alteration,no alteration
346,lgg_tcga_pan_can_atlas_2018,TCGA-S9-A89Z-01,TCGA-S9-A89Z,1,R132H (driver),R132H (driver),no alteration,no alteration,no alteration
347,lgg_tcga_pan_can_atlas_2018,TCGA-TM-A7C4-01,TCGA-TM-A7C4,1,R132H (driver),R132H (driver),no alteration,no alteration,no alteration
348,lgg_tcga_pan_can_atlas_2018,TCGA-TM-A7C5-01,TCGA-TM-A7C5,1,R132H (driver),R132H (driver),no alteration,no alteration,no alteration
349,lgg_tcga_pan_can_atlas_2018,TCGA-TM-A7CA-01,TCGA-TM-A7CA,1,R132H (driver),R132H (driver),no alteration,no alteration,no alteration
350,lgg_tcga_pan_can_atlas_2018,TCGA-TM-A7CF-01,TCGA-TM-A7CF,1,R132H (driver),R132H (driver),no alteration,no alteration,no alteration
351,lgg_tcga_pan_can_atlas_2018,TCGA-TM-A84F-01,TCGA-TM-A84F,1,R132H (driver),R132H (driver),no alteration,no alteration,no alteration
352,lgg_tcga_pan_can_atlas_2018,TCGA-TM-A84G-01,TCGA-TM-A84G,1,R132H (driver),R132H (driver),no alteration,no alteration,no alteration
353,lgg_tcga_pan_can_atlas_2018,TCGA-TM-A84H-01,TCGA-TM-A84H,1,R132H (driver),R132H (driver),no alteration,no alteration,no alteration
354,lgg_tcga_pan_can_atlas_2018,TCGA-TM-A84I-01,TCGA-TM-A84I,1,R132H (driver),R132H (driver),no alteration,no alteration,no alteration
355,lgg_tcga_pan_can_atlas_2018,TCGA-TM-A84L-01,TCGA-TM-A84L,1,R132H (driver),R132H (driver),no alteration,no alteration,no alteration
356,lgg_tcga_pan_can_atlas_2018,TCGA-TM-A84M-01,TCGA-TM-A84M,1,R132H (driver),R132H (driver),no alteration,no alteration,no alteration
357,lgg_tcga_pan_can_atlas_2018,TCGA-TM-A84O-01,TCGA-TM-A84O,1,R132H (driver),R132H (driver),no alteration,no alteration,no alteration
358,lgg_tcga_pan_can_atlas_2018,TCGA-TM-A84Q-01,TCGA-TM-A84Q,1,R132H (driver),R132H (driver),no alteration,no alteration,no alteration
359,lgg_tcga_pan_can_atlas_2018,TCGA-TM-A84S-01,TCGA-TM-A84S,1,R132H (driver),R132H (driver),no alteration,no alteration,no alteration
360,lgg_tcga_pan_can_atlas_2018,TCGA-TM-A84T-01,TCGA-TM-A84T,1,R132H (driver),R132H (driver),no alteration,no alteration,no alteration
361,lgg_tcga_pan_can_atlas_2018,TCGA-TQ-A7RF-01,TCGA-TQ-A7RF,1,R132H (driver),R132H (driver),no alteration,no alteration,no alteration
362,lgg_tcga_pan_can_atlas_2018,TCGA-TQ-A7RG-01,TCGA-TQ-A7RG,1,R132H (driver),R132H (driver),no alteration,no alteration,no alteration
363,lgg_tcga_pan_can_atlas_2018,TCGA-TQ-A7RH-01,TCGA-TQ-A7RH,1,R132H (driver),R132H (driver),no alteration,no alteration,no alteration
364,lgg_tcga_pan_can_atlas_2018,TCGA-TQ-A7RI-01,TCGA-TQ-A7RI,1,R132H (driver),R132H (driver),no alteration,no alteration,no alteration
365,lgg_tcga_pan_can_atlas_2018,TCGA-TQ-A7RJ-01,TCGA-TQ-A7RJ,1,R132G (driver),R132G (driver),no alteration,no alteration,no alteration
366,lgg_tcga_pan_can_atlas_2018,TCGA-TQ-A7RK-01,TCGA-TQ-A7RK,1,R132G (driver),R132G (driver),no alteration,no alteration,no alteration
367,lgg_tcga_pan_can_atlas_2018,TCGA-TQ-A7RM-01,TCGA-TQ-A7RM,1,R132H (driver),R132H (driver),no alteration,no alteration,no alteration
368,lgg_tcga_pan_can_atlas_2018,TCGA-TQ-A7RN-01,TCGA-TQ-A7RN,1,R132H (driver),R132H (driver),no alteration,no alteration,no alteration
369,lgg_tcga_pan_can_atlas_2018,TCGA-TQ-A7RQ-01,TCGA-TQ-A7RQ,1,R132H (driver),R132H (driver),no alteration,no alteration,no alteration
370,lgg_tcga_pan_can_atlas_2018,TCGA-TQ-A7RR-01,TCGA-TQ-A7RR,1,R132H (driver),R132H (driver),no alteration,no alteration,no alteration
371,lgg_tcga_pan_can_atlas_2018,TCGA-TQ-A7RS-01,TCGA-TQ-A7RS,1,R132H (driver),R132H (driver),no alteration,no alteration,no alteration
372,lgg_tcga_pan_can_atlas_2018,TCGA-TQ-A7RU-01,TCGA-TQ-A7RU,1,R132H (driver),R132H (driver),no alteration,no alteration,no alteration
373,lgg_tcga_pan_can_atlas_2018,TCGA-TQ-A7RV-01,TCGA-TQ-A7RV,1,R132H (driver),R132H (driver),no alteration,no alteration,no alteration
374,lgg_tcga_pan_can_atlas_2018,TCGA-TQ-A7RW-01,TCGA-TQ-A7RW,1,R132H (driver),R132H (driver),no alteration,no alteration,no alteration
375,lgg_tcga_pan_can_atlas_2018,TCGA-TQ-A8XE-01,TCGA-TQ-A8XE,1,R132H (driver),R132H (driver),no alteration,no alteration,no alteration
376,lgg_tcga_pan_can_atlas_2018,TCGA-VM-A8C8-01,TCGA-VM-A8C8,1,R132H (driver),R132H (driver),no alteration,no alteration,no alteration
377,lgg_tcga_pan_can_atlas_2018,TCGA-VM-A8CA-01,TCGA-VM-A8CA,1,R132H (driver),R132H (driver),no alteration,no alteration,no alteration
378,lgg_tcga_pan_can_atlas_2018,TCGA-VM-A8CB-01,TCGA-VM-A8CB,1,R132H (driver),R132H (driver),no alteration,no alteration,no alteration
379,lgg_tcga_pan_can_atlas_2018,TCGA-VM-A8CE-01,TCGA-VM-A8CE,1,R132H (driver),R132H (driver),no alteration,no alteration,no alteration
380,lgg_tcga_pan_can_atlas_2018,TCGA-VM-A8CF-01,TCGA-VM-A8CF,1,R132H (driver),R132H (driver),no alteration,no alteration,no alteration
381,lgg_tcga_pan_can_atlas_2018,TCGA-VM-A8CH-01,TCGA-VM-A8CH,1,R132C (driver),R132C (driver),no alteration,no alteration,no alteration
382,lgg_tcga_pan_can_atlas_2018,TCGA-VV-A829-01,TCGA-VV-A829,1,R132H (driver),R132H (driver),no alteration,no alteration,no alteration
383,lgg_tcga_pan_can_atlas_2018,TCGA-VV-A86M-01,TCGA-VV-A86M,1,R132H (driver),R132H (driver),no alteration,no alteration,no alteration
384,lgg_tcga_pan_can_atlas_2018,TCGA-VW-A7QS-01,TCGA-VW-A7QS,1,R132H (driver),R132H (driver),no alteration,no alteration,no alteration
385,lgg_tcga_pan_can_atlas_2018,TCGA-W9-A837-01,TCGA-W9-A837,1,R132H (driver),R132H (driver),no alteration,no alteration,no alteration
386,lgg_tcga_pan_can_atlas_2018,TCGA-WH-A86K-01,TCGA-WH-A86K,1,R132H (driver),R132H (driver),no alteration,no alteration,no alteration
387,lgg_tcga_pan_can_atlas_2018,TCGA-WY-A858-01,TCGA-WY-A858,1,R132H (driver),R132H (driver),no alteration,no alteration,no alteration
388,lgg_tcga_pan_can_atlas_2018,TCGA-WY-A859-01,TCGA-WY-A859,1,R132S (driver),R132S (driver),no alteration,no alteration,no alteration
389,lgg_tcga_pan_can_atlas_2018,TCGA-WY-A85A-01,TCGA-WY-A85A,1,R132H (driver),R132H (driver),no alteration,no alteration,no alteration
390,lgg_tcga_pan_can_atlas_2018,TCGA-WY-A85B-01,TCGA-WY-A85B,1,R132G (driver),R132G (driver),no alteration,no alteration,no alteration
391,lgg_tcga_pan_can_atlas_2018,TCGA-WY-A85C-01,TCGA-WY-A85C,1,R132G (driver),R132G (driver),no alteration,no alteration,no alteration
392,lgg_tcga_pan_can_atlas_2018,TCGA-WY-A85D-01,TCGA-WY-A85D,1,R132H (driver),R132H (driver),no alteration,no alteration,no alteration
393,lgg_tcga_pan_can_atlas_2018,TCGA-WY-A85E-01,TCGA-WY-A85E,1,R132H (driver),R132H (driver),no alteration,no alteration,no alteration
394,lgg_tcga_pan_can_atlas_2018,TCGA-R8-A6YH-01,TCGA-R8-A6YH,1,R132H (driver),R132H (driver),no alteration,no alteration,no alteration
395,lgg_tcga_pan_can_atlas_2018,TCGA-CS-4941-01,TCGA-CS-4941,0,no alteration,no alteration,no alteration,no alteration,no alteration
396,lgg_tcga_pan_can_atlas_2018,TCGA-CS-5395-01,TCGA-CS-5395,0,no alteration,no alteration,no alteration,no alteration,no alteration
397,lgg_tcga_pan_can_atlas_2018,TCGA-CS-5397-01,TCGA-CS-5397,0,no alteration,no alteration,no alteration,no alteration,no alteration
398,lgg_tcga_pan_can_atlas_2018,TCGA-CS-6186-01,TCGA-CS-6186,0,no alteration,no alteration,no alteration,no alteration,no alteration
399,lgg_tcga_pan_can_atlas_2018,TCGA-CS-6188-01,TCGA-CS-6188,0,no alteration,no alteration,no alteration,no alteration,no alteration
400,lgg_tcga_pan_can_atlas_2018,TCGA-CS-6669-01,TCGA-CS-6669,0,no alteration,no alteration,no alteration,no alteration,no alteration
401,lgg_tcga_pan_can_atlas_2018,TCGA-DB-A4XG-01,TCGA-DB-A4XG,0,no alteration,no alteration,no alteration,no alteration,no alteration
402,lgg_tcga_pan_can_atlas_2018,TCGA-DB-A64O-01,TCGA-DB-A64O,0,no alteration,no alteration,no alteration,no alteration,no alteration
403,lgg_tcga_pan_can_atlas_2018,TCGA-DB-A75P-01,TCGA-DB-A75P,0,no alteration,no alteration,no alteration,no alteration,no alteration
404,lgg_tcga_pan_can_atlas_2018,TCGA-DH-5140-01,TCGA-DH-5140,0,no alteration,no alteration,no alteration,no alteration,no alteration
405,lgg_tcga_pan_can_atlas_2018,TCGA-DH-5141-01,TCGA-DH-5141,0,no alteration,no alteration,no alteration,no alteration,no alteration
406,lgg_tcga_pan_can_atlas_2018,TCGA-DH-A7UR-01,TCGA-DH-A7UR,0,no alteration,no alteration,no alteration,no alteration,no alteration
407,lgg_tcga_pan_can_atlas_2018,TCGA-DU-5847-01,TCGA-DU-5847,0,no alteration,no alteration,no alteration,no alteration,no alteration
408,lgg_tcga_pan_can_atlas_2018,TCGA-DU-5849-01,TCGA-DU-5849,0,no alteration,no alteration,no alteration,no alteration,no alteration
409,lgg_tcga_pan_can_atlas_2018,TCGA-DU-5852-01,TCGA-DU-5852,0,no alteration,no alteration,no alteration,no alteration,no alteration
410,lgg_tcga_pan_can_atlas_2018,TCGA-DU-5854-01,TCGA-DU-5854,0,no alteration,no alteration,no alteration,no alteration,no alteration
411,lgg_tcga_pan_can_atlas_2018,TCGA-DU-6392-01,TCGA-DU-6392,0,no alteration,no alteration,no alteration,no alteration,no alteration
412,lgg_tcga_pan_can_atlas_2018,TCGA-DU-6402-01,TCGA-DU-6402,0,no alteration,no alteration,no alteration,no alteration,no alteration
413,lgg_tcga_pan_can_atlas_2018,TCGA-DU-6403-01,TCGA-DU-6403,0,no alteration,no alteration,no alteration,no alteration,no alteration
414,lgg_tcga_pan_can_atlas_2018,TCGA-DU-6404-01,TCGA-DU-6404,0,no alteration,no alteration,no alteration,no alteration,no alteration
415,lgg_tcga_pan_can_atlas_2018,TCGA-DU-6405-01,TCGA-DU-6405,0,no alteration,no alteration,no alteration,no alteration,no alteration
416,lgg_tcga_pan_can_atlas_2018,TCGA-DU-6406-01,TCGA-DU-6406,0,no alteration,no alteration,no alteration,no alteration,no alteration
417,lgg_tcga_pan_can_atlas_2018,TCGA-DU-7006-01,TCGA-DU-7006,0,no alteration,no alteration,no alteration,no alteration,no alteration
418,lgg_tcga_pan_can_atlas_2018,TCGA-DU-7012-01,TCGA-DU-7012,0,no alteration,no alteration,no alteration,no alteration,no alteration
419,lgg_tcga_pan_can_atlas_2018,TCGA-DU-7013-01,TCGA-DU-7013,0,no alteration,no alteration,no alteration,no alteration,no alteration
420,lgg_tcga_pan_can_atlas_2018,TCGA-DU-7014-01,TCGA-DU-7014,0,no alteration,no alteration,no alteration,no alteration,no alteration
421,lgg_tcga_pan_can_atlas_2018,TCGA-DU-7290-01,TCGA-DU-7290,0,no alteration,no alteration,no alteration,no alteration,no alteration
422,lgg_tcga_pan_can_atlas_2018,TCGA-DU-7292-01,TCGA-DU-7292,0,no alteration,no alteration,no alteration,no alteration,no alteration
423,lgg_tcga_pan_can_atlas_2018,TCGA-DU-7309-01,TCGA-DU-7309,0,no alteration,no alteration,no alteration,no alteration,no alteration
424,lgg_tcga_pan_can_atlas_2018,TCGA-DU-8158-01,TCGA-DU-8158,0,no alteration,no alteration,no alteration,no alteration,no alteration
425,lgg_tcga_pan_can_atlas_2018,TCGA-DU-8161-01,TCGA-DU-8161,0,no alteration,no alteration,no alteration,no alteration,no alteration
426,lgg_tcga_pan_can_atlas_2018,TCGA-DU-8162-01,TCGA-DU-8162,0,no alteration,no alteration,no alteration,no alteration,no alteration
427,lgg_tcga_pan_can_atlas_2018,TCGA-DU-8165-01,TCGA-DU-8165,0,no alteration,no alteration,no alteration,no alteration,no alteration
428,lgg_tcga_pan_can_atlas_2018,TCGA-DU-A5TT-01,TCGA-DU-A5TT,0,no alteration,no alteration,no alteration,no alteration,no alteration
429,lgg_tcga_pan_can_atlas_2018,TCGA-DU-A5TY-01,TCGA-DU-A5TY,0,no alteration,no alteration,no alteration,no alteration,no alteration
430,lgg_tcga_pan_can_atlas_2018,TCGA-DU-A76K-01,TCGA-DU-A76K,0,no alteration,no alteration,no alteration,no alteration,no alteration
431,lgg_tcga_pan_can_atlas_2018,TCGA-DU-A76L-01,TCGA-DU-A76L,0,no alteration,no alteration,no alteration,no alteration,no alteration
432,lgg_tcga_pan_can_atlas_2018,TCGA-DU-A7TA-01,TCGA-DU-A7TA,0,no alteration,no alteration,no alteration,no alteration,no alteration
433,lgg_tcga_pan_can_atlas_2018,TCGA-DU-A7TB-01,TCGA-DU-A7TB,0,no alteration,no alteration,no alteration,no alteration,no alteration
434,lgg_tcga_pan_can_atlas_2018,TCGA-DU-A7TD-01,TCGA-DU-A7TD,0,no alteration,no alteration,no alteration,no alteration,no alteration
435,lgg_tcga_pan_can_atlas_2018,TCGA-DU-A7TI-01,TCGA-DU-A7TI,0,no alteration,no alteration,no alteration,no alteration,no alteration
436,lgg_tcga_pan_can_atlas_2018,TCGA-DU-A7TJ-01,TCGA-DU-A7TJ,0,no alteration,no alteration,no alteration,no alteration,no alteration
437,lgg_tcga_pan_can_atlas_2018,TCGA-E1-5318-01,TCGA-E1-5318,0,no alteration,no alteration,no alteration,no alteration,no alteration
438,lgg_tcga_pan_can_atlas_2018,TCGA-E1-A7YD-01,TCGA-E1-A7YD,0,no alteration,no alteration,no alteration,no alteration,no alteration
439,lgg_tcga_pan_can_atlas_2018,TCGA-E1-A7YJ-01,TCGA-E1-A7YJ,0,no alteration,no alteration,no alteration,no alteration,no alteration
440,lgg_tcga_pan_can_atlas_2018,TCGA-E1-A7YL-01,TCGA-E1-A7YL,0,no alteration,no alteration,no alteration,no alteration,no alteration
441,lgg_tcga_pan_can_atlas_2018,TCGA-E1-A7YM-01,TCGA-E1-A7YM,0,no alteration,no alteration,no alteration,no alteration,no alteration
442,lgg_tcga_pan_can_atlas_2018,TCGA-E1-A7YN-01,TCGA-E1-A7YN,0,no alteration,no alteration,no alteration,no alteration,no alteration
443,lgg_tcga_pan_can_atlas_2018,TCGA-E1-A7YQ-01,TCGA-E1-A7YQ,0,no alteration,no alteration,no alteration,no alteration,no alteration
444,lgg_tcga_pan_can_atlas_2018,TCGA-E1-A7Z2-01,TCGA-E1-A7Z2,0,no alteration,no alteration,no alteration,no alteration,no alteration
445,lgg_tcga_pan_can_atlas_2018,TCGA-FG-5963-01,TCGA-FG-5963,0,no alteration,no alteration,no alteration,no alteration,no alteration
446,lgg_tcga_pan_can_atlas_2018,TCGA-FG-6688-01,TCGA-FG-6688,0,no alteration,no alteration,no alteration,no alteration,no alteration
447,lgg_tcga_pan_can_atlas_2018,TCGA-FG-6692-01,TCGA-FG-6692,0,no alteration,no alteration,no alteration,no alteration,no alteration
448,lgg_tcga_pan_can_atlas_2018,TCGA-FG-7643-01,TCGA-FG-7643,0,no alteration,no alteration,no alteration,no alteration,no alteration
449,lgg_tcga_pan_can_atlas_2018,TCGA-FG-8181-01,TCGA-FG-8181,0,no alteration,no alteration,no alteration,no alteration,no alteration
450,lgg_tcga_pan_can_atlas_2018,TCGA-FG-8189-01,TCGA-FG-8189,0,no alteration,no alteration,no alteration,no alteration,no alteration
451,lgg_tcga_pan_can_atlas_2018,TCGA-FG-A4MU-01,TCGA-FG-A4MU,0,no alteration,no alteration,no alteration,no alteration,no alteration
452,lgg_tcga_pan_can_atlas_2018,TCGA-FG-A4MW-01,TCGA-FG-A4MW,0,no alteration,no alteration,no alteration,no alteration,no alteration
453,lgg_tcga_pan_can_atlas_2018,TCGA-FG-A70Z-01,TCGA-FG-A70Z,0,no alteration,no alteration,no alteration,no alteration,no alteration
454,lgg_tcga_pan_can_atlas_2018,TCGA-FG-A87Q-01,TCGA-FG-A87Q,0,no alteration,no alteration,no alteration,no alteration,no alteration
455,lgg_tcga_pan_can_atlas_2018,TCGA-HT-7469-01,TCGA-HT-7469,0,no alteration,no alteration,no alteration,no alteration,no alteration
456,lgg_tcga_pan_can_atlas_2018,TCGA-HT-7476-01,TCGA-HT-7476,0,no alteration,no alteration,no alteration,no alteration,no alteration
457,lgg_tcga_pan_can_atlas_2018,TCGA-HT-7680-01,TCGA-HT-7680,0,no alteration,no alteration,no alteration,no alteration,no alteration
458,lgg_tcga_pan_can_atlas_2018,TCGA-HT-7681-01,TCGA-HT-7681,0,no alteration,no alteration,no alteration,no alteration,no alteration
459,lgg_tcga_pan_can_atlas_2018,TCGA-HT-7691-01,TCGA-HT-7691,0,no alteration,no alteration,no alteration,no alteration,no alteration
460,lgg_tcga_pan_can_atlas_2018,TCGA-HT-7854-01,TCGA-HT-7854,0,no alteration,no alteration,no alteration,no alteration,no alteration
461,lgg_tcga_pan_can_atlas_2018,TCGA-HT-7856-01,TCGA-HT-7856,0,no alteration,no alteration,no alteration,no alteration,no alteration
462,lgg_tcga_pan_can_atlas_2018,TCGA-HT-7857-01,TCGA-HT-7857,0,no alteration,no alteration,no alteration,no alteration,no alteration
463,lgg_tcga_pan_can_atlas_2018,TCGA-HT-7860-01,TCGA-HT-7860,0,no alteration,no alteration,no alteration,no alteration,no alteration
464,lgg_tcga_pan_can_atlas_2018,TCGA-HT-7882-01,TCGA-HT-7882,0,no alteration,no alteration,no alteration,no alteration,no alteration
465,lgg_tcga_pan_can_atlas_2018,TCGA-HT-8011-01,TCGA-HT-8011,0,no alteration,no alteration,no alteration,no alteration,no alteration
466,lgg_tcga_pan_can_atlas_2018,TCGA-HT-8015-01,TCGA-HT-8015,0,no alteration,no alteration,no alteration,no alteration,no alteration
467,lgg_tcga_pan_can_atlas_2018,TCGA-HT-8019-01,TCGA-HT-8019,0,no alteration,no alteration,no alteration,no alteration,no alteration
468,lgg_tcga_pan_can_atlas_2018,TCGA-HT-8104-01,TCGA-HT-8104,0,no alteration,no alteration,no alteration,no alteration,no alteration
469,lgg_tcga_pan_can_atlas_2018,TCGA-HT-8107-01,TCGA-HT-8107,0,no alteration,no alteration,no alteration,no alteration,no alteration
470,lgg_tcga_pan_can_atlas_2018,TCGA-HT-8110-01,TCGA-HT-8110,0,no alteration,no alteration,no alteration,no alteration,no alteration
471,lgg_tcga_pan_can_atlas_2018,TCGA-HT-8113-01,TCGA-HT-8113,0,no alteration,no alteration,no alteration,no alteration,no alteration
472,lgg_tcga_pan_can_atlas_2018,TCGA-HT-8558-01,TCGA-HT-8558,0,no alteration,no alteration,not profiled,not profiled,no alteration
473,lgg_tcga_pan_can_atlas_2018,TCGA-HT-8564-01,TCGA-HT-8564,0,no alteration,no alteration,no alteration,no alteration,no alteration
474,lgg_tcga_pan_can_atlas_2018,TCGA-HT-A4DS-01,TCGA-HT-A4DS,0,no alteration,no alteration,no alteration,no alteration,no alteration
475,lgg_tcga_pan_can_atlas_2018,TCGA-HT-A5R9-01,TCGA-HT-A5R9,0,no alteration,no alteration,no alteration,no alteration,no alteration
476,lgg_tcga_pan_can_atlas_2018,TCGA-HT-A5RA-01,TCGA-HT-A5RA,0,no alteration,no alteration,no alteration,no alteration,no alteration
477,lgg_tcga_pan_can_atlas_2018,TCGA-HT-A5RC-01,TCGA-HT-A5RC,0,no alteration,no alteration,no alteration,no alteration,no alteration
478,lgg_tcga_pan_can_atlas_2018,TCGA-HT-A617-01,TCGA-HT-A617,0,no alteration,no alteration,no alteration,no alteration,no alteration
479,lgg_tcga_pan_can_atlas_2018,TCGA-HT-A618-01,TCGA-HT-A618,0,no alteration,no alteration,no alteration,no alteration,no alteration
480,lgg_tcga_pan_can_atlas_2018,TCGA-HT-A61A-01,TCGA-HT-A61A,0,no alteration,no alteration,not profiled,not profiled,no alteration
481,lgg_tcga_pan_can_atlas_2018,TCGA-HT-A61C-01,TCGA-HT-A61C,0,no alteration,no alteration,no alteration,no alteration,no alteration
482,lgg_tcga_pan_can_atlas_2018,TCGA-HT-A74H-01,TCGA-HT-A74H,0,no alteration,no alteration,no alteration,no alteration,no alteration
483,lgg_tcga_pan_can_atlas_2018,TCGA-HW-7491-01,TCGA-HW-7491,0,no alteration,no alteration,no alteration,no alteration,no alteration
484,lgg_tcga_pan_can_atlas_2018,TCGA-HW-7493-01,TCGA-HW-7493,0,no alteration,no alteration,no alteration,no alteration,no alteration
485,lgg_tcga_pan_can_atlas_2018,TCGA-HW-A5KK-01,TCGA-HW-A5KK,0,no alteration,no alteration,no alteration,no alteration,no alteration
486,lgg_tcga_pan_can_atlas_2018,TCGA-KT-A7W1-01,TCGA-KT-A7W1,0,no alteration,no alteration,no alteration,no alteration,no alteration
487,lgg_tcga_pan_can_atlas_2018,TCGA-P5-A5EY-01,TCGA-P5-A5EY,0,no alteration,no alteration,no alteration,no alteration,no alteration
488,lgg_tcga_pan_can_atlas_2018,TCGA-P5-A5F6-01,TCGA-P5-A5F6,0,no alteration,no alteration,no alteration,no alteration,no alteration
489,lgg_tcga_pan_can_atlas_2018,TCGA-P5-A72U-01,TCGA-P5-A72U,0,no alteration,no alteration,no alteration,no alteration,no alteration
490,lgg_tcga_pan_can_atlas_2018,TCGA-P5-A730-01,TCGA-P5-A730,0,no alteration,no alteration,no alteration,no alteration,no alteration
491,lgg_tcga_pan_can_atlas_2018,TCGA-QH-A65X-01,TCGA-QH-A65X,0,no alteration,no alteration,no alteration,no alteration,no alteration
492,lgg_tcga_pan_can_atlas_2018,TCGA-QH-A6CS-01,TCGA-QH-A6CS,0,no alteration,no alteration,no alteration,no alteration,no alteration
493,lgg_tcga_pan_can_atlas_2018,TCGA-QH-A6CV-01,TCGA-QH-A6CV,0,no alteration,no alteration,no alteration,no alteration,no alteration
494,lgg_tcga_pan_can_atlas_2018,TCGA-QH-A6CX-01,TCGA-QH-A6CX,0,no alteration,no alteration,no alteration,no alteration,no alteration
495,lgg_tcga_pan_can_atlas_2018,TCGA-QH-A6XC-01,TCGA-QH-A6XC,0,no alteration,no alteration,no alteration,no alteration,no alteration
496,lgg_tcga_pan_can_atlas_2018,TCGA-S9-A6TY-01,TCGA-S9-A6TY,0,no alteration,no alteration,no alteration,no alteration,no alteration
497,lgg_tcga_pan_can_atlas_2018,TCGA-S9-A6U0-01,TCGA-S9-A6U0,0,no alteration,no alteration,no alteration,no alteration,no alteration
498,lgg_tcga_pan_can_atlas_2018,TCGA-S9-A6UA-01,TCGA-S9-A6UA,0,no alteration,no alteration,no alteration,no alteration,no alteration
499,lgg_tcga_pan_can_atlas_2018,TCGA-S9-A6WM-01,TCGA-S9-A6WM,0,no alteration,no alteration,no alteration,no alteration,no alteration
500,lgg_tcga_pan_can_atlas_2018,TCGA-S9-A7IX-01,TCGA-S9-A7IX,0,no alteration,no alteration,no alteration,no alteration,no alteration
501,lgg_tcga_pan_can_atlas_2018,TCGA-S9-A7QY-01,TCGA-S9-A7QY,0,no alteration,no alteration,no alteration,no alteration,no alteration
502,lgg_tcga_pan_can_atlas_2018,TCGA-S9-A7R2-01,TCGA-S9-A7R2,0,no alteration,no alteration,no alteration,no alteration,no alteration
503,lgg_tcga_pan_can_atlas_2018,TCGA-S9-A89V-01,TCGA-S9-A89V,0,no alteration,no alteration,no alteration,no alteration,no alteration
504,lgg_tcga_pan_can_atlas_2018,TCGA-TM-A7C3-01,TCGA-TM-A7C3,0,no alteration,no alteration,no alteration,no alteration,no alteration
505,lgg_tcga_pan_can_atlas_2018,TCGA-TM-A84B-01,TCGA-TM-A84B,0,no alteration,no alteration,no alteration,no alteration,no alteration
506,lgg_tcga_pan_can_atlas_2018,TCGA-TM-A84C-01,TCGA-TM-A84C,0,no alteration,no alteration,no alteration,no alteration,no alteration
507,lgg_tcga_pan_can_atlas_2018,TCGA-TM-A84J-01,TCGA-TM-A84J,0,no alteration,no alteration,no alteration,no alteration,no alteration
508,lgg_tcga_pan_can_atlas_2018,TCGA-TM-A84R-01,TCGA-TM-A84R,0,no alteration,no alteration,no alteration,no alteration,no alteration
509,lgg_tcga_pan_can_atlas_2018,TCGA-TQ-A7RO-01,TCGA-TQ-A7RO,0,no alteration,no alteration,no alteration,no alteration,no alteration
510,lgg_tcga_pan_can_atlas_2018,TCGA-TQ-A7RP-01,TCGA-TQ-A7RP,0,no alteration,no alteration,no alteration,no alteration,no alteration
511,lgg_tcga_pan_can_atlas_2018,TCGA-VM-A8C9-01,TCGA-VM-A8C9,0,no alteration,no alteration,no alteration,no alteration,no alteration
512,lgg_tcga_pan_can_atlas_2018,TCGA-VM-A8CD-01,TCGA-VM-A8CD,0,no alteration,no alteration,no alteration,no alteration,no alteration
513,lgg_tcga_pan_can_atlas_2018,TCGA-VW-A8FI-01,TCGA-VW-A8FI,0,no alteration,no alteration,no alteration,no alteration,no alteration
