,Study ID,Sample ID,Patient ID,Altered,NTRK1,NTRK1: MUT,NTRK1: AMP,NTRK1: HOMDEL,NTRK1: FUSION
0,coadread_tcga_pan_can_atlas_2018,TCGA-AH-6643-01,TCGA-AH-6643,1,AMP (driver),no alteration,AMP (driver),AMP (driver),no alteration
1,coadread_tcga_pan_can_atlas_2018,TCGA-5M-AAT6-01,TCGA-5M-AAT6,1,R673G,R673G,no alteration,no alteration,no alteration
2,coadread_tcga_pan_can_atlas_2018,TCGA-AA-3856-01,TCGA-AA-3856,1,R692C,R692C,no alteration,no alteration,no alteration
3,coadread_tcga_pan_can_atlas_2018,TCGA-AA-A01X-01,TCGA-AA-A01X,1,AMP (driver),no alteration,AMP (driver),AMP (driver),no alteration
4,coadread_tcga_pan_can_atlas_2018,TCGA-AD-5900-01,TCGA-AD-5900,1,V341M,V341M,no alteration,no alteration,no alteration
5,coadread_tcga_pan_can_atlas_2018,TCGA-AM-5821-01,TCGA-AM-5821,1,R104H,R104H,no alteration,no alteration,no alteration
6,coadread_tcga_pan_can_atlas_2018,TCGA-AZ-4315-01,TCGA-AZ-4315,1,"V543G, E755*","V543G, E755*",no alteration,no alteration,no alteration
7,coadread_tcga_pan_can_atlas_2018,TCGA-CM-5862-01,TCGA-CM-5862,1,A107V,A107V,no alteration,no alteration,no alteration
8,coadread_tcga_pan_can_atlas_2018,TCGA-D5-6536-01,TCGA-D5-6536,1,AMP (driver),no alteration,AMP (driver),AMP (driver),no alteration
9,coadread_tcga_pan_can_atlas_2018,TCGA-D5-6928-01,TCGA-D5-6928,1,S773N,S773N,no alteration,no alteration,no alteration
10,coadread_tcga_pan_can_atlas_2018,TCGA-DM-A28F-01,TCGA-DM-A28F,1,E697Q,E697Q,no alteration,no alteration,no alteration
11,coadread_tcga_pan_can_atlas_2018,TCGA-NH-A50T-01,TCGA-NH-A50T,1,V341M,V341M,no alteration,no alteration,no alteration
12,coadread_tcga_pan_can_atlas_2018,TCGA-AF-2687-01,TCGA-AF-2687,0,no alteration,no alteration,no alteration,no alteration,no alteration
13,coadread_tcga_pan_can_atlas_2018,TCGA-AF-2689-01,TCGA-AF-2689,0,no alteration,no alteration,no alteration,no alteration,no alteration
14,coadread_tcga_pan_can_atlas_2018,TCGA-AF-2690-01,TCGA-AF-2690,0,no alteration,no alteration,no alteration,no alteration,no alteration
15,coadread_tcga_pan_can_atlas_2018,TCGA-AF-2691-01,TCGA-AF-2691,0,no alteration,no alteration,no alteration,no alteration,no alteration
16,coadread_tcga_pan_can_atlas_2018,TCGA-AF-2692-01,TCGA-AF-2692,0,no alteration,no alteration,no alteration,no alteration,no alteration
17,coadread_tcga_pan_can_atlas_2018,TCGA-AF-2693-01,TCGA-AF-2693,0,no alteration,no alteration,no alteration,no alteration,no alteration
18,coadread_tcga_pan_can_atlas_2018,TCGA-AF-3400-01,TCGA-AF-3400,0,no alteration,no alteration,no alteration,no alteration,no alteration
19,coadread_tcga_pan_can_atlas_2018,TCGA-AF-3911-01,TCGA-AF-3911,0,no alteration,no alteration,no alteration,no alteration,no alteration
20,coadread_tcga_pan_can_atlas_2018,TCGA-AF-4110-01,TCGA-AF-4110,0,no alteration,no alteration,no alteration,no alteration,no alteration
21,coadread_tcga_pan_can_atlas_2018,TCGA-AF-5654-01,TCGA-AF-5654,0,no alteration,no alteration,no alteration,no alteration,no alteration
22,coadread_tcga_pan_can_atlas_2018,TCGA-AF-6136-01,TCGA-AF-6136,0,no alteration,no alteration,no alteration,no alteration,no alteration
23,coadread_tcga_pan_can_atlas_2018,TCGA-AF-6655-01,TCGA-AF-6655,0,no alteration,no alteration,no alteration,no alteration,no alteration
24,coadread_tcga_pan_can_atlas_2018,TCGA-AF-6672-01,TCGA-AF-6672,0,no alteration,no alteration,no alteration,no alteration,no alteration
25,coadread_tcga_pan_can_atlas_2018,TCGA-AF-A56K-01,TCGA-AF-A56K,0,no alteration,no alteration,no alteration,no alteration,no alteration
26,coadread_tcga_pan_can_atlas_2018,TCGA-AF-A56L-01,TCGA-AF-A56L,0,no alteration,no alteration,no alteration,no alteration,no alteration
27,coadread_tcga_pan_can_atlas_2018,TCGA-AF-A56N-01,TCGA-AF-A56N,0,no alteration,no alteration,no alteration,no alteration,no alteration
28,coadread_tcga_pan_can_atlas_2018,TCGA-AG-3574-01,TCGA-AG-3574,0,no alteration,no alteration,no alteration,no alteration,no alteration
29,coadread_tcga_pan_can_atlas_2018,TCGA-AG-3575-01,TCGA-AG-3575,0,no alteration,no alteration,no alteration,no alteration,no alteration
30,coadread_tcga_pan_can_atlas_2018,TCGA-AG-3578-01,TCGA-AG-3578,0,no alteration,not profiled,no alteration,no alteration,not profiled
31,coadread_tcga_pan_can_atlas_2018,TCGA-AG-3580-01,TCGA-AG-3580,0,no alteration,no alteration,no alteration,no alteration,no alteration
32,coadread_tcga_pan_can_atlas_2018,TCGA-AG-3581-01,TCGA-AG-3581,0,no alteration,no alteration,no alteration,no alteration,no alteration
33,coadread_tcga_pan_can_atlas_2018,TCGA-AG-3582-01,TCGA-AG-3582,0,no alteration,not profiled,no alteration,no alteration,not profiled
34,coadread_tcga_pan_can_atlas_2018,TCGA-AG-3583-01,TCGA-AG-3583,0,no alteration,no alteration,no alteration,no alteration,no alteration
35,coadread_tcga_pan_can_atlas_2018,TCGA-AG-3584-01,TCGA-AG-3584,0,no alteration,no alteration,no alteration,no alteration,no alteration
36,coadread_tcga_pan_can_atlas_2018,TCGA-AG-3586-01,TCGA-AG-3586,0,no alteration,not profiled,no alteration,no alteration,not profiled
37,coadread_tcga_pan_can_atlas_2018,TCGA-AG-3587-01,TCGA-AG-3587,0,no alteration,not profiled,no alteration,no alteration,not profiled
38,coadread_tcga_pan_can_atlas_2018,TCGA-AG-3591-01,TCGA-AG-3591,0,no alteration,no alteration,no alteration,no alteration,no alteration
39,coadread_tcga_pan_can_atlas_2018,TCGA-AG-3592-01,TCGA-AG-3592,0,no alteration,no alteration,no alteration,no alteration,no alteration
40,coadread_tcga_pan_can_atlas_2018,TCGA-AG-3593-01,TCGA-AG-3593,0,no alteration,not profiled,no alteration,no alteration,not profiled
41,coadread_tcga_pan_can_atlas_2018,TCGA-AG-3594-01,TCGA-AG-3594,0,no alteration,no alteration,no alteration,no alteration,no alteration
42,coadread_tcga_pan_can_atlas_2018,TCGA-AG-3598-01,TCGA-AG-3598,0,no alteration,no alteration,no alteration,no alteration,no alteration
43,coadread_tcga_pan_can_atlas_2018,TCGA-AG-3599-01,TCGA-AG-3599,0,no alteration,no alteration,no alteration,no alteration,no alteration
44,coadread_tcga_pan_can_atlas_2018,TCGA-AG-3600-01,TCGA-AG-3600,0,no alteration,not profiled,no alteration,no alteration,not profiled
45,coadread_tcga_pan_can_atlas_2018,TCGA-AG-3601-01,TCGA-AG-3601,0,no alteration,not profiled,no alteration,no alteration,not profiled
46,coadread_tcga_pan_can_atlas_2018,TCGA-AG-3602-01,TCGA-AG-3602,0,no alteration,no alteration,no alteration,no alteration,no alteration
47,coadread_tcga_pan_can_atlas_2018,TCGA-AG-3605-01,TCGA-AG-3605,0,no alteration,no alteration,no alteration,no alteration,no alteration
48,coadread_tcga_pan_can_atlas_2018,TCGA-AG-3608-01,TCGA-AG-3608,0,no alteration,not profiled,no alteration,no alteration,not profiled
49,coadread_tcga_pan_can_atlas_2018,TCGA-AG-3609-01,TCGA-AG-3609,0,no alteration,not profiled,no alteration,no alteration,not profiled
50,coadread_tcga_pan_can_atlas_2018,TCGA-AG-3725-01,TCGA-AG-3725,0,no alteration,no alteration,no alteration,no alteration,no alteration
51,coadread_tcga_pan_can_atlas_2018,TCGA-AG-3726-01,TCGA-AG-3726,0,no alteration,no alteration,no alteration,no alteration,no alteration
52,coadread_tcga_pan_can_atlas_2018,TCGA-AG-3727-01,TCGA-AG-3727,0,no alteration,no alteration,no alteration,no alteration,no alteration
53,coadread_tcga_pan_can_atlas_2018,TCGA-AG-3728-01,TCGA-AG-3728,0,no alteration,not profiled,no alteration,no alteration,not profiled
54,coadread_tcga_pan_can_atlas_2018,TCGA-AG-3731-01,TCGA-AG-3731,0,no alteration,no alteration,no alteration,no alteration,no alteration
55,coadread_tcga_pan_can_atlas_2018,TCGA-AG-3732-01,TCGA-AG-3732,0,no alteration,no alteration,no alteration,no alteration,no alteration
56,coadread_tcga_pan_can_atlas_2018,TCGA-AG-3742-01,TCGA-AG-3742,0,no alteration,no alteration,no alteration,no alteration,no alteration
57,coadread_tcga_pan_can_atlas_2018,TCGA-AG-3878-01,TCGA-AG-3878,0,no alteration,no alteration,no alteration,no alteration,no alteration
58,coadread_tcga_pan_can_atlas_2018,TCGA-AG-3881-01,TCGA-AG-3881,0,no alteration,no alteration,no alteration,no alteration,no alteration
59,coadread_tcga_pan_can_atlas_2018,TCGA-AG-3882-01,TCGA-AG-3882,0,no alteration,no alteration,no alteration,no alteration,no alteration
60,coadread_tcga_pan_can_atlas_2018,TCGA-AG-3883-01,TCGA-AG-3883,0,no alteration,no alteration,no alteration,no alteration,no alteration
61,coadread_tcga_pan_can_atlas_2018,TCGA-AG-3885-01,TCGA-AG-3885,0,no alteration,no alteration,no alteration,no alteration,no alteration
62,coadread_tcga_pan_can_atlas_2018,TCGA-AG-3887-01,TCGA-AG-3887,0,no alteration,no alteration,no alteration,no alteration,no alteration
63,coadread_tcga_pan_can_atlas_2018,TCGA-AG-3890-01,TCGA-AG-3890,0,no alteration,no alteration,no alteration,no alteration,no alteration
64,coadread_tcga_pan_can_atlas_2018,TCGA-AG-3892-01,TCGA-AG-3892,0,no alteration,no alteration,no alteration,no alteration,no alteration
65,coadread_tcga_pan_can_atlas_2018,TCGA-AG-3893-01,TCGA-AG-3893,0,no alteration,no alteration,no alteration,no alteration,no alteration
66,coadread_tcga_pan_can_atlas_2018,TCGA-AG-3894-01,TCGA-AG-3894,0,no alteration,no alteration,no alteration,no alteration,no alteration
67,coadread_tcga_pan_can_atlas_2018,TCGA-AG-3896-01,TCGA-AG-3896,0,no alteration,no alteration,no alteration,no alteration,no alteration
68,coadread_tcga_pan_can_atlas_2018,TCGA-AG-3898-01,TCGA-AG-3898,0,no alteration,no alteration,no alteration,no alteration,no alteration
69,coadread_tcga_pan_can_atlas_2018,TCGA-AG-3901-01,TCGA-AG-3901,0,no alteration,no alteration,no alteration,no alteration,no alteration
70,coadread_tcga_pan_can_atlas_2018,TCGA-AG-3902-01,TCGA-AG-3902,0,no alteration,no alteration,no alteration,no alteration,no alteration
71,coadread_tcga_pan_can_atlas_2018,TCGA-AG-3909-01,TCGA-AG-3909,0,no alteration,no alteration,no alteration,no alteration,no alteration
72,coadread_tcga_pan_can_atlas_2018,TCGA-AG-3999-01,TCGA-AG-3999,0,no alteration,not profiled,no alteration,no alteration,not profiled
73,coadread_tcga_pan_can_atlas_2018,TCGA-AG-4001-01,TCGA-AG-4001,0,no alteration,no alteration,no alteration,no alteration,no alteration
74,coadread_tcga_pan_can_atlas_2018,TCGA-AG-4005-01,TCGA-AG-4005,0,no alteration,not profiled,no alteration,no alteration,not profiled
75,coadread_tcga_pan_can_atlas_2018,TCGA-AG-4007-01,TCGA-AG-4007,0,no alteration,not profiled,no alteration,no alteration,not profiled
76,coadread_tcga_pan_can_atlas_2018,TCGA-AG-4008-01,TCGA-AG-4008,0,no alteration,no alteration,no alteration,no alteration,no alteration
77,coadread_tcga_pan_can_atlas_2018,TCGA-AG-4015-01,TCGA-AG-4015,0,no alteration,no alteration,no alteration,no alteration,no alteration
78,coadread_tcga_pan_can_atlas_2018,TCGA-AG-4021-01,TCGA-AG-4021,0,no alteration,no alteration,no alteration,no alteration,no alteration
79,coadread_tcga_pan_can_atlas_2018,TCGA-AG-4022-01,TCGA-AG-4022,0,no alteration,no alteration,no alteration,no alteration,no alteration
80,coadread_tcga_pan_can_atlas_2018,TCGA-AG-A002-01,TCGA-AG-A002,0,no alteration,no alteration,no alteration,no alteration,no alteration
81,coadread_tcga_pan_can_atlas_2018,TCGA-AG-A008-01,TCGA-AG-A008,0,no alteration,no alteration,no alteration,no alteration,no alteration
82,coadread_tcga_pan_can_atlas_2018,TCGA-AG-A00C-01,TCGA-AG-A00C,0,no alteration,no alteration,no alteration,no alteration,no alteration
83,coadread_tcga_pan_can_atlas_2018,TCGA-AG-A00Y-01,TCGA-AG-A00Y,0,no alteration,no alteration,no alteration,no alteration,no alteration
84,coadread_tcga_pan_can_atlas_2018,TCGA-AG-A011-01,TCGA-AG-A011,0,no alteration,no alteration,no alteration,no alteration,no alteration
85,coadread_tcga_pan_can_atlas_2018,TCGA-AG-A015-01,TCGA-AG-A015,0,no alteration,no alteration,no alteration,no alteration,no alteration
86,coadread_tcga_pan_can_atlas_2018,TCGA-AG-A016-01,TCGA-AG-A016,0,no alteration,no alteration,no alteration,no alteration,no alteration
87,coadread_tcga_pan_can_atlas_2018,TCGA-AG-A01J-01,TCGA-AG-A01J,0,no alteration,no alteration,no alteration,no alteration,no alteration
88,coadread_tcga_pan_can_atlas_2018,TCGA-AG-A01L-01,TCGA-AG-A01L,0,no alteration,no alteration,no alteration,no alteration,no alteration
89,coadread_tcga_pan_can_atlas_2018,TCGA-AG-A01N-01,TCGA-AG-A01N,0,no alteration,no alteration,no alteration,no alteration,no alteration
90,coadread_tcga_pan_can_atlas_2018,TCGA-AG-A01W-01,TCGA-AG-A01W,0,no alteration,no alteration,no alteration,no alteration,no alteration
91,coadread_tcga_pan_can_atlas_2018,TCGA-AG-A01Y-01,TCGA-AG-A01Y,0,no alteration,no alteration,no alteration,no alteration,no alteration
92,coadread_tcga_pan_can_atlas_2018,TCGA-AG-A020-01,TCGA-AG-A020,0,no alteration,no alteration,no alteration,no alteration,no alteration
93,coadread_tcga_pan_can_atlas_2018,TCGA-AG-A025-01,TCGA-AG-A025,0,no alteration,not profiled,no alteration,no alteration,not profiled
94,coadread_tcga_pan_can_atlas_2018,TCGA-AG-A026-01,TCGA-AG-A026,0,no alteration,no alteration,no alteration,no alteration,no alteration
95,coadread_tcga_pan_can_atlas_2018,TCGA-AG-A02G-01,TCGA-AG-A02G,0,no alteration,not profiled,no alteration,no alteration,not profiled
96,coadread_tcga_pan_can_atlas_2018,TCGA-AG-A02N-01,TCGA-AG-A02N,0,no alteration,no alteration,no alteration,no alteration,no alteration
97,coadread_tcga_pan_can_atlas_2018,TCGA-AG-A02X-01,TCGA-AG-A02X,0,no alteration,no alteration,no alteration,no alteration,no alteration
98,coadread_tcga_pan_can_atlas_2018,TCGA-AG-A032-01,TCGA-AG-A032,0,no alteration,no alteration,no alteration,no alteration,no alteration
99,coadread_tcga_pan_can_atlas_2018,TCGA-AH-6544-01,TCGA-AH-6544,0,no alteration,no alteration,no alteration,no alteration,no alteration
100,coadread_tcga_pan_can_atlas_2018,TCGA-AH-6547-01,TCGA-AH-6547,0,no alteration,no alteration,no alteration,no alteration,no alteration
101,coadread_tcga_pan_can_atlas_2018,TCGA-AH-6644-01,TCGA-AH-6644,0,no alteration,no alteration,no alteration,no alteration,no alteration
102,coadread_tcga_pan_can_atlas_2018,TCGA-AH-6897-01,TCGA-AH-6897,0,no alteration,no alteration,no alteration,no alteration,no alteration
103,coadread_tcga_pan_can_atlas_2018,TCGA-AH-6903-01,TCGA-AH-6903,0,no alteration,no alteration,no alteration,no alteration,no alteration
104,coadread_tcga_pan_can_atlas_2018,TCGA-CI-6619-01,TCGA-CI-6619,0,no alteration,no alteration,no alteration,no alteration,no alteration
105,coadread_tcga_pan_can_atlas_2018,TCGA-CI-6620-01,TCGA-CI-6620,0,no alteration,no alteration,no alteration,no alteration,no alteration
106,coadread_tcga_pan_can_atlas_2018,TCGA-CI-6621-01,TCGA-CI-6621,0,no alteration,no alteration,no alteration,no alteration,no alteration
107,coadread_tcga_pan_can_atlas_2018,TCGA-CI-6622-01,TCGA-CI-6622,0,no alteration,no alteration,no alteration,no alteration,no alteration
108,coadread_tcga_pan_can_atlas_2018,TCGA-CI-6623-01,TCGA-CI-6623,0,no alteration,no alteration,no alteration,no alteration,no alteration
109,coadread_tcga_pan_can_atlas_2018,TCGA-CI-6624-01,TCGA-CI-6624,0,no alteration,no alteration,no alteration,no alteration,no alteration
110,coadread_tcga_pan_can_atlas_2018,TCGA-CL-4957-01,TCGA-CL-4957,0,no alteration,no alteration,no alteration,no alteration,no alteration
111,coadread_tcga_pan_can_atlas_2018,TCGA-CL-5917-01,TCGA-CL-5917,0,no alteration,no alteration,no alteration,no alteration,no alteration
112,coadread_tcga_pan_can_atlas_2018,TCGA-CL-5918-01,TCGA-CL-5918,0,no alteration,no alteration,no alteration,no alteration,no alteration
113,coadread_tcga_pan_can_atlas_2018,TCGA-DC-4745-01,TCGA-DC-4745,0,no alteration,no alteration,no alteration,no alteration,no alteration
114,coadread_tcga_pan_can_atlas_2018,TCGA-DC-4749-01,TCGA-DC-4749,0,no alteration,no alteration,no alteration,no alteration,no alteration
115,coadread_tcga_pan_can_atlas_2018,TCGA-DC-5337-01,TCGA-DC-5337,0,no alteration,no alteration,no alteration,no alteration,no alteration
116,coadread_tcga_pan_can_atlas_2018,TCGA-DC-5869-01,TCGA-DC-5869,0,no alteration,no alteration,no alteration,no alteration,no alteration
117,coadread_tcga_pan_can_atlas_2018,TCGA-DC-6154-01,TCGA-DC-6154,0,no alteration,no alteration,no alteration,no alteration,no alteration
118,coadread_tcga_pan_can_atlas_2018,TCGA-DC-6155-01,TCGA-DC-6155,0,no alteration,no alteration,no alteration,no alteration,no alteration
119,coadread_tcga_pan_can_atlas_2018,TCGA-DC-6156-01,TCGA-DC-6156,0,no alteration,no alteration,no alteration,no alteration,no alteration
120,coadread_tcga_pan_can_atlas_2018,TCGA-DC-6157-01,TCGA-DC-6157,0,no alteration,no alteration,no alteration,no alteration,no alteration
121,coadread_tcga_pan_can_atlas_2018,TCGA-DC-6158-01,TCGA-DC-6158,0,no alteration,no alteration,no alteration,no alteration,no alteration
122,coadread_tcga_pan_can_atlas_2018,TCGA-DC-6160-01,TCGA-DC-6160,0,no alteration,no alteration,no alteration,no alteration,no alteration
123,coadread_tcga_pan_can_atlas_2018,TCGA-DC-6681-01,TCGA-DC-6681,0,no alteration,no alteration,no alteration,no alteration,no alteration
124,coadread_tcga_pan_can_atlas_2018,TCGA-DC-6682-01,TCGA-DC-6682,0,no alteration,no alteration,no alteration,no alteration,no alteration
125,coadread_tcga_pan_can_atlas_2018,TCGA-DC-6683-01,TCGA-DC-6683,0,no alteration,no alteration,no alteration,no alteration,no alteration
126,coadread_tcga_pan_can_atlas_2018,TCGA-DT-5265-01,TCGA-DT-5265,0,no alteration,no alteration,no alteration,no alteration,no alteration
127,coadread_tcga_pan_can_atlas_2018,TCGA-DY-A0XA-01,TCGA-DY-A0XA,0,no alteration,no alteration,no alteration,no alteration,no alteration
128,coadread_tcga_pan_can_atlas_2018,TCGA-DY-A1DC-01,TCGA-DY-A1DC,0,no alteration,no alteration,no alteration,no alteration,no alteration
129,coadread_tcga_pan_can_atlas_2018,TCGA-DY-A1DD-01,TCGA-DY-A1DD,0,no alteration,no alteration,no alteration,no alteration,no alteration
130,coadread_tcga_pan_can_atlas_2018,TCGA-DY-A1DE-01,TCGA-DY-A1DE,0,no alteration,no alteration,no alteration,no alteration,no alteration
131,coadread_tcga_pan_can_atlas_2018,TCGA-DY-A1DF-01,TCGA-DY-A1DF,0,no alteration,no alteration,no alteration,no alteration,no alteration
132,coadread_tcga_pan_can_atlas_2018,TCGA-DY-A1DG-01,TCGA-DY-A1DG,0,no alteration,no alteration,no alteration,no alteration,no alteration
133,coadread_tcga_pan_can_atlas_2018,TCGA-DY-A1H8-01,TCGA-DY-A1H8,0,no alteration,no alteration,no alteration,no alteration,no alteration
134,coadread_tcga_pan_can_atlas_2018,TCGA-EF-5830-01,TCGA-EF-5830,0,no alteration,no alteration,no alteration,no alteration,no alteration
135,coadread_tcga_pan_can_atlas_2018,TCGA-EF-5831-01,TCGA-EF-5831,0,no alteration,no alteration,no alteration,no alteration,no alteration
136,coadread_tcga_pan_can_atlas_2018,TCGA-EI-6506-01,TCGA-EI-6506,0,no alteration,no alteration,no alteration,no alteration,no alteration
137,coadread_tcga_pan_can_atlas_2018,TCGA-EI-6507-01,TCGA-EI-6507,0,no alteration,no alteration,no alteration,no alteration,no alteration
138,coadread_tcga_pan_can_atlas_2018,TCGA-EI-6508-01,TCGA-EI-6508,0,no alteration,no alteration,no alteration,no alteration,no alteration
139,coadread_tcga_pan_can_atlas_2018,TCGA-EI-6509-01,TCGA-EI-6509,0,no alteration,no alteration,no alteration,no alteration,no alteration
140,coadread_tcga_pan_can_atlas_2018,TCGA-EI-6510-01,TCGA-EI-6510,0,no alteration,no alteration,no alteration,no alteration,no alteration
141,coadread_tcga_pan_can_atlas_2018,TCGA-EI-6511-01,TCGA-EI-6511,0,no alteration,no alteration,no alteration,no alteration,no alteration
142,coadread_tcga_pan_can_atlas_2018,TCGA-EI-6512-01,TCGA-EI-6512,0,no alteration,no alteration,no alteration,no alteration,no alteration
143,coadread_tcga_pan_can_atlas_2018,TCGA-EI-6513-01,TCGA-EI-6513,0,no alteration,no alteration,no alteration,no alteration,no alteration
144,coadread_tcga_pan_can_atlas_2018,TCGA-EI-6514-01,TCGA-EI-6514,0,no alteration,no alteration,no alteration,no alteration,no alteration
145,coadread_tcga_pan_can_atlas_2018,TCGA-EI-6881-01,TCGA-EI-6881,0,no alteration,no alteration,no alteration,no alteration,no alteration
146,coadread_tcga_pan_can_atlas_2018,TCGA-EI-6882-01,TCGA-EI-6882,0,no alteration,no alteration,no alteration,no alteration,no alteration
147,coadread_tcga_pan_can_atlas_2018,TCGA-EI-6883-01,TCGA-EI-6883,0,no alteration,no alteration,no alteration,no alteration,no alteration
148,coadread_tcga_pan_can_atlas_2018,TCGA-EI-6884-01,TCGA-EI-6884,0,no alteration,no alteration,no alteration,no alteration,no alteration
149,coadread_tcga_pan_can_atlas_2018,TCGA-EI-6885-01,TCGA-EI-6885,0,no alteration,no alteration,no alteration,no alteration,no alteration
150,coadread_tcga_pan_can_atlas_2018,TCGA-EI-6917-01,TCGA-EI-6917,0,no alteration,no alteration,no alteration,no alteration,no alteration
151,coadread_tcga_pan_can_atlas_2018,TCGA-EI-7002-01,TCGA-EI-7002,0,no alteration,no alteration,no alteration,no alteration,no alteration
152,coadread_tcga_pan_can_atlas_2018,TCGA-EI-7004-01,TCGA-EI-7004,0,no alteration,no alteration,no alteration,no alteration,no alteration
153,coadread_tcga_pan_can_atlas_2018,TCGA-F5-6464-01,TCGA-F5-6464,0,no alteration,no alteration,no alteration,no alteration,no alteration
154,coadread_tcga_pan_can_atlas_2018,TCGA-F5-6465-01,TCGA-F5-6465,0,no alteration,no alteration,no alteration,no alteration,no alteration
155,coadread_tcga_pan_can_atlas_2018,TCGA-F5-6571-01,TCGA-F5-6571,0,no alteration,no alteration,no alteration,no alteration,no alteration
156,coadread_tcga_pan_can_atlas_2018,TCGA-F5-6702-01,TCGA-F5-6702,0,no alteration,no alteration,no alteration,no alteration,no alteration
157,coadread_tcga_pan_can_atlas_2018,TCGA-F5-6810-01,TCGA-F5-6810,0,no alteration,no alteration,no alteration,no alteration,no alteration
158,coadread_tcga_pan_can_atlas_2018,TCGA-F5-6811-01,TCGA-F5-6811,0,no alteration,no alteration,no alteration,no alteration,no alteration
159,coadread_tcga_pan_can_atlas_2018,TCGA-F5-6812-01,TCGA-F5-6812,0,no alteration,no alteration,no alteration,no alteration,no alteration
160,coadread_tcga_pan_can_atlas_2018,TCGA-F5-6813-01,TCGA-F5-6813,0,no alteration,no alteration,no alteration,no alteration,no alteration
161,coadread_tcga_pan_can_atlas_2018,TCGA-F5-6814-01,TCGA-F5-6814,0,no alteration,no alteration,no alteration,no alteration,no alteration
162,coadread_tcga_pan_can_atlas_2018,TCGA-F5-6861-01,TCGA-F5-6861,0,no alteration,no alteration,no alteration,no alteration,no alteration
163,coadread_tcga_pan_can_atlas_2018,TCGA-F5-6863-01,TCGA-F5-6863,0,no alteration,no alteration,no alteration,no alteration,no alteration
164,coadread_tcga_pan_can_atlas_2018,TCGA-F5-6864-01,TCGA-F5-6864,0,no alteration,no alteration,no alteration,no alteration,no alteration
165,coadread_tcga_pan_can_atlas_2018,TCGA-G5-6641-01,TCGA-G5-6641,0,no alteration,no alteration,no alteration,no alteration,no alteration
166,coadread_tcga_pan_can_atlas_2018,TCGA-3L-AA1B-01,TCGA-3L-AA1B,0,no alteration,no alteration,no alteration,no alteration,no alteration
167,coadread_tcga_pan_can_atlas_2018,TCGA-4N-A93T-01,TCGA-4N-A93T,0,no alteration,no alteration,no alteration,no alteration,no alteration
168,coadread_tcga_pan_can_atlas_2018,TCGA-4T-AA8H-01,TCGA-4T-AA8H,0,no alteration,no alteration,no alteration,no alteration,no alteration
169,coadread_tcga_pan_can_atlas_2018,TCGA-5M-AAT4-01,TCGA-5M-AAT4,0,no alteration,no alteration,no alteration,no alteration,no alteration
170,coadread_tcga_pan_can_atlas_2018,TCGA-5M-AATE-01,TCGA-5M-AATE,0,no alteration,no alteration,no alteration,no alteration,no alteration
171,coadread_tcga_pan_can_atlas_2018,TCGA-A6-2671-01,TCGA-A6-2671,0,no alteration,no alteration,no alteration,no alteration,no alteration
172,coadread_tcga_pan_can_atlas_2018,TCGA-A6-2672-01,TCGA-A6-2672,0,no alteration,not profiled,no alteration,no alteration,not profiled
173,coadread_tcga_pan_can_atlas_2018,TCGA-A6-2674-01,TCGA-A6-2674,0,no alteration,no alteration,no alteration,no alteration,no alteration
174,coadread_tcga_pan_can_atlas_2018,TCGA-A6-2675-01,TCGA-A6-2675,0,no alteration,no alteration,no alteration,no alteration,no alteration
175,coadread_tcga_pan_can_atlas_2018,TCGA-A6-2676-01,TCGA-A6-2676,0,no alteration,not profiled,no alteration,no alteration,not profiled
176,coadread_tcga_pan_can_atlas_2018,TCGA-A6-2677-01,TCGA-A6-2677,0,no alteration,no alteration,no alteration,no alteration,no alteration
177,coadread_tcga_pan_can_atlas_2018,TCGA-A6-2678-01,TCGA-A6-2678,0,no alteration,no alteration,no alteration,no alteration,no alteration
178,coadread_tcga_pan_can_atlas_2018,TCGA-A6-2679-01,TCGA-A6-2679,0,no alteration,not profiled,no alteration,no alteration,not profiled
179,coadread_tcga_pan_can_atlas_2018,TCGA-A6-2680-01,TCGA-A6-2680,0,no alteration,not profiled,no alteration,no alteration,not profiled
180,coadread_tcga_pan_can_atlas_2018,TCGA-A6-2681-01,TCGA-A6-2681,0,no alteration,no alteration,no alteration,no alteration,no alteration
181,coadread_tcga_pan_can_atlas_2018,TCGA-A6-2682-01,TCGA-A6-2682,0,no alteration,not profiled,no alteration,no alteration,not profiled
182,coadread_tcga_pan_can_atlas_2018,TCGA-A6-2683-01,TCGA-A6-2683,0,no alteration,no alteration,no alteration,no alteration,no alteration
183,coadread_tcga_pan_can_atlas_2018,TCGA-A6-2684-01,TCGA-A6-2684,0,no alteration,no alteration,no alteration,no alteration,no alteration
184,coadread_tcga_pan_can_atlas_2018,TCGA-A6-2685-01,TCGA-A6-2685,0,no alteration,no alteration,no alteration,no alteration,no alteration
185,coadread_tcga_pan_can_atlas_2018,TCGA-A6-2686-01,TCGA-A6-2686,0,no alteration,no alteration,no alteration,no alteration,no alteration
186,coadread_tcga_pan_can_atlas_2018,TCGA-A6-3807-01,TCGA-A6-3807,0,no alteration,no alteration,no alteration,no alteration,no alteration
187,coadread_tcga_pan_can_atlas_2018,TCGA-A6-3808-01,TCGA-A6-3808,0,no alteration,no alteration,not profiled,not profiled,no alteration
188,coadread_tcga_pan_can_atlas_2018,TCGA-A6-3809-01,TCGA-A6-3809,0,no alteration,no alteration,no alteration,no alteration,no alteration
189,coadread_tcga_pan_can_atlas_2018,TCGA-A6-3810-01,TCGA-A6-3810,0,no alteration,no alteration,no alteration,no alteration,no alteration
190,coadread_tcga_pan_can_atlas_2018,TCGA-A6-4105-01,TCGA-A6-4105,0,no alteration,no alteration,no alteration,no alteration,no alteration
191,coadread_tcga_pan_can_atlas_2018,TCGA-A6-4107-01,TCGA-A6-4107,0,no alteration,no alteration,no alteration,no alteration,no alteration
192,coadread_tcga_pan_can_atlas_2018,TCGA-A6-5656-01,TCGA-A6-5656,0,no alteration,no alteration,no alteration,no alteration,no alteration
193,coadread_tcga_pan_can_atlas_2018,TCGA-A6-5657-01,TCGA-A6-5657,0,no alteration,no alteration,no alteration,no alteration,no alteration
194,coadread_tcga_pan_can_atlas_2018,TCGA-A6-5659-01,TCGA-A6-5659,0,no alteration,no alteration,no alteration,no alteration,no alteration
195,coadread_tcga_pan_can_atlas_2018,TCGA-A6-5660-01,TCGA-A6-5660,0,no alteration,no alteration,no alteration,no alteration,no alteration
196,coadread_tcga_pan_can_atlas_2018,TCGA-A6-5661-01,TCGA-A6-5661,0,no alteration,no alteration,no alteration,no alteration,no alteration
197,coadread_tcga_pan_can_atlas_2018,TCGA-A6-5662-01,TCGA-A6-5662,0,no alteration,no alteration,no alteration,no alteration,no alteration
198,coadread_tcga_pan_can_atlas_2018,TCGA-A6-5664-01,TCGA-A6-5664,0,no alteration,no alteration,no alteration,no alteration,no alteration
199,coadread_tcga_pan_can_atlas_2018,TCGA-A6-5665-01,TCGA-A6-5665,0,no alteration,no alteration,no alteration,no alteration,no alteration
200,coadread_tcga_pan_can_atlas_2018,TCGA-A6-5666-01,TCGA-A6-5666,0,no alteration,no alteration,no alteration,no alteration,no alteration
201,coadread_tcga_pan_can_atlas_2018,TCGA-A6-5667-01,TCGA-A6-5667,0,no alteration,no alteration,no alteration,no alteration,no alteration
202,coadread_tcga_pan_can_atlas_2018,TCGA-A6-6137-01,TCGA-A6-6137,0,no alteration,no alteration,no alteration,no alteration,no alteration
203,coadread_tcga_pan_can_atlas_2018,TCGA-A6-6138-01,TCGA-A6-6138,0,no alteration,no alteration,no alteration,no alteration,no alteration
204,coadread_tcga_pan_can_atlas_2018,TCGA-A6-6140-01,TCGA-A6-6140,0,no alteration,not profiled,no alteration,no alteration,not profiled
205,coadread_tcga_pan_can_atlas_2018,TCGA-A6-6141-01,TCGA-A6-6141,0,no alteration,not profiled,no alteration,no alteration,not profiled
206,coadread_tcga_pan_can_atlas_2018,TCGA-A6-6142-01,TCGA-A6-6142,0,no alteration,no alteration,no alteration,no alteration,no alteration
207,coadread_tcga_pan_can_atlas_2018,TCGA-A6-6648-01,TCGA-A6-6648,0,no alteration,no alteration,no alteration,no alteration,no alteration
208,coadread_tcga_pan_can_atlas_2018,TCGA-A6-6649-01,TCGA-A6-6649,0,no alteration,no alteration,no alteration,no alteration,no alteration
209,coadread_tcga_pan_can_atlas_2018,TCGA-A6-6650-01,TCGA-A6-6650,0,no alteration,no alteration,no alteration,no alteration,no alteration
210,coadread_tcga_pan_can_atlas_2018,TCGA-A6-6651-01,TCGA-A6-6651,0,no alteration,no alteration,no alteration,no alteration,no alteration
211,coadread_tcga_pan_can_atlas_2018,TCGA-A6-6652-01,TCGA-A6-6652,0,no alteration,no alteration,no alteration,no alteration,no alteration
212,coadread_tcga_pan_can_atlas_2018,TCGA-A6-6653-01,TCGA-A6-6653,0,no alteration,no alteration,no alteration,no alteration,no alteration
213,coadread_tcga_pan_can_atlas_2018,TCGA-A6-6654-01,TCGA-A6-6654,0,no alteration,no alteration,no alteration,no alteration,no alteration
214,coadread_tcga_pan_can_atlas_2018,TCGA-A6-6780-01,TCGA-A6-6780,0,no alteration,no alteration,no alteration,no alteration,no alteration
215,coadread_tcga_pan_can_atlas_2018,TCGA-A6-6781-01,TCGA-A6-6781,0,no alteration,no alteration,no alteration,no alteration,no alteration
216,coadread_tcga_pan_can_atlas_2018,TCGA-A6-6782-01,TCGA-A6-6782,0,no alteration,no alteration,no alteration,no alteration,no alteration
217,coadread_tcga_pan_can_atlas_2018,TCGA-A6-A565-01,TCGA-A6-A565,0,no alteration,no alteration,no alteration,no alteration,no alteration
218,coadread_tcga_pan_can_atlas_2018,TCGA-A6-A566-01,TCGA-A6-A566,0,no alteration,no alteration,no alteration,no alteration,no alteration
219,coadread_tcga_pan_can_atlas_2018,TCGA-A6-A567-01,TCGA-A6-A567,0,no alteration,no alteration,no alteration,no alteration,no alteration
220,coadread_tcga_pan_can_atlas_2018,TCGA-A6-A56B-01,TCGA-A6-A56B,0,no alteration,no alteration,no alteration,no alteration,no alteration
221,coadread_tcga_pan_can_atlas_2018,TCGA-A6-A5ZU-01,TCGA-A6-A5ZU,0,no alteration,not profiled,no alteration,no alteration,not profiled
222,coadread_tcga_pan_can_atlas_2018,TCGA-AA-3488-01,TCGA-AA-3488,0,no alteration,not profiled,no alteration,no alteration,not profiled
223,coadread_tcga_pan_can_atlas_2018,TCGA-AA-3489-01,TCGA-AA-3489,0,no alteration,no alteration,no alteration,no alteration,no alteration
224,coadread_tcga_pan_can_atlas_2018,TCGA-AA-3492-01,TCGA-AA-3492,0,no alteration,no alteration,no alteration,no alteration,no alteration
225,coadread_tcga_pan_can_atlas_2018,TCGA-AA-3494-01,TCGA-AA-3494,0,no alteration,not profiled,no alteration,no alteration,not profiled
226,coadread_tcga_pan_can_atlas_2018,TCGA-AA-3495-01,TCGA-AA-3495,0,no alteration,not profiled,no alteration,no alteration,not profiled
227,coadread_tcga_pan_can_atlas_2018,TCGA-AA-3496-01,TCGA-AA-3496,0,no alteration,no alteration,no alteration,no alteration,no alteration
228,coadread_tcga_pan_can_atlas_2018,TCGA-AA-3502-01,TCGA-AA-3502,0,no alteration,no alteration,no alteration,no alteration,no alteration
229,coadread_tcga_pan_can_atlas_2018,TCGA-AA-3506-01,TCGA-AA-3506,0,no alteration,no alteration,no alteration,no alteration,no alteration
230,coadread_tcga_pan_can_atlas_2018,TCGA-AA-3510-01,TCGA-AA-3510,0,no alteration,no alteration,no alteration,no alteration,no alteration
231,coadread_tcga_pan_can_atlas_2018,TCGA-AA-3511-01,TCGA-AA-3511,0,no alteration,no alteration,no alteration,no alteration,no alteration
232,coadread_tcga_pan_can_atlas_2018,TCGA-AA-3514-01,TCGA-AA-3514,0,no alteration,no alteration,no alteration,no alteration,no alteration
233,coadread_tcga_pan_can_atlas_2018,TCGA-AA-3517-01,TCGA-AA-3517,0,no alteration,no alteration,no alteration,no alteration,no alteration
234,coadread_tcga_pan_can_atlas_2018,TCGA-AA-3518-01,TCGA-AA-3518,0,no alteration,not profiled,no alteration,no alteration,not profiled
235,coadread_tcga_pan_can_atlas_2018,TCGA-AA-3519-01,TCGA-AA-3519,0,no alteration,no alteration,no alteration,no alteration,no alteration
236,coadread_tcga_pan_can_atlas_2018,TCGA-AA-3520-01,TCGA-AA-3520,0,no alteration,no alteration,no alteration,no alteration,no alteration
237,coadread_tcga_pan_can_atlas_2018,TCGA-AA-3521-01,TCGA-AA-3521,0,no alteration,no alteration,no alteration,no alteration,no alteration
238,coadread_tcga_pan_can_atlas_2018,TCGA-AA-3522-01,TCGA-AA-3522,0,no alteration,no alteration,no alteration,no alteration,no alteration
239,coadread_tcga_pan_can_atlas_2018,TCGA-AA-3524-01,TCGA-AA-3524,0,no alteration,no alteration,no alteration,no alteration,no alteration
240,coadread_tcga_pan_can_atlas_2018,TCGA-AA-3525-01,TCGA-AA-3525,0,no alteration,not profiled,no alteration,no alteration,not profiled
241,coadread_tcga_pan_can_atlas_2018,TCGA-AA-3526-01,TCGA-AA-3526,0,no alteration,no alteration,no alteration,no alteration,no alteration
242,coadread_tcga_pan_can_atlas_2018,TCGA-AA-3527-01,TCGA-AA-3527,0,no alteration,no alteration,no alteration,no alteration,no alteration
243,coadread_tcga_pan_can_atlas_2018,TCGA-AA-3529-01,TCGA-AA-3529,0,no alteration,no alteration,no alteration,no alteration,no alteration
244,coadread_tcga_pan_can_atlas_2018,TCGA-AA-3530-01,TCGA-AA-3530,0,no alteration,no alteration,no alteration,no alteration,no alteration
245,coadread_tcga_pan_can_atlas_2018,TCGA-AA-3531-01,TCGA-AA-3531,0,no alteration,no alteration,no alteration,no alteration,no alteration
246,coadread_tcga_pan_can_atlas_2018,TCGA-AA-3532-01,TCGA-AA-3532,0,no alteration,no alteration,no alteration,no alteration,no alteration
247,coadread_tcga_pan_can_atlas_2018,TCGA-AA-3534-01,TCGA-AA-3534,0,no alteration,no alteration,no alteration,no alteration,no alteration
248,coadread_tcga_pan_can_atlas_2018,TCGA-AA-3538-01,TCGA-AA-3538,0,no alteration,no alteration,no alteration,no alteration,no alteration
249,coadread_tcga_pan_can_atlas_2018,TCGA-AA-3542-01,TCGA-AA-3542,0,no alteration,not profiled,no alteration,no alteration,not profiled
250,coadread_tcga_pan_can_atlas_2018,TCGA-AA-3543-01,TCGA-AA-3543,0,no alteration,not profiled,no alteration,no alteration,not profiled
251,coadread_tcga_pan_can_atlas_2018,TCGA-AA-3544-01,TCGA-AA-3544,0,no alteration,no alteration,no alteration,no alteration,no alteration
252,coadread_tcga_pan_can_atlas_2018,TCGA-AA-3548-01,TCGA-AA-3548,0,no alteration,no alteration,no alteration,no alteration,no alteration
253,coadread_tcga_pan_can_atlas_2018,TCGA-AA-3549-01,TCGA-AA-3549,0,no alteration,no alteration,no alteration,no alteration,no alteration
254,coadread_tcga_pan_can_atlas_2018,TCGA-AA-3552-01,TCGA-AA-3552,0,no alteration,not profiled,no alteration,no alteration,not profiled
255,coadread_tcga_pan_can_atlas_2018,TCGA-AA-3553-01,TCGA-AA-3553,0,no alteration,not profiled,no alteration,no alteration,not profiled
256,coadread_tcga_pan_can_atlas_2018,TCGA-AA-3555-01,TCGA-AA-3555,0,no alteration,not profiled,no alteration,no alteration,not profiled
257,coadread_tcga_pan_can_atlas_2018,TCGA-AA-3558-01,TCGA-AA-3558,0,no alteration,no alteration,no alteration,no alteration,no alteration
258,coadread_tcga_pan_can_atlas_2018,TCGA-AA-3560-01,TCGA-AA-3560,0,no alteration,no alteration,no alteration,no alteration,no alteration
259,coadread_tcga_pan_can_atlas_2018,TCGA-AA-3561-01,TCGA-AA-3561,0,no alteration,no alteration,no alteration,no alteration,no alteration
260,coadread_tcga_pan_can_atlas_2018,TCGA-AA-3655-01,TCGA-AA-3655,0,no alteration,no alteration,no alteration,no alteration,no alteration
261,coadread_tcga_pan_can_atlas_2018,TCGA-AA-3660-01,TCGA-AA-3660,0,no alteration,no alteration,no alteration,no alteration,no alteration
262,coadread_tcga_pan_can_atlas_2018,TCGA-AA-3663-01,TCGA-AA-3663,0,no alteration,no alteration,no alteration,no alteration,no alteration
263,coadread_tcga_pan_can_atlas_2018,TCGA-AA-3664-01,TCGA-AA-3664,0,no alteration,no alteration,no alteration,no alteration,no alteration
264,coadread_tcga_pan_can_atlas_2018,TCGA-AA-3666-01,TCGA-AA-3666,0,no alteration,no alteration,no alteration,no alteration,no alteration
265,coadread_tcga_pan_can_atlas_2018,TCGA-AA-3667-01,TCGA-AA-3667,0,no alteration,no alteration,no alteration,no alteration,no alteration
266,coadread_tcga_pan_can_atlas_2018,TCGA-AA-3673-01,TCGA-AA-3673,0,no alteration,no alteration,no alteration,no alteration,no alteration
267,coadread_tcga_pan_can_atlas_2018,TCGA-AA-3675-01,TCGA-AA-3675,0,no alteration,no alteration,no alteration,no alteration,no alteration
268,coadread_tcga_pan_can_atlas_2018,TCGA-AA-3678-01,TCGA-AA-3678,0,no alteration,no alteration,no alteration,no alteration,no alteration
269,coadread_tcga_pan_can_atlas_2018,TCGA-AA-3679-01,TCGA-AA-3679,0,no alteration,no alteration,no alteration,no alteration,no alteration
270,coadread_tcga_pan_can_atlas_2018,TCGA-AA-3680-01,TCGA-AA-3680,0,no alteration,no alteration,no alteration,no alteration,no alteration
271,coadread_tcga_pan_can_atlas_2018,TCGA-AA-3681-01,TCGA-AA-3681,0,no alteration,no alteration,no alteration,no alteration,no alteration
272,coadread_tcga_pan_can_atlas_2018,TCGA-AA-3684-01,TCGA-AA-3684,0,no alteration,no alteration,no alteration,no alteration,no alteration
273,coadread_tcga_pan_can_atlas_2018,TCGA-AA-3685-01,TCGA-AA-3685,0,no alteration,no alteration,no alteration,no alteration,no alteration
274,coadread_tcga_pan_can_atlas_2018,TCGA-AA-3688-01,TCGA-AA-3688,0,no alteration,no alteration,no alteration,no alteration,no alteration
275,coadread_tcga_pan_can_atlas_2018,TCGA-AA-3692-01,TCGA-AA-3692,0,no alteration,no alteration,no alteration,no alteration,no alteration
276,coadread_tcga_pan_can_atlas_2018,TCGA-AA-3693-01,TCGA-AA-3693,0,no alteration,no alteration,no alteration,no alteration,no alteration
277,coadread_tcga_pan_can_atlas_2018,TCGA-AA-3695-01,TCGA-AA-3695,0,no alteration,no alteration,no alteration,no alteration,no alteration
278,coadread_tcga_pan_can_atlas_2018,TCGA-AA-3696-01,TCGA-AA-3696,0,no alteration,no alteration,no alteration,no alteration,no alteration
279,coadread_tcga_pan_can_atlas_2018,TCGA-AA-3710-01,TCGA-AA-3710,0,no alteration,not profiled,no alteration,no alteration,not profiled
280,coadread_tcga_pan_can_atlas_2018,TCGA-AA-3712-01,TCGA-AA-3712,0,no alteration,no alteration,no alteration,no alteration,no alteration
281,coadread_tcga_pan_can_atlas_2018,TCGA-AA-3713-01,TCGA-AA-3713,0,no alteration,no alteration,no alteration,no alteration,no alteration
282,coadread_tcga_pan_can_atlas_2018,TCGA-AA-3715-01,TCGA-AA-3715,0,no alteration,no alteration,no alteration,no alteration,no alteration
283,coadread_tcga_pan_can_atlas_2018,TCGA-AA-3811-01,TCGA-AA-3811,0,no alteration,no alteration,no alteration,no alteration,no alteration
284,coadread_tcga_pan_can_atlas_2018,TCGA-AA-3812-01,TCGA-AA-3812,0,no alteration,no alteration,no alteration,no alteration,no alteration
285,coadread_tcga_pan_can_atlas_2018,TCGA-AA-3814-01,TCGA-AA-3814,0,no alteration,no alteration,no alteration,no alteration,no alteration
286,coadread_tcga_pan_can_atlas_2018,TCGA-AA-3818-01,TCGA-AA-3818,0,no alteration,no alteration,no alteration,no alteration,no alteration
287,coadread_tcga_pan_can_atlas_2018,TCGA-AA-3819-01,TCGA-AA-3819,0,no alteration,no alteration,no alteration,no alteration,no alteration
288,coadread_tcga_pan_can_atlas_2018,TCGA-AA-3821-01,TCGA-AA-3821,0,no alteration,no alteration,no alteration,no alteration,no alteration
289,coadread_tcga_pan_can_atlas_2018,TCGA-AA-3831-01,TCGA-AA-3831,0,no alteration,no alteration,no alteration,no alteration,no alteration
290,coadread_tcga_pan_can_atlas_2018,TCGA-AA-3833-01,TCGA-AA-3833,0,no alteration,no alteration,no alteration,no alteration,no alteration
291,coadread_tcga_pan_can_atlas_2018,TCGA-AA-3837-01,TCGA-AA-3837,0,no alteration,no alteration,no alteration,no alteration,no alteration
292,coadread_tcga_pan_can_atlas_2018,TCGA-AA-3841-01,TCGA-AA-3841,0,no alteration,no alteration,no alteration,no alteration,no alteration
293,coadread_tcga_pan_can_atlas_2018,TCGA-AA-3842-01,TCGA-AA-3842,0,no alteration,no alteration,no alteration,no alteration,no alteration
294,coadread_tcga_pan_can_atlas_2018,TCGA-AA-3844-01,TCGA-AA-3844,0,no alteration,no alteration,no alteration,no alteration,no alteration
295,coadread_tcga_pan_can_atlas_2018,TCGA-AA-3845-01,TCGA-AA-3845,0,no alteration,no alteration,no alteration,no alteration,no alteration
296,coadread_tcga_pan_can_atlas_2018,TCGA-AA-3846-01,TCGA-AA-3846,0,no alteration,no alteration,no alteration,no alteration,no alteration
297,coadread_tcga_pan_can_atlas_2018,TCGA-AA-3848-01,TCGA-AA-3848,0,no alteration,no alteration,no alteration,no alteration,no alteration
298,coadread_tcga_pan_can_atlas_2018,TCGA-AA-3850-01,TCGA-AA-3850,0,no alteration,no alteration,no alteration,no alteration,no alteration
299,coadread_tcga_pan_can_atlas_2018,TCGA-AA-3851-01,TCGA-AA-3851,0,no alteration,no alteration,no alteration,no alteration,no alteration
300,coadread_tcga_pan_can_atlas_2018,TCGA-AA-3852-01,TCGA-AA-3852,0,no alteration,no alteration,no alteration,no alteration,no alteration
301,coadread_tcga_pan_can_atlas_2018,TCGA-AA-3854-01,TCGA-AA-3854,0,no alteration,no alteration,no alteration,no alteration,no alteration
302,coadread_tcga_pan_can_atlas_2018,TCGA-AA-3855-01,TCGA-AA-3855,0,no alteration,no alteration,no alteration,no alteration,no alteration
303,coadread_tcga_pan_can_atlas_2018,TCGA-AA-3858-01,TCGA-AA-3858,0,no alteration,no alteration,no alteration,no alteration,no alteration
304,coadread_tcga_pan_can_atlas_2018,TCGA-AA-3864-01,TCGA-AA-3864,0,no alteration,no alteration,no alteration,no alteration,no alteration
305,coadread_tcga_pan_can_atlas_2018,TCGA-AA-3866-01,TCGA-AA-3866,0,no alteration,no alteration,no alteration,no alteration,no alteration
306,coadread_tcga_pan_can_atlas_2018,TCGA-AA-3867-01,TCGA-AA-3867,0,no alteration,no alteration,no alteration,no alteration,no alteration
307,coadread_tcga_pan_can_atlas_2018,TCGA-AA-3869-01,TCGA-AA-3869,0,no alteration,not profiled,no alteration,no alteration,not profiled
308,coadread_tcga_pan_can_atlas_2018,TCGA-AA-3870-01,TCGA-AA-3870,0,no alteration,not profiled,no alteration,no alteration,not profiled
309,coadread_tcga_pan_can_atlas_2018,TCGA-AA-3872-01,TCGA-AA-3872,0,no alteration,not profiled,no alteration,no alteration,not profiled
310,coadread_tcga_pan_can_atlas_2018,TCGA-AA-3875-01,TCGA-AA-3875,0,no alteration,no alteration,no alteration,no alteration,no alteration
311,coadread_tcga_pan_can_atlas_2018,TCGA-AA-3877-01,TCGA-AA-3877,0,no alteration,no alteration,no alteration,no alteration,no alteration
312,coadread_tcga_pan_can_atlas_2018,TCGA-AA-3930-01,TCGA-AA-3930,0,no alteration,not profiled,no alteration,no alteration,not profiled
313,coadread_tcga_pan_can_atlas_2018,TCGA-AA-3939-01,TCGA-AA-3939,0,no alteration,not profiled,no alteration,no alteration,not profiled
314,coadread_tcga_pan_can_atlas_2018,TCGA-AA-3941-01,TCGA-AA-3941,0,no alteration,not profiled,no alteration,no alteration,not profiled
315,coadread_tcga_pan_can_atlas_2018,TCGA-AA-3947-01,TCGA-AA-3947,0,no alteration,no alteration,no alteration,no alteration,no alteration
316,coadread_tcga_pan_can_atlas_2018,TCGA-AA-3949-01,TCGA-AA-3949,0,no alteration,no alteration,no alteration,no alteration,no alteration
317,coadread_tcga_pan_can_atlas_2018,TCGA-AA-3950-01,TCGA-AA-3950,0,no alteration,no alteration,no alteration,no alteration,no alteration
318,coadread_tcga_pan_can_atlas_2018,TCGA-AA-3952-01,TCGA-AA-3952,0,no alteration,no alteration,no alteration,no alteration,no alteration
319,coadread_tcga_pan_can_atlas_2018,TCGA-AA-3955-01,TCGA-AA-3955,0,no alteration,no alteration,no alteration,no alteration,no alteration
320,coadread_tcga_pan_can_atlas_2018,TCGA-AA-3956-01,TCGA-AA-3956,0,no alteration,no alteration,no alteration,no alteration,no alteration
321,coadread_tcga_pan_can_atlas_2018,TCGA-AA-3966-01,TCGA-AA-3966,0,no alteration,no alteration,no alteration,no alteration,no alteration
322,coadread_tcga_pan_can_atlas_2018,TCGA-AA-3968-01,TCGA-AA-3968,0,no alteration,no alteration,no alteration,no alteration,no alteration
323,coadread_tcga_pan_can_atlas_2018,TCGA-AA-3971-01,TCGA-AA-3971,0,no alteration,no alteration,no alteration,no alteration,no alteration
324,coadread_tcga_pan_can_atlas_2018,TCGA-AA-3973-01,TCGA-AA-3973,0,no alteration,no alteration,no alteration,no alteration,no alteration
325,coadread_tcga_pan_can_atlas_2018,TCGA-AA-3975-01,TCGA-AA-3975,0,no alteration,no alteration,no alteration,no alteration,no alteration
326,coadread_tcga_pan_can_atlas_2018,TCGA-AA-3976-01,TCGA-AA-3976,0,no alteration,no alteration,no alteration,no alteration,no alteration
327,coadread_tcga_pan_can_atlas_2018,TCGA-AA-3977-01,TCGA-AA-3977,0,no alteration,no alteration,no alteration,no alteration,no alteration
328,coadread_tcga_pan_can_atlas_2018,TCGA-AA-3979-01,TCGA-AA-3979,0,no alteration,no alteration,no alteration,no alteration,no alteration
329,coadread_tcga_pan_can_atlas_2018,TCGA-AA-3980-01,TCGA-AA-3980,0,no alteration,no alteration,not profiled,not profiled,no alteration
330,coadread_tcga_pan_can_atlas_2018,TCGA-AA-3982-01,TCGA-AA-3982,0,no alteration,no alteration,no alteration,no alteration,no alteration
331,coadread_tcga_pan_can_atlas_2018,TCGA-AA-3984-01,TCGA-AA-3984,0,no alteration,no alteration,no alteration,no alteration,no alteration
332,coadread_tcga_pan_can_atlas_2018,TCGA-AA-3986-01,TCGA-AA-3986,0,no alteration,no alteration,no alteration,no alteration,no alteration
333,coadread_tcga_pan_can_atlas_2018,TCGA-AA-3989-01,TCGA-AA-3989,0,no alteration,no alteration,no alteration,no alteration,no alteration
334,coadread_tcga_pan_can_atlas_2018,TCGA-AA-3994-01,TCGA-AA-3994,0,no alteration,no alteration,no alteration,no alteration,no alteration
335,coadread_tcga_pan_can_atlas_2018,TCGA-AA-A004-01,TCGA-AA-A004,0,no alteration,no alteration,no alteration,no alteration,no alteration
336,coadread_tcga_pan_can_atlas_2018,TCGA-AA-A00A-01,TCGA-AA-A00A,0,no alteration,not profiled,no alteration,no alteration,not profiled
337,coadread_tcga_pan_can_atlas_2018,TCGA-AA-A00D-01,TCGA-AA-A00D,0,no alteration,not profiled,no alteration,no alteration,not profiled
338,coadread_tcga_pan_can_atlas_2018,TCGA-AA-A00E-01,TCGA-AA-A00E,0,no alteration,not profiled,no alteration,no alteration,not profiled
339,coadread_tcga_pan_can_atlas_2018,TCGA-AA-A00F-01,TCGA-AA-A00F,0,no alteration,not profiled,no alteration,no alteration,not profiled
340,coadread_tcga_pan_can_atlas_2018,TCGA-AA-A00J-01,TCGA-AA-A00J,0,no alteration,not profiled,no alteration,no alteration,not profiled
341,coadread_tcga_pan_can_atlas_2018,TCGA-AA-A00K-01,TCGA-AA-A00K,0,no alteration,not profiled,no alteration,no alteration,not profiled
342,coadread_tcga_pan_can_atlas_2018,TCGA-AA-A00L-01,TCGA-AA-A00L,0,no alteration,not profiled,no alteration,no alteration,not profiled
343,coadread_tcga_pan_can_atlas_2018,TCGA-AA-A00N-01,TCGA-AA-A00N,0,no alteration,no alteration,no alteration,no alteration,no alteration
344,coadread_tcga_pan_can_atlas_2018,TCGA-AA-A00O-01,TCGA-AA-A00O,0,no alteration,not profiled,no alteration,no alteration,not profiled
345,coadread_tcga_pan_can_atlas_2018,TCGA-AA-A00Q-01,TCGA-AA-A00Q,0,no alteration,not profiled,no alteration,no alteration,not profiled
346,coadread_tcga_pan_can_atlas_2018,TCGA-AA-A00R-01,TCGA-AA-A00R,0,no alteration,not profiled,no alteration,no alteration,not profiled
347,coadread_tcga_pan_can_atlas_2018,TCGA-AA-A00U-01,TCGA-AA-A00U,0,no alteration,not profiled,no alteration,no alteration,not profiled
348,coadread_tcga_pan_can_atlas_2018,TCGA-AA-A00W-01,TCGA-AA-A00W,0,no alteration,not profiled,no alteration,no alteration,not profiled
349,coadread_tcga_pan_can_atlas_2018,TCGA-AA-A00Z-01,TCGA-AA-A00Z,0,no alteration,no alteration,no alteration,no alteration,no alteration
350,coadread_tcga_pan_can_atlas_2018,TCGA-AA-A010-01,TCGA-AA-A010,0,no alteration,no alteration,no alteration,no alteration,no alteration
351,coadread_tcga_pan_can_atlas_2018,TCGA-AA-A017-01,TCGA-AA-A017,0,no alteration,no alteration,no alteration,no alteration,no alteration
352,coadread_tcga_pan_can_atlas_2018,TCGA-AA-A01C-01,TCGA-AA-A01C,0,no alteration,no alteration,no alteration,no alteration,no alteration
353,coadread_tcga_pan_can_atlas_2018,TCGA-AA-A01D-01,TCGA-AA-A01D,0,no alteration,not profiled,no alteration,no alteration,not profiled
354,coadread_tcga_pan_can_atlas_2018,TCGA-AA-A01F-01,TCGA-AA-A01F,0,no alteration,not profiled,no alteration,no alteration,not profiled
355,coadread_tcga_pan_can_atlas_2018,TCGA-AA-A01G-01,TCGA-AA-A01G,0,no alteration,not profiled,no alteration,no alteration,not profiled
356,coadread_tcga_pan_can_atlas_2018,TCGA-AA-A01I-01,TCGA-AA-A01I,0,no alteration,no alteration,no alteration,no alteration,no alteration
357,coadread_tcga_pan_can_atlas_2018,TCGA-AA-A01K-01,TCGA-AA-A01K,0,no alteration,not profiled,no alteration,no alteration,not profiled
358,coadread_tcga_pan_can_atlas_2018,TCGA-AA-A01P-01,TCGA-AA-A01P,0,no alteration,no alteration,no alteration,no alteration,no alteration
359,coadread_tcga_pan_can_atlas_2018,TCGA-AA-A01Q-01,TCGA-AA-A01Q,0,no alteration,not profiled,no alteration,no alteration,not profiled
360,coadread_tcga_pan_can_atlas_2018,TCGA-AA-A01R-01,TCGA-AA-A01R,0,no alteration,no alteration,no alteration,no alteration,no alteration
361,coadread_tcga_pan_can_atlas_2018,TCGA-AA-A01S-01,TCGA-AA-A01S,0,no alteration,no alteration,no alteration,no alteration,no alteration
362,coadread_tcga_pan_can_atlas_2018,TCGA-AA-A01T-01,TCGA-AA-A01T,0,no alteration,no alteration,no alteration,no alteration,no alteration
363,coadread_tcga_pan_can_atlas_2018,TCGA-AA-A01V-01,TCGA-AA-A01V,0,no alteration,no alteration,no alteration,no alteration,no alteration
364,coadread_tcga_pan_can_atlas_2018,TCGA-AA-A01Z-01,TCGA-AA-A01Z,0,no alteration,no alteration,no alteration,no alteration,no alteration
365,coadread_tcga_pan_can_atlas_2018,TCGA-AA-A022-01,TCGA-AA-A022,0,no alteration,no alteration,no alteration,no alteration,no alteration
366,coadread_tcga_pan_can_atlas_2018,TCGA-AA-A024-01,TCGA-AA-A024,0,no alteration,no alteration,no alteration,no alteration,no alteration
367,coadread_tcga_pan_can_atlas_2018,TCGA-AA-A029-01,TCGA-AA-A029,0,no alteration,not profiled,no alteration,no alteration,not profiled
368,coadread_tcga_pan_can_atlas_2018,TCGA-AA-A02E-01,TCGA-AA-A02E,0,no alteration,no alteration,no alteration,no alteration,no alteration
369,coadread_tcga_pan_can_atlas_2018,TCGA-AA-A02F-01,TCGA-AA-A02F,0,no alteration,no alteration,no alteration,no alteration,no alteration
370,coadread_tcga_pan_can_atlas_2018,TCGA-AA-A02H-01,TCGA-AA-A02H,0,no alteration,no alteration,no alteration,no alteration,no alteration
371,coadread_tcga_pan_can_atlas_2018,TCGA-AA-A02J-01,TCGA-AA-A02J,0,no alteration,not profiled,no alteration,no alteration,not profiled
372,coadread_tcga_pan_can_atlas_2018,TCGA-AA-A02O-01,TCGA-AA-A02O,0,no alteration,no alteration,no alteration,no alteration,no alteration
373,coadread_tcga_pan_can_atlas_2018,TCGA-AA-A02R-01,TCGA-AA-A02R,0,no alteration,no alteration,no alteration,no alteration,no alteration
374,coadread_tcga_pan_can_atlas_2018,TCGA-AA-A02W-01,TCGA-AA-A02W,0,no alteration,no alteration,no alteration,no alteration,no alteration
375,coadread_tcga_pan_can_atlas_2018,TCGA-AA-A02Y-01,TCGA-AA-A02Y,0,no alteration,no alteration,no alteration,no alteration,no alteration
376,coadread_tcga_pan_can_atlas_2018,TCGA-AA-A03F-01,TCGA-AA-A03F,0,no alteration,no alteration,no alteration,no alteration,no alteration
377,coadread_tcga_pan_can_atlas_2018,TCGA-AA-A03J-01,TCGA-AA-A03J,0,no alteration,no alteration,no alteration,no alteration,no alteration
378,coadread_tcga_pan_can_atlas_2018,TCGA-AD-6548-01,TCGA-AD-6548,0,no alteration,no alteration,no alteration,no alteration,no alteration
379,coadread_tcga_pan_can_atlas_2018,TCGA-AD-6888-01,TCGA-AD-6888,0,no alteration,no alteration,no alteration,no alteration,no alteration
380,coadread_tcga_pan_can_atlas_2018,TCGA-AD-6889-01,TCGA-AD-6889,0,no alteration,no alteration,no alteration,no alteration,no alteration
381,coadread_tcga_pan_can_atlas_2018,TCGA-AD-6890-01,TCGA-AD-6890,0,no alteration,no alteration,no alteration,no alteration,no alteration
382,coadread_tcga_pan_can_atlas_2018,TCGA-AD-6895-01,TCGA-AD-6895,0,no alteration,no alteration,no alteration,no alteration,no alteration
383,coadread_tcga_pan_can_atlas_2018,TCGA-AD-6899-01,TCGA-AD-6899,0,no alteration,no alteration,no alteration,no alteration,no alteration
384,coadread_tcga_pan_can_atlas_2018,TCGA-AD-6901-01,TCGA-AD-6901,0,no alteration,no alteration,no alteration,no alteration,no alteration
385,coadread_tcga_pan_can_atlas_2018,TCGA-AD-6963-01,TCGA-AD-6963,0,no alteration,no alteration,no alteration,no alteration,no alteration
386,coadread_tcga_pan_can_atlas_2018,TCGA-AD-6964-01,TCGA-AD-6964,0,no alteration,no alteration,no alteration,no alteration,no alteration
387,coadread_tcga_pan_can_atlas_2018,TCGA-AD-6965-01,TCGA-AD-6965,0,no alteration,no alteration,no alteration,no alteration,no alteration
388,coadread_tcga_pan_can_atlas_2018,TCGA-AD-A5EJ-01,TCGA-AD-A5EJ,0,no alteration,no alteration,no alteration,no alteration,no alteration
389,coadread_tcga_pan_can_atlas_2018,TCGA-AD-A5EK-01,TCGA-AD-A5EK,0,no alteration,no alteration,no alteration,no alteration,no alteration
390,coadread_tcga_pan_can_atlas_2018,TCGA-AM-5820-01,TCGA-AM-5820,0,no alteration,no alteration,no alteration,no alteration,no alteration
391,coadread_tcga_pan_can_atlas_2018,TCGA-AU-3779-01,TCGA-AU-3779,0,no alteration,no alteration,no alteration,no alteration,no alteration
392,coadread_tcga_pan_can_atlas_2018,TCGA-AU-6004-01,TCGA-AU-6004,0,no alteration,no alteration,no alteration,no alteration,no alteration
393,coadread_tcga_pan_can_atlas_2018,TCGA-AY-4070-01,TCGA-AY-4070,0,no alteration,no alteration,no alteration,no alteration,no alteration
394,coadread_tcga_pan_can_atlas_2018,TCGA-AY-4071-01,TCGA-AY-4071,0,no alteration,no alteration,no alteration,no alteration,no alteration
395,coadread_tcga_pan_can_atlas_2018,TCGA-AY-5543-01,TCGA-AY-5543,0,no alteration,no alteration,no alteration,no alteration,no alteration
396,coadread_tcga_pan_can_atlas_2018,TCGA-AY-6196-01,TCGA-AY-6196,0,no alteration,no alteration,no alteration,no alteration,no alteration
397,coadread_tcga_pan_can_atlas_2018,TCGA-AY-6197-01,TCGA-AY-6197,0,no alteration,no alteration,no alteration,no alteration,no alteration
398,coadread_tcga_pan_can_atlas_2018,TCGA-AY-6386-01,TCGA-AY-6386,0,no alteration,no alteration,no alteration,no alteration,no alteration
399,coadread_tcga_pan_can_atlas_2018,TCGA-AY-A54L-01,TCGA-AY-A54L,0,no alteration,no alteration,no alteration,no alteration,no alteration
400,coadread_tcga_pan_can_atlas_2018,TCGA-AY-A69D-01,TCGA-AY-A69D,0,no alteration,no alteration,no alteration,no alteration,no alteration
401,coadread_tcga_pan_can_atlas_2018,TCGA-AY-A71X-01,TCGA-AY-A71X,0,no alteration,no alteration,no alteration,no alteration,no alteration
402,coadread_tcga_pan_can_atlas_2018,TCGA-AY-A8YK-01,TCGA-AY-A8YK,0,no alteration,no alteration,no alteration,no alteration,no alteration
403,coadread_tcga_pan_can_atlas_2018,TCGA-AZ-4308-01,TCGA-AZ-4308,0,no alteration,no alteration,no alteration,no alteration,no alteration
404,coadread_tcga_pan_can_atlas_2018,TCGA-AZ-4313-01,TCGA-AZ-4313,0,no alteration,not profiled,no alteration,no alteration,not profiled
405,coadread_tcga_pan_can_atlas_2018,TCGA-AZ-4323-01,TCGA-AZ-4323,0,no alteration,no alteration,no alteration,no alteration,no alteration
406,coadread_tcga_pan_can_atlas_2018,TCGA-AZ-4614-01,TCGA-AZ-4614,0,no alteration,no alteration,no alteration,no alteration,no alteration
407,coadread_tcga_pan_can_atlas_2018,TCGA-AZ-4615-01,TCGA-AZ-4615,0,no alteration,no alteration,no alteration,no alteration,no alteration
408,coadread_tcga_pan_can_atlas_2018,TCGA-AZ-4616-01,TCGA-AZ-4616,0,no alteration,no alteration,no alteration,no alteration,no alteration
409,coadread_tcga_pan_can_atlas_2018,TCGA-AZ-4681-01,TCGA-AZ-4681,0,no alteration,no alteration,no alteration,no alteration,no alteration
410,coadread_tcga_pan_can_atlas_2018,TCGA-AZ-4682-01,TCGA-AZ-4682,0,no alteration,no alteration,no alteration,no alteration,no alteration
411,coadread_tcga_pan_can_atlas_2018,TCGA-AZ-4684-01,TCGA-AZ-4684,0,no alteration,no alteration,no alteration,no alteration,no alteration
412,coadread_tcga_pan_can_atlas_2018,TCGA-AZ-5403-01,TCGA-AZ-5403,0,no alteration,no alteration,no alteration,no alteration,no alteration
413,coadread_tcga_pan_can_atlas_2018,TCGA-AZ-5407-01,TCGA-AZ-5407,0,no alteration,no alteration,no alteration,no alteration,no alteration
414,coadread_tcga_pan_can_atlas_2018,TCGA-AZ-6598-01,TCGA-AZ-6598,0,no alteration,no alteration,no alteration,no alteration,no alteration
415,coadread_tcga_pan_can_atlas_2018,TCGA-AZ-6599-01,TCGA-AZ-6599,0,no alteration,no alteration,no alteration,no alteration,no alteration
416,coadread_tcga_pan_can_atlas_2018,TCGA-AZ-6600-01,TCGA-AZ-6600,0,no alteration,no alteration,no alteration,no alteration,no alteration
417,coadread_tcga_pan_can_atlas_2018,TCGA-AZ-6603-01,TCGA-AZ-6603,0,no alteration,no alteration,no alteration,no alteration,no alteration
418,coadread_tcga_pan_can_atlas_2018,TCGA-AZ-6605-01,TCGA-AZ-6605,0,no alteration,no alteration,no alteration,no alteration,no alteration
419,coadread_tcga_pan_can_atlas_2018,TCGA-AZ-6606-01,TCGA-AZ-6606,0,no alteration,no alteration,no alteration,no alteration,no alteration
420,coadread_tcga_pan_can_atlas_2018,TCGA-AZ-6607-01,TCGA-AZ-6607,0,no alteration,no alteration,no alteration,no alteration,no alteration
421,coadread_tcga_pan_can_atlas_2018,TCGA-CA-5254-01,TCGA-CA-5254,0,no alteration,no alteration,no alteration,no alteration,no alteration
422,coadread_tcga_pan_can_atlas_2018,TCGA-CA-5255-01,TCGA-CA-5255,0,no alteration,no alteration,no alteration,no alteration,no alteration
423,coadread_tcga_pan_can_atlas_2018,TCGA-CA-5256-01,TCGA-CA-5256,0,no alteration,no alteration,no alteration,no alteration,no alteration
424,coadread_tcga_pan_can_atlas_2018,TCGA-CA-5796-01,TCGA-CA-5796,0,no alteration,no alteration,no alteration,no alteration,no alteration
425,coadread_tcga_pan_can_atlas_2018,TCGA-CA-5797-01,TCGA-CA-5797,0,no alteration,no alteration,no alteration,no alteration,no alteration
426,coadread_tcga_pan_can_atlas_2018,TCGA-CA-6715-01,TCGA-CA-6715,0,no alteration,no alteration,no alteration,no alteration,no alteration
427,coadread_tcga_pan_can_atlas_2018,TCGA-CA-6716-01,TCGA-CA-6716,0,no alteration,no alteration,no alteration,no alteration,no alteration
428,coadread_tcga_pan_can_atlas_2018,TCGA-CA-6717-01,TCGA-CA-6717,0,no alteration,no alteration,no alteration,no alteration,no alteration
429,coadread_tcga_pan_can_atlas_2018,TCGA-CA-6718-01,TCGA-CA-6718,0,no alteration,no alteration,no alteration,no alteration,no alteration
430,coadread_tcga_pan_can_atlas_2018,TCGA-CA-6719-01,TCGA-CA-6719,0,no alteration,no alteration,no alteration,no alteration,no alteration
431,coadread_tcga_pan_can_atlas_2018,TCGA-CK-4947-01,TCGA-CK-4947,0,no alteration,no alteration,no alteration,no alteration,no alteration
432,coadread_tcga_pan_can_atlas_2018,TCGA-CK-4948-01,TCGA-CK-4948,0,no alteration,no alteration,no alteration,no alteration,no alteration
433,coadread_tcga_pan_can_atlas_2018,TCGA-CK-4950-01,TCGA-CK-4950,0,no alteration,no alteration,no alteration,no alteration,no alteration
434,coadread_tcga_pan_can_atlas_2018,TCGA-CK-4951-01,TCGA-CK-4951,0,no alteration,no alteration,no alteration,no alteration,no alteration
435,coadread_tcga_pan_can_atlas_2018,TCGA-CK-4952-01,TCGA-CK-4952,0,no alteration,no alteration,no alteration,no alteration,no alteration
436,coadread_tcga_pan_can_atlas_2018,TCGA-CK-5912-01,TCGA-CK-5912,0,no alteration,no alteration,no alteration,no alteration,no alteration
437,coadread_tcga_pan_can_atlas_2018,TCGA-CK-5913-01,TCGA-CK-5913,0,no alteration,no alteration,no alteration,no alteration,no alteration
438,coadread_tcga_pan_can_atlas_2018,TCGA-CK-5914-01,TCGA-CK-5914,0,no alteration,no alteration,no alteration,no alteration,no alteration
439,coadread_tcga_pan_can_atlas_2018,TCGA-CK-5915-01,TCGA-CK-5915,0,no alteration,no alteration,no alteration,no alteration,no alteration
440,coadread_tcga_pan_can_atlas_2018,TCGA-CK-5916-01,TCGA-CK-5916,0,no alteration,no alteration,no alteration,no alteration,no alteration
441,coadread_tcga_pan_can_atlas_2018,TCGA-CK-6746-01,TCGA-CK-6746,0,no alteration,no alteration,no alteration,no alteration,no alteration
442,coadread_tcga_pan_can_atlas_2018,TCGA-CK-6747-01,TCGA-CK-6747,0,no alteration,no alteration,no alteration,no alteration,no alteration
443,coadread_tcga_pan_can_atlas_2018,TCGA-CK-6748-01,TCGA-CK-6748,0,no alteration,no alteration,no alteration,no alteration,no alteration
444,coadread_tcga_pan_can_atlas_2018,TCGA-CK-6751-01,TCGA-CK-6751,0,no alteration,no alteration,no alteration,no alteration,no alteration
445,coadread_tcga_pan_can_atlas_2018,TCGA-CM-4743-01,TCGA-CM-4743,0,no alteration,no alteration,no alteration,no alteration,no alteration
446,coadread_tcga_pan_can_atlas_2018,TCGA-CM-4744-01,TCGA-CM-4744,0,no alteration,no alteration,no alteration,no alteration,no alteration
447,coadread_tcga_pan_can_atlas_2018,TCGA-CM-4746-01,TCGA-CM-4746,0,no alteration,no alteration,no alteration,no alteration,no alteration
448,coadread_tcga_pan_can_atlas_2018,TCGA-CM-4747-01,TCGA-CM-4747,0,no alteration,no alteration,no alteration,no alteration,no alteration
449,coadread_tcga_pan_can_atlas_2018,TCGA-CM-4748-01,TCGA-CM-4748,0,no alteration,no alteration,no alteration,no alteration,no alteration
450,coadread_tcga_pan_can_atlas_2018,TCGA-CM-4750-01,TCGA-CM-4750,0,no alteration,no alteration,no alteration,no alteration,no alteration
451,coadread_tcga_pan_can_atlas_2018,TCGA-CM-4751-01,TCGA-CM-4751,0,no alteration,no alteration,no alteration,no alteration,no alteration
452,coadread_tcga_pan_can_atlas_2018,TCGA-CM-4752-01,TCGA-CM-4752,0,no alteration,no alteration,no alteration,no alteration,no alteration
453,coadread_tcga_pan_can_atlas_2018,TCGA-CM-5341-01,TCGA-CM-5341,0,no alteration,no alteration,no alteration,no alteration,no alteration
454,coadread_tcga_pan_can_atlas_2018,TCGA-CM-5344-01,TCGA-CM-5344,0,no alteration,no alteration,no alteration,no alteration,no alteration
455,coadread_tcga_pan_can_atlas_2018,TCGA-CM-5348-01,TCGA-CM-5348,0,no alteration,no alteration,no alteration,no alteration,no alteration
456,coadread_tcga_pan_can_atlas_2018,TCGA-CM-5349-01,TCGA-CM-5349,0,no alteration,no alteration,no alteration,no alteration,no alteration
457,coadread_tcga_pan_can_atlas_2018,TCGA-CM-5860-01,TCGA-CM-5860,0,no alteration,no alteration,no alteration,no alteration,no alteration
458,coadread_tcga_pan_can_atlas_2018,TCGA-CM-5861-01,TCGA-CM-5861,0,no alteration,no alteration,no alteration,no alteration,no alteration
459,coadread_tcga_pan_can_atlas_2018,TCGA-CM-5863-01,TCGA-CM-5863,0,no alteration,no alteration,no alteration,no alteration,no alteration
460,coadread_tcga_pan_can_atlas_2018,TCGA-CM-5864-01,TCGA-CM-5864,0,no alteration,no alteration,no alteration,no alteration,no alteration
461,coadread_tcga_pan_can_atlas_2018,TCGA-CM-5868-01,TCGA-CM-5868,0,no alteration,no alteration,no alteration,no alteration,no alteration
462,coadread_tcga_pan_can_atlas_2018,TCGA-CM-6161-01,TCGA-CM-6161,0,no alteration,no alteration,no alteration,no alteration,no alteration
463,coadread_tcga_pan_can_atlas_2018,TCGA-CM-6162-01,TCGA-CM-6162,0,no alteration,no alteration,no alteration,no alteration,no alteration
464,coadread_tcga_pan_can_atlas_2018,TCGA-CM-6163-01,TCGA-CM-6163,0,no alteration,no alteration,no alteration,no alteration,no alteration
465,coadread_tcga_pan_can_atlas_2018,TCGA-CM-6164-01,TCGA-CM-6164,0,no alteration,no alteration,no alteration,no alteration,no alteration
466,coadread_tcga_pan_can_atlas_2018,TCGA-CM-6165-01,TCGA-CM-6165,0,no alteration,no alteration,no alteration,no alteration,no alteration
467,coadread_tcga_pan_can_atlas_2018,TCGA-CM-6166-01,TCGA-CM-6166,0,no alteration,no alteration,no alteration,no alteration,no alteration
468,coadread_tcga_pan_can_atlas_2018,TCGA-CM-6167-01,TCGA-CM-6167,0,no alteration,no alteration,no alteration,no alteration,no alteration
469,coadread_tcga_pan_can_atlas_2018,TCGA-CM-6168-01,TCGA-CM-6168,0,no alteration,no alteration,no alteration,no alteration,no alteration
470,coadread_tcga_pan_can_atlas_2018,TCGA-CM-6169-01,TCGA-CM-6169,0,no alteration,no alteration,no alteration,no alteration,no alteration
471,coadread_tcga_pan_can_atlas_2018,TCGA-CM-6170-01,TCGA-CM-6170,0,no alteration,no alteration,no alteration,no alteration,no alteration
472,coadread_tcga_pan_can_atlas_2018,TCGA-CM-6171-01,TCGA-CM-6171,0,no alteration,no alteration,no alteration,no alteration,no alteration
473,coadread_tcga_pan_can_atlas_2018,TCGA-CM-6172-01,TCGA-CM-6172,0,no alteration,no alteration,no alteration,no alteration,no alteration
474,coadread_tcga_pan_can_atlas_2018,TCGA-CM-6674-01,TCGA-CM-6674,0,no alteration,no alteration,no alteration,no alteration,no alteration
475,coadread_tcga_pan_can_atlas_2018,TCGA-CM-6675-01,TCGA-CM-6675,0,no alteration,no alteration,no alteration,no alteration,no alteration
476,coadread_tcga_pan_can_atlas_2018,TCGA-CM-6676-01,TCGA-CM-6676,0,no alteration,no alteration,no alteration,no alteration,no alteration
477,coadread_tcga_pan_can_atlas_2018,TCGA-CM-6677-01,TCGA-CM-6677,0,no alteration,no alteration,no alteration,no alteration,no alteration
478,coadread_tcga_pan_can_atlas_2018,TCGA-CM-6678-01,TCGA-CM-6678,0,no alteration,no alteration,no alteration,no alteration,no alteration
479,coadread_tcga_pan_can_atlas_2018,TCGA-CM-6679-01,TCGA-CM-6679,0,no alteration,no alteration,no alteration,no alteration,no alteration
480,coadread_tcga_pan_can_atlas_2018,TCGA-CM-6680-01,TCGA-CM-6680,0,no alteration,no alteration,no alteration,no alteration,no alteration
481,coadread_tcga_pan_can_atlas_2018,TCGA-D5-5537-01,TCGA-D5-5537,0,no alteration,no alteration,no alteration,no alteration,no alteration
482,coadread_tcga_pan_can_atlas_2018,TCGA-D5-5538-01,TCGA-D5-5538,0,no alteration,no alteration,no alteration,no alteration,no alteration
483,coadread_tcga_pan_can_atlas_2018,TCGA-D5-5539-01,TCGA-D5-5539,0,no alteration,no alteration,no alteration,no alteration,no alteration
484,coadread_tcga_pan_can_atlas_2018,TCGA-D5-5540-01,TCGA-D5-5540,0,no alteration,no alteration,no alteration,no alteration,no alteration
485,coadread_tcga_pan_can_atlas_2018,TCGA-D5-5541-01,TCGA-D5-5541,0,no alteration,no alteration,no alteration,no alteration,no alteration
486,coadread_tcga_pan_can_atlas_2018,TCGA-D5-6529-01,TCGA-D5-6529,0,no alteration,no alteration,no alteration,no alteration,no alteration
487,coadread_tcga_pan_can_atlas_2018,TCGA-D5-6530-01,TCGA-D5-6530,0,no alteration,no alteration,no alteration,no alteration,no alteration
488,coadread_tcga_pan_can_atlas_2018,TCGA-D5-6531-01,TCGA-D5-6531,0,no alteration,no alteration,no alteration,no alteration,no alteration
489,coadread_tcga_pan_can_atlas_2018,TCGA-D5-6532-01,TCGA-D5-6532,0,no alteration,no alteration,no alteration,no alteration,no alteration
490,coadread_tcga_pan_can_atlas_2018,TCGA-D5-6533-01,TCGA-D5-6533,0,no alteration,no alteration,no alteration,no alteration,no alteration
491,coadread_tcga_pan_can_atlas_2018,TCGA-D5-6534-01,TCGA-D5-6534,0,no alteration,no alteration,no alteration,no alteration,no alteration
492,coadread_tcga_pan_can_atlas_2018,TCGA-D5-6535-01,TCGA-D5-6535,0,no alteration,no alteration,no alteration,no alteration,no alteration
493,coadread_tcga_pan_can_atlas_2018,TCGA-D5-6537-01,TCGA-D5-6537,0,no alteration,no alteration,no alteration,no alteration,no alteration
494,coadread_tcga_pan_can_atlas_2018,TCGA-D5-6538-01,TCGA-D5-6538,0,no alteration,no alteration,no alteration,no alteration,no alteration
495,coadread_tcga_pan_can_atlas_2018,TCGA-D5-6539-01,TCGA-D5-6539,0,no alteration,no alteration,no alteration,no alteration,no alteration
496,coadread_tcga_pan_can_atlas_2018,TCGA-D5-6540-01,TCGA-D5-6540,0,no alteration,no alteration,no alteration,no alteration,no alteration
497,coadread_tcga_pan_can_atlas_2018,TCGA-D5-6541-01,TCGA-D5-6541,0,no alteration,no alteration,no alteration,no alteration,no alteration
498,coadread_tcga_pan_can_atlas_2018,TCGA-D5-6898-01,TCGA-D5-6898,0,no alteration,no alteration,no alteration,no alteration,no alteration
499,coadread_tcga_pan_can_atlas_2018,TCGA-D5-6920-01,TCGA-D5-6920,0,no alteration,no alteration,no alteration,no alteration,no alteration
500,coadread_tcga_pan_can_atlas_2018,TCGA-D5-6922-01,TCGA-D5-6922,0,no alteration,no alteration,no alteration,no alteration,no alteration
501,coadread_tcga_pan_can_atlas_2018,TCGA-D5-6923-01,TCGA-D5-6923,0,no alteration,no alteration,no alteration,no alteration,no alteration
502,coadread_tcga_pan_can_atlas_2018,TCGA-D5-6924-01,TCGA-D5-6924,0,no alteration,no alteration,no alteration,no alteration,no alteration
503,coadread_tcga_pan_can_atlas_2018,TCGA-D5-6926-01,TCGA-D5-6926,0,no alteration,no alteration,no alteration,no alteration,no alteration
504,coadread_tcga_pan_can_atlas_2018,TCGA-D5-6927-01,TCGA-D5-6927,0,no alteration,no alteration,no alteration,no alteration,no alteration
505,coadread_tcga_pan_can_atlas_2018,TCGA-D5-6929-01,TCGA-D5-6929,0,no alteration,no alteration,no alteration,no alteration,no alteration
506,coadread_tcga_pan_can_atlas_2018,TCGA-D5-6930-01,TCGA-D5-6930,0,no alteration,no alteration,no alteration,no alteration,no alteration
507,coadread_tcga_pan_can_atlas_2018,TCGA-D5-6931-01,TCGA-D5-6931,0,no alteration,no alteration,no alteration,no alteration,no alteration
508,coadread_tcga_pan_can_atlas_2018,TCGA-D5-6932-01,TCGA-D5-6932,0,no alteration,no alteration,no alteration,no alteration,no alteration
509,coadread_tcga_pan_can_atlas_2018,TCGA-D5-7000-01,TCGA-D5-7000,0,no alteration,no alteration,no alteration,no alteration,no alteration
510,coadread_tcga_pan_can_atlas_2018,TCGA-DM-A0X9-01,TCGA-DM-A0X9,0,no alteration,no alteration,no alteration,no alteration,no alteration
511,coadread_tcga_pan_can_atlas_2018,TCGA-DM-A0XD-01,TCGA-DM-A0XD,0,no alteration,no alteration,no alteration,no alteration,no alteration
512,coadread_tcga_pan_can_atlas_2018,TCGA-DM-A0XF-01,TCGA-DM-A0XF,0,no alteration,no alteration,no alteration,no alteration,no alteration
513,coadread_tcga_pan_can_atlas_2018,TCGA-DM-A1D0-01,TCGA-DM-A1D0,0,no alteration,no alteration,no alteration,no alteration,no alteration
514,coadread_tcga_pan_can_atlas_2018,TCGA-DM-A1D4-01,TCGA-DM-A1D4,0,no alteration,no alteration,no alteration,no alteration,no alteration
515,coadread_tcga_pan_can_atlas_2018,TCGA-DM-A1D6-01,TCGA-DM-A1D6,0,no alteration,no alteration,no alteration,no alteration,no alteration
516,coadread_tcga_pan_can_atlas_2018,TCGA-DM-A1D7-01,TCGA-DM-A1D7,0,no alteration,no alteration,no alteration,no alteration,no alteration
517,coadread_tcga_pan_can_atlas_2018,TCGA-DM-A1D8-01,TCGA-DM-A1D8,0,no alteration,no alteration,no alteration,no alteration,no alteration
518,coadread_tcga_pan_can_atlas_2018,TCGA-DM-A1D9-01,TCGA-DM-A1D9,0,no alteration,no alteration,no alteration,no alteration,no alteration
519,coadread_tcga_pan_can_atlas_2018,TCGA-DM-A1DA-01,TCGA-DM-A1DA,0,no alteration,no alteration,no alteration,no alteration,no alteration
520,coadread_tcga_pan_can_atlas_2018,TCGA-DM-A1DB-01,TCGA-DM-A1DB,0,no alteration,no alteration,no alteration,no alteration,no alteration
521,coadread_tcga_pan_can_atlas_2018,TCGA-DM-A1HA-01,TCGA-DM-A1HA,0,no alteration,no alteration,no alteration,no alteration,no alteration
522,coadread_tcga_pan_can_atlas_2018,TCGA-DM-A1HB-01,TCGA-DM-A1HB,0,no alteration,no alteration,no alteration,no alteration,no alteration
523,coadread_tcga_pan_can_atlas_2018,TCGA-DM-A280-01,TCGA-DM-A280,0,no alteration,no alteration,no alteration,no alteration,no alteration
524,coadread_tcga_pan_can_atlas_2018,TCGA-DM-A282-01,TCGA-DM-A282,0,no alteration,no alteration,no alteration,no alteration,no alteration
525,coadread_tcga_pan_can_atlas_2018,TCGA-DM-A285-01,TCGA-DM-A285,0,no alteration,no alteration,no alteration,no alteration,no alteration
526,coadread_tcga_pan_can_atlas_2018,TCGA-DM-A288-01,TCGA-DM-A288,0,no alteration,no alteration,no alteration,no alteration,no alteration
527,coadread_tcga_pan_can_atlas_2018,TCGA-DM-A28A-01,TCGA-DM-A28A,0,no alteration,no alteration,no alteration,no alteration,no alteration
528,coadread_tcga_pan_can_atlas_2018,TCGA-DM-A28C-01,TCGA-DM-A28C,0,no alteration,no alteration,no alteration,no alteration,no alteration
529,coadread_tcga_pan_can_atlas_2018,TCGA-DM-A28E-01,TCGA-DM-A28E,0,no alteration,no alteration,no alteration,no alteration,no alteration
530,coadread_tcga_pan_can_atlas_2018,TCGA-DM-A28G-01,TCGA-DM-A28G,0,no alteration,no alteration,no alteration,no alteration,no alteration
531,coadread_tcga_pan_can_atlas_2018,TCGA-DM-A28H-01,TCGA-DM-A28H,0,no alteration,no alteration,no alteration,no alteration,no alteration
532,coadread_tcga_pan_can_atlas_2018,TCGA-DM-A28K-01,TCGA-DM-A28K,0,no alteration,no alteration,no alteration,no alteration,no alteration
533,coadread_tcga_pan_can_atlas_2018,TCGA-DM-A28M-01,TCGA-DM-A28M,0,no alteration,no alteration,no alteration,no alteration,no alteration
534,coadread_tcga_pan_can_atlas_2018,TCGA-F4-6459-01,TCGA-F4-6459,0,no alteration,no alteration,no alteration,no alteration,no alteration
535,coadread_tcga_pan_can_atlas_2018,TCGA-F4-6460-01,TCGA-F4-6460,0,no alteration,no alteration,no alteration,no alteration,no alteration
536,coadread_tcga_pan_can_atlas_2018,TCGA-F4-6461-01,TCGA-F4-6461,0,no alteration,no alteration,no alteration,no alteration,no alteration
537,coadread_tcga_pan_can_atlas_2018,TCGA-F4-6463-01,TCGA-F4-6463,0,no alteration,no alteration,no alteration,no alteration,no alteration
538,coadread_tcga_pan_can_atlas_2018,TCGA-F4-6569-01,TCGA-F4-6569,0,no alteration,no alteration,no alteration,no alteration,no alteration
539,coadread_tcga_pan_can_atlas_2018,TCGA-F4-6570-01,TCGA-F4-6570,0,no alteration,no alteration,no alteration,no alteration,no alteration
540,coadread_tcga_pan_can_atlas_2018,TCGA-F4-6703-01,TCGA-F4-6703,0,no alteration,no alteration,no alteration,no alteration,no alteration
541,coadread_tcga_pan_can_atlas_2018,TCGA-F4-6704-01,TCGA-F4-6704,0,no alteration,no alteration,no alteration,no alteration,no alteration
542,coadread_tcga_pan_can_atlas_2018,TCGA-F4-6805-01,TCGA-F4-6805,0,no alteration,no alteration,no alteration,no alteration,no alteration
543,coadread_tcga_pan_can_atlas_2018,TCGA-F4-6806-01,TCGA-F4-6806,0,no alteration,no alteration,no alteration,no alteration,no alteration
544,coadread_tcga_pan_can_atlas_2018,TCGA-F4-6807-01,TCGA-F4-6807,0,no alteration,no alteration,no alteration,no alteration,no alteration
545,coadread_tcga_pan_can_atlas_2018,TCGA-F4-6808-01,TCGA-F4-6808,0,no alteration,no alteration,no alteration,no alteration,no alteration
546,coadread_tcga_pan_can_atlas_2018,TCGA-F4-6809-01,TCGA-F4-6809,0,no alteration,no alteration,no alteration,no alteration,no alteration
547,coadread_tcga_pan_can_atlas_2018,TCGA-F4-6854-01,TCGA-F4-6854,0,no alteration,no alteration,no alteration,no alteration,no alteration
548,coadread_tcga_pan_can_atlas_2018,TCGA-F4-6855-01,TCGA-F4-6855,0,no alteration,no alteration,no alteration,no alteration,no alteration
549,coadread_tcga_pan_can_atlas_2018,TCGA-F4-6856-01,TCGA-F4-6856,0,no alteration,no alteration,no alteration,no alteration,no alteration
550,coadread_tcga_pan_can_atlas_2018,TCGA-G4-6293-01,TCGA-G4-6293,0,no alteration,no alteration,no alteration,no alteration,no alteration
551,coadread_tcga_pan_can_atlas_2018,TCGA-G4-6294-01,TCGA-G4-6294,0,no alteration,no alteration,no alteration,no alteration,no alteration
552,coadread_tcga_pan_can_atlas_2018,TCGA-G4-6295-01,TCGA-G4-6295,0,no alteration,no alteration,no alteration,no alteration,no alteration
553,coadread_tcga_pan_can_atlas_2018,TCGA-G4-6297-01,TCGA-G4-6297,0,no alteration,no alteration,no alteration,no alteration,no alteration
554,coadread_tcga_pan_can_atlas_2018,TCGA-G4-6298-01,TCGA-G4-6298,0,no alteration,no alteration,no alteration,no alteration,no alteration
555,coadread_tcga_pan_can_atlas_2018,TCGA-G4-6299-01,TCGA-G4-6299,0,no alteration,no alteration,no alteration,no alteration,no alteration
556,coadread_tcga_pan_can_atlas_2018,TCGA-G4-6302-01,TCGA-G4-6302,0,no alteration,no alteration,no alteration,no alteration,no alteration
557,coadread_tcga_pan_can_atlas_2018,TCGA-G4-6303-01,TCGA-G4-6303,0,no alteration,no alteration,no alteration,no alteration,no alteration
558,coadread_tcga_pan_can_atlas_2018,TCGA-G4-6304-01,TCGA-G4-6304,0,no alteration,no alteration,no alteration,no alteration,no alteration
559,coadread_tcga_pan_can_atlas_2018,TCGA-G4-6306-01,TCGA-G4-6306,0,no alteration,no alteration,no alteration,no alteration,no alteration
560,coadread_tcga_pan_can_atlas_2018,TCGA-G4-6307-01,TCGA-G4-6307,0,no alteration,no alteration,no alteration,no alteration,no alteration
561,coadread_tcga_pan_can_atlas_2018,TCGA-G4-6309-01,TCGA-G4-6309,0,no alteration,no alteration,no alteration,no alteration,no alteration
562,coadread_tcga_pan_can_atlas_2018,TCGA-G4-6311-01,TCGA-G4-6311,0,no alteration,no alteration,no alteration,no alteration,no alteration
563,coadread_tcga_pan_can_atlas_2018,TCGA-G4-6315-01,TCGA-G4-6315,0,no alteration,no alteration,no alteration,no alteration,no alteration
564,coadread_tcga_pan_can_atlas_2018,TCGA-G4-6317-01,TCGA-G4-6317,0,no alteration,no alteration,no alteration,no alteration,no alteration
565,coadread_tcga_pan_can_atlas_2018,TCGA-G4-6320-01,TCGA-G4-6320,0,no alteration,no alteration,no alteration,no alteration,no alteration
566,coadread_tcga_pan_can_atlas_2018,TCGA-G4-6321-01,TCGA-G4-6321,0,no alteration,no alteration,no alteration,no alteration,no alteration
567,coadread_tcga_pan_can_atlas_2018,TCGA-G4-6322-01,TCGA-G4-6322,0,no alteration,no alteration,no alteration,no alteration,no alteration
568,coadread_tcga_pan_can_atlas_2018,TCGA-G4-6323-01,TCGA-G4-6323,0,no alteration,no alteration,no alteration,no alteration,no alteration
569,coadread_tcga_pan_can_atlas_2018,TCGA-G4-6586-01,TCGA-G4-6586,0,no alteration,no alteration,no alteration,no alteration,no alteration
570,coadread_tcga_pan_can_atlas_2018,TCGA-G4-6588-01,TCGA-G4-6588,0,no alteration,no alteration,no alteration,no alteration,no alteration
571,coadread_tcga_pan_can_atlas_2018,TCGA-G4-6626-01,TCGA-G4-6626,0,no alteration,no alteration,no alteration,no alteration,no alteration
572,coadread_tcga_pan_can_atlas_2018,TCGA-G4-6627-01,TCGA-G4-6627,0,no alteration,no alteration,no alteration,no alteration,no alteration
573,coadread_tcga_pan_can_atlas_2018,TCGA-G4-6628-01,TCGA-G4-6628,0,no alteration,no alteration,no alteration,no alteration,no alteration
574,coadread_tcga_pan_can_atlas_2018,TCGA-NH-A50U-01,TCGA-NH-A50U,0,no alteration,no alteration,no alteration,no alteration,no alteration
575,coadread_tcga_pan_can_atlas_2018,TCGA-NH-A50V-01,TCGA-NH-A50V,0,no alteration,no alteration,no alteration,no alteration,no alteration
576,coadread_tcga_pan_can_atlas_2018,TCGA-NH-A5IV-01,TCGA-NH-A5IV,0,no alteration,no alteration,no alteration,no alteration,no alteration
577,coadread_tcga_pan_can_atlas_2018,TCGA-NH-A6GA-01,TCGA-NH-A6GA,0,no alteration,no alteration,no alteration,no alteration,no alteration
578,coadread_tcga_pan_can_atlas_2018,TCGA-NH-A6GB-01,TCGA-NH-A6GB,0,no alteration,no alteration,no alteration,no alteration,no alteration
579,coadread_tcga_pan_can_atlas_2018,TCGA-NH-A6GC-01,TCGA-NH-A6GC,0,no alteration,no alteration,no alteration,no alteration,no alteration
580,coadread_tcga_pan_can_atlas_2018,TCGA-NH-A8F7-01,TCGA-NH-A8F7,0,no alteration,no alteration,no alteration,no alteration,no alteration
581,coadread_tcga_pan_can_atlas_2018,TCGA-NH-A8F8-01,TCGA-NH-A8F8,0,no alteration,no alteration,no alteration,no alteration,no alteration
582,coadread_tcga_pan_can_atlas_2018,TCGA-QG-A5YV-01,TCGA-QG-A5YV,0,no alteration,no alteration,no alteration,no alteration,no alteration
583,coadread_tcga_pan_can_atlas_2018,TCGA-QG-A5YW-01,TCGA-QG-A5YW,0,no alteration,no alteration,no alteration,no alteration,no alteration
584,coadread_tcga_pan_can_atlas_2018,TCGA-QG-A5YX-01,TCGA-QG-A5YX,0,no alteration,no alteration,no alteration,no alteration,no alteration
585,coadread_tcga_pan_can_atlas_2018,TCGA-QG-A5Z1-01,TCGA-QG-A5Z1,0,no alteration,no alteration,no alteration,no alteration,no alteration
586,coadread_tcga_pan_can_atlas_2018,TCGA-QG-A5Z2-01,TCGA-QG-A5Z2,0,no alteration,no alteration,no alteration,no alteration,no alteration
587,coadread_tcga_pan_can_atlas_2018,TCGA-QL-A97D-01,TCGA-QL-A97D,0,no alteration,no alteration,no alteration,no alteration,no alteration
588,coadread_tcga_pan_can_atlas_2018,TCGA-RU-A8FL-01,TCGA-RU-A8FL,0,no alteration,no alteration,no alteration,no alteration,no alteration
589,coadread_tcga_pan_can_atlas_2018,TCGA-SS-A7HO-01,TCGA-SS-A7HO,0,no alteration,no alteration,no alteration,no alteration,no alteration
590,coadread_tcga_pan_can_atlas_2018,TCGA-T9-A92H-01,TCGA-T9-A92H,0,no alteration,no alteration,no alteration,no alteration,no alteration
591,coadread_tcga_pan_can_atlas_2018,TCGA-WS-AB45-01,TCGA-WS-AB45,0,no alteration,no alteration,no alteration,no alteration,no alteration
592,coadread_tcga_pan_can_atlas_2018,TCGA-5M-AAT5-01,TCGA-5M-AAT5,0,no alteration,no alteration,no alteration,no alteration,no alteration
593,coadread_tcga_pan_can_atlas_2018,TCGA-5M-AATA-01,TCGA-5M-AATA,0,no alteration,no alteration,no alteration,no alteration,no alteration
